{
    "attackGarbageMultiplier": 1.0,
    "breakLockMultiplier": 2.0,
    "comboLockMultiplier": 1.5,
    "crossGarbageCount": 8,
    "crossLockTime": 5.0,
    "cursorColor": [
        1.0,
        1.0,
        1.0,
        0.5882353186607361
    ],
    "cursorEasingDuration": 0.10000000149011612,
    "defeatCollapseRatio": 0.699999988079071,
    "garbageColor": [
        0.30000001192092896,
        0.30000001192092896,
        0.30000001192092896,
        1.0
    ],
    "garbageWarningColor": [
        0.5,
        0.5,
        0.5,
        0.5
    ],
    "inactiveGarbageDecayInterval": 10.0,
    "lockColor": [
        0.0,
        0.0,
        0.0,
        0.5
    ],
    "movesPerGarbage": 5,
    "normalGarbageCount": 2,
    "normalLockTime": 1.0,
    "normalMinCount": 3,
    "panelClearEasingDuration": 0.30000001192092896,
    "panelColors": [
        [
            0.800000011920929,
            0.20000000298023224,
            0.20000000298023224,
            1.0
        ],
        [
            0.20000000298023224,
            0.6000000238418579,
            0.800000011920929,
            1.0
        ],
        [
            0.20000000298023224,
            0.800000011920929,
            0.30000001192092896,
            1.0
        ],
        [
            0.800000011920929,
            0.800000011920929,
            0.20000000298023224,
            1.0
        ],
        [
            0.800000011920929,
            0.4000000059604645,
            0.800000011920929,
            1.0
        ],
        [
            0.8999999761581421,
            0.6000000238418579,
            0.20000000298023224,
            1.0
        ],
        [
            0.5,
            0.5,
            0.5,
            1.0
        ],
        [
            0.8999999761581421,
            0.8999999761581421,
            0.8999999761581421,
            1.0
        ]
    ],
    "panelGap": 8.0,
    "panelMoveEasingDuration": 0.15000000596046448,
    "panelScale": 80.0,
    "panelSpawnEasingDuration": 0.15000000596046448,
    "panelTypeCount": 4,
    "remainingTimeLockBonus": 0.5,
    "squareGarbageCount": 12,
    "squareLockTime": 15.0,
    "stageBackgroundColor": [
        0.20000000298023224,
        0.20000000298023224,
        0.20000000298023224,
        1.0
    ],
    "stageSize": 6,
    "straightGarbageCount": 5,
    "straightLockTime": 3.0,
    "straightMinCount": 5,
    "timeLimit": 30.0
}