{
    "cameraFov": 29.41200065612793,
    "cameraHeight": 20.0,
    "cameraZDistance": -12.0,
    "cursorColor": [
        1.0,
        1.0,
        1.0,
        0.501960813999176
    ],
    "cursorEasingDuration": 0.10000000149011612,
    "groundColor": [
        0.30000001192092896,
        0.30000001192092896,
        0.30000001192092896,
        1.0
    ],
    "minMatchCount": 3,
    "panelClearDuration": 0.30000001192092896,
    "panelClearRiseHeight": 0.5120000243186951,
    "panelColors": [
        [
            0.800000011920929,
            0.20000000298023224,
            0.20000000298023224,
            1.0
        ],
        [
            0.20000000298023224,
            0.6000000238418579,
            0.800000011920929,
            1.0
        ],
        [
            0.20000000298023224,
            0.800000011920929,
            0.30000001192092896,
            1.0
        ],
        [
            0.800000011920929,
            0.800000011920929,
            0.20000000298023224,
            1.0
        ],
        [
            0.800000011920929,
            0.4000000059604645,
            0.800000011920929,
            1.0
        ],
        [
            0.8999999761581421,
            0.6000000238418579,
            0.20000000298023224,
            1.0
        ],
        [
            0.5,
            0.5,
            0.5,
            1.0
        ],
        [
            0.8999999761581421,
            0.8999999761581421,
            0.8999999761581421,
            1.0
        ]
    ],
    "panelEasingDuration": 0.25,
    "stageSize": 5
}