mtllib ground.mtl
o Ground
v -7.875 0 -7.875
v -7.625 -0.214752 -7.875
v -7.375 -0.330801 -7.875
v -7.125 -0.321867 -7.875
v -6.875 -0.21535 -7.875
v -6.625 -0.0819147 -7.875
v -6.375 0.00777641 -7.875
v -6.125 0.0263206 -7.875
v -5.875 0 -7.875
v -5.625 -0.0323701 -7.875
v -5.375 -0.0746527 -7.875
v -5.125 -0.140333 -7.875
v -4.875 -0.21535 -7.875
v -4.625 -0.263449 -7.875
v -4.375 -0.248372 -7.875
v -4.125 -0.156061 -7.875
v -3.875 0 -7.875
v -3.625 0.157037 -7.875
v -3.375 0.259164 -7.875
v -3.125 0.299312 -7.875
v -2.875 0.28485 -7.875
v -2.625 0.234782 -7.875
v -2.375 0.168111 -7.875
v -2.125 0.0922064 -7.875
v -1.875 0 -7.875
v -1.625 -0.0899971 -7.875
v -1.375 -0.143687 -7.875
v -1.125 -0.153613 -7.875
v -0.875 -0.12755 -7.875
v -0.625 -0.0855432 -7.875
v -0.375 -0.0476383 -7.875
v -0.125 -0.0216092 -7.875
v 0.125 0 -7.875
v 0.375 0.0213213 -7.875
v 0.625 0.0444552 -7.875
v 0.875 0.0749649 -7.875
v 1.125 0.10705 -7.875
v 1.375 0.125754 -7.875
v 1.625 0.11612 -7.875
v 1.875 0.0723475 -7.875
v 2.125 0 -7.875
v 2.375 -0.0713685 -7.875
v 2.625 -0.105297 -7.875
v 2.875 -0.0897877 -7.875
v 3.125 -0.03735 -7.875
v 3.375 0.0197565 -7.875
v 3.625 0.0492722 -7.875
v 3.875 0.0386873 -7.875
v 4.125 0 -7.875
v 4.375 -0.0377055 -7.875
v 4.625 -0.0384186 -7.875
v 4.875 0.0163129 -7.875
v 5.125 0.10725 -7.875
v 5.375 0.184781 -7.875
v 5.625 0.199294 -7.875
v 5.875 0.131549 -7.875
v 6.125 0 -7.875
v 6.375 -0.129345 -7.875
v 6.625 -0.174931 -7.875
v 6.875 -0.103818 -7.875
v 7.125 0.04965 -7.875
v 7.375 0.196912 -7.875
v 7.625 0.249406 -7.875
v 7.875 0.172789 -7.875
v -7.875 0.0623175 -7.625
v -7.625 -0.131152 -7.625
v -7.375 -0.246107 -7.625
v -7.125 -0.263432 -7.625
v -6.875 -0.206105 -7.625
v -6.625 -0.130435 -7.625
v -6.375 -0.0904822 -7.625
v -6.125 -0.103861 -7.625
v -5.875 -0.147184 -7.625
v -5.625 -0.154662 -7.625
v -5.375 -0.163436 -7.625
v -5.125 -0.187962 -7.625
v -4.875 -0.223087 -7.625
v -4.625 -0.243373 -7.625
v -4.375 -0.219424 -7.625
v -4.125 -0.136658 -7.625
v -3.875 -0.00201965 -7.625
v -3.625 0.133827 -7.625
v -3.375 0.223517 -7.625
v -3.125 0.262572 -7.625
v -2.875 0.258174 -7.625
v -2.625 0.22606 -7.625
v -2.375 0.180581 -7.625
v -2.125 0.125631 -7.625
v -1.875 0.0541089 -7.625
v -1.625 -0.0303533 -7.625
v -1.375 -0.0841374 -7.625
v -1.125 -0.0965543 -7.625
v -0.875 -0.0699719 -7.625
v -0.625 -0.0206811 -7.625
v -0.375 0.0307877 -7.625
v -0.125 0.0719813 -7.625
v 0.125 0.105549 -7.625
v 0.375 0.109488 -7.625
v 0.625 0.108021 -7.625
v 0.875 0.105594 -7.625
v 1.125 0.10104 -7.625
v 1.375 0.086704 -7.625
v 1.625 0.0540656 -7.625
v 1.875 -9.951e-05 -7.625
v 2.125 -0.0729843 -7.625
v 2.375 -0.124555 -7.625
v 2.625 -0.140637 -7.625
v 2.875 -0.112884 -7.625
v 3.125 -0.0558109 -7.625
v 3.375 0.000172342 -7.625
v 3.625 0.0271043 -7.625
v 3.875 0.0162972 -7.625
v 4.125 -0.0192574 -7.625
v 4.375 -0.0490235 -7.625
v 4.625 -0.0489721 -7.625
v 4.875 -0.00776991 -7.625
v 5.125 0.0549886 -7.625
v 5.375 0.0975907 -7.625
v 5.625 0.0823562 -7.625
v 5.875 -0.00071382 -7.625
v 6.125 -0.132638 -7.625
v 6.375 -0.225598 -7.625
v 6.625 -0.237433 -7.625
v 6.875 -0.138924 -7.625
v 7.125 0.0356949 -7.625
v 7.375 0.203326 -7.625
v 7.625 0.28164 -7.625
v 7.875 0.238227 -7.625
v -7.875 0.109854 -7.375
v -7.625 -0.0453371 -7.375
v -7.375 -0.146545 -7.375
v -7.125 -0.181568 -7.375
v -6.875 -0.166795 -7.375
v -6.625 -0.141208 -7.375
v -6.375 -0.140742 -7.375
v -6.125 -0.174538 -7.375
v -5.875 -0.224614 -7.375
v -5.625 -0.216119 -7.375
v -5.375 -0.204051 -7.375
v -5.125 -0.20307 -7.375
v -4.875 -0.214591 -7.375
v -4.625 -0.22199 -7.375
v -4.375 -0.201751 -7.375
v -4.125 -0.138891 -7.375
v -3.875 -0.034995 -7.375
v -3.625 0.0788564 -7.375
v -3.375 0.156523 -7.375
v -3.125 0.193389 -7.375
v -2.875 0.194447 -7.375
v -2.625 0.172634 -7.375
v -2.375 0.140448 -7.375
v -2.125 0.101848 -7.375
v -1.875 0.0513923 -7.375
v -1.625 -0.011615 -7.375
v -1.375 -0.0515766 -7.375
v -1.125 -0.0579594 -7.375
v -0.875 -0.029668 -7.375
v -0.625 0.0222755 -7.375
v -0.375 0.0807942 -7.375
v -0.125 0.132576 -7.375
v 0.125 0.176671 -7.375
v 0.375 0.171392 -7.375
v 0.625 0.15378 -7.375
v 0.875 0.126366 -7.375
v 1.125 0.0916498 -7.375
v 1.375 0.0490487 -7.375
v 1.625 -0.00310352 -7.375
v 1.875 -0.0648868 -7.375
v 2.125 -0.135828 -7.375
v 2.375 -0.167977 -7.375
v 2.625 -0.167651 -7.375
v 2.875 -0.129688 -7.375
v 3.125 -0.0689714 -7.375
v 3.375 -0.0122963 -7.375
v 3.625 0.0173891 -7.375
v 3.875 0.0143454 -7.375
v 4.125 -0.00897114 -7.375
v 4.375 -0.0298491 -7.375
v 4.625 -0.0314046 -7.375
v 4.875 -0.00850668 -7.375
v 5.125 0.021931 -7.375
v 5.375 0.0292549 -7.375
v 5.625 -0.0110031 -7.375
v 5.875 -0.10104 -7.375
v 6.125 -0.223994 -7.375
v 6.375 -0.282678 -7.375
v 6.625 -0.267671 -7.375
v 6.875 -0.154259 -7.375
v 7.125 0.0259252 -7.375
v 7.375 0.199502 -7.375
v 7.625 0.294112 -7.375
v 7.875 0.280557 -7.375
v -7.875 0.144738 -7.125
v -7.625 0.0465468 -7.125
v -7.375 -0.026839 -7.125
v -7.125 -0.0692574 -7.125
v -6.875 -0.0878937 -7.125
v -6.625 -0.101495 -7.125
v -6.375 -0.127 -7.125
v -6.125 -0.167296 -7.125
v -5.875 -0.212794 -7.125
v -5.625 -0.201708 -7.125
v -5.375 -0.187722 -7.125
v -5.125 -0.185843 -7.125
v -4.875 -0.200551 -7.125
v -4.625 -0.21939 -7.125
v -4.375 -0.221039 -7.125
v -4.125 -0.188884 -7.125
v -3.875 -0.121118 -7.125
v -3.625 -0.0200692 -7.125
v -3.375 0.0528275 -7.125
v -3.125 0.0876073 -7.125
v -2.875 0.0847554 -7.125
v -2.625 0.0574591 -7.125
v -2.375 0.0231107 -7.125
v -2.125 -0.00779952 -7.125
v -1.875 -0.0372617 -7.125
v -1.625 -0.0552994 -7.125
v -1.375 -0.0611435 -7.125
v -1.125 -0.0495576 -7.125
v -0.875 -0.0181893 -7.125
v -0.625 0.0305897 -7.125
v -0.375 0.0898122 -7.125
v -0.125 0.150896 -7.125
v 0.125 0.21036 -7.125
v 0.375 0.211205 -7.125
v 0.625 0.190871 -7.125
v 0.875 0.148693 -7.125
v 1.125 0.0898017 -7.125
v 1.375 0.0209346 -7.125
v 1.625 -0.0515498 -7.125
v 1.875 -0.123423 -7.125
v 2.125 -0.19607 -7.125
v 2.375 -0.21313 -7.125
v 2.625 -0.199411 -7.125
v 2.875 -0.151927 -7.125
v 3.125 -0.0845352 -7.125
v 3.375 -0.019544 -7.125
v 3.625 0.0246741 -7.125
v 3.875 0.0436303 -7.125
v 4.125 0.0477783 -7.125
v 4.375 0.0381684 -7.125
v 4.625 0.0326355 -7.125
v 4.875 0.0317242 -7.125
v 5.125 0.0247543 -7.125
v 5.375 -0.00489028 -7.125
v 5.625 -0.0678807 -7.125
v 5.875 -0.160753 -7.125
v 6.125 -0.271687 -7.125
v 6.375 -0.304897 -7.125
v 6.625 -0.272373 -7.125
v 6.875 -0.15274 -7.125
v 7.125 0.025855 -7.125
v 7.375 0.19937 -7.125
v 7.625 0.304322 -7.125
v 7.875 0.313903 -7.125
v -7.875 0.16475 -6.875
v -7.625 0.135472 -6.875
v -7.375 0.100241 -6.875
v -7.125 0.0603357 -6.875
v -6.875 0.01895 -6.875
v -6.625 -0.0219448 -6.875
v -6.375 -0.0612455 -6.875
v -6.125 -0.0978251 -6.875
v -5.875 -0.13205 -6.875
v -5.625 -0.130967 -6.875
v -5.375 -0.132231 -6.875
v -5.125 -0.151795 -6.875
v -4.875 -0.19345 -6.875
v -4.625 -0.243218 -6.875
v -4.375 -0.277318 -6.875
v -4.125 -0.276208 -6.875
v -3.875 -0.23725 -6.875
v -3.625 -0.133523 -6.875
v -3.375 -0.0562401 -6.875
v -3.125 -0.0253795 -6.875
v -2.875 -0.044825 -6.875
v -2.625 -0.0952863 -6.875
v -2.375 -0.146355 -6.875
v -2.125 -0.175462 -6.875
v -1.875 -0.1815 -6.875
v -1.625 -0.136852 -6.875
v -1.375 -0.0954666 -6.875
v -1.125 -0.062159 -6.875
v -0.875 -0.03375 -6.875
v -0.625 0.00134818 -6.875
v -0.375 0.0539731 -6.875
v -0.125 0.12552 -6.875
v 0.125 0.20975 -6.875
v 0.375 0.23588 -6.875
v 0.625 0.229036 -6.875
v 0.875 0.1845 -6.875
v 1.125 0.10915 -6.875
v 1.375 0.0169996 -6.875
v 1.625 -0.0769803 -6.875
v 1.875 -0.16363 -6.875
v 2.125 -0.24585 -6.875
v 2.375 -0.258524 -6.875
v 2.625 -0.23933 -6.875
v 2.875 -0.186345 -6.875
v 3.125 -0.11145 -6.875
v 3.375 -0.0324612 -6.875
v 3.625 0.0357907 -6.875
v 3.875 0.0885313 -6.875
v 4.125 0.13335 -6.875
v 4.375 0.140334 -6.875
v 4.625 0.133284 -6.875
v 4.875 0.110215 -6.875
v 5.125 0.068475 -6.875
v 5.375 0.00550878 -6.875
v 5.625 -0.0773929 -6.875
v 5.875 -0.173732 -6.875
v 6.125 -0.2782 -6.875
v 6.375 -0.302508 -6.875
v 6.625 -0.264232 -6.875
v 6.875 -0.142283 -6.875
v 7.125 0.03715 -6.875
v 7.375 0.213264 -6.875
v 7.625 0.324854 -6.875
v 7.875 0.344774 -6.875
v -7.875 0.164168 -6.625
v -7.625 0.205328 -6.625
v -7.375 0.212302 -6.625
v -7.125 0.182153 -6.625
v -6.875 0.127194 -6.625
v -6.625 0.0676485 -6.625
v -6.375 0.0203066 -6.625
v -6.125 -0.0106926 -6.625
v -5.875 -0.0348001 -6.625
v -5.625 -0.0497336 -6.625
v -5.375 -0.0732599 -6.625
v -5.125 -0.122381 -6.625
v -4.875 -0.19754 -6.625
v -4.625 -0.279359 -6.625
v -4.375 -0.338941 -6.625
v -4.125 -0.354081 -6.625
v -3.875 -0.323726 -6.625
v -3.625 -0.205416 -6.625
v -3.375 -0.120509 -6.625
v -3.125 -0.0999261 -6.625
v -2.875 -0.147863 -6.625
v -2.625 -0.232127 -6.625
v -2.375 -0.303886 -6.625
v -2.125 -0.327741 -6.625
v -1.875 -0.303051 -6.625
v -1.625 -0.194655 -6.625
v -1.375 -0.110462 -6.625
v -1.125 -0.0675458 -6.625
v -0.875 -0.0593678 -6.625
v -0.625 -0.054274 -6.625
v -0.375 -0.0174207 -6.625
v -0.125 0.0653198 -6.625
v 0.125 0.182921 -6.625
v 0.375 0.250584 -6.625
v 0.625 0.271581 -6.625
v 0.875 0.23742 -6.625
v 1.125 0.156191 -6.625
v 1.375 0.0482701 -6.625
v 1.625 -0.0637932 -6.625
v 1.875 -0.166727 -6.625
v 2.125 -0.264899 -6.625
v 2.375 -0.288087 -6.625
v 2.625 -0.276436 -6.625
v 2.875 -0.22851 -6.625
v 3.125 -0.15358 -6.625
v 3.375 -0.0649303 -6.625
v 3.625 0.0258159 -6.625
v 3.875 0.113347 -6.625
v 4.125 0.202253 -6.625
v 4.375 0.234081 -6.625
v 4.625 0.235049 -6.625
v 4.875 0.202394 -6.625
v 5.125 0.140255 -6.625
v 5.375 0.0564143 -6.625
v 5.625 -0.0400804 -6.625
v 5.875 -0.142077 -6.625
v 6.125 -0.249938 -6.625
v 6.375 -0.284544 -6.625
v 6.625 -0.252715 -6.625
v 6.875 -0.130318 -6.625
v 7.125 0.0554712 -6.625
v 7.375 0.238659 -6.625
v 7.625 0.351937 -6.625
v 7.875 0.364999 -6.625
v -7.875 0.137271 -6.375
v -7.625 0.240651 -6.375
v -7.375 0.287708 -6.375
v -7.125 0.271209 -6.375
v -6.875 0.209152 -6.375
v -6.625 0.135276 -6.375
v -6.375 0.07897 -6.375
v -6.125 0.0478846 -6.375
v -5.875 0.026539 -6.375
v -5.625 -0.00205732 -6.375
v -5.375 -0.0425297 -6.375
v -5.125 -0.111888 -6.375
v -4.875 -0.206336 -6.375
v -4.625 -0.300731 -6.375
v -4.375 -0.362117 -6.375
v -4.125 -0.368104 -6.375
v -3.875 -0.32088 -6.375
v -3.625 -0.187208 -6.375
v -3.375 -0.101275 -6.375
v -3.125 -0.101094 -6.375
v -2.875 -0.184284 -6.375
v -2.625 -0.300801 -6.375
v -2.375 -0.383488 -6.375
v -2.125 -0.389249 -6.375
v -1.875 -0.323642 -6.375
v -1.625 -0.169109 -6.375
v -1.375 -0.0642908 -6.375
v -1.125 -0.0373313 -6.375
v -0.875 -0.0737263 -6.375
v -0.625 -0.117143 -6.375
v -0.375 -0.106321 -6.375
v -0.125 -0.0150237 -6.375
v 0.125 0.137954 -6.375
v 0.375 0.25456 -6.375
v 0.625 0.311792 -6.375
v 0.875 0.298889 -6.375
v 1.125 0.224872 -6.375
v 1.375 0.114439 -6.375
v 1.625 -0.00518996 -6.375
v 1.875 -0.118992 -6.375
v 2.125 -0.232947 -6.375
v 2.375 -0.280741 -6.375
v 2.625 -0.291524 -6.375
v 2.875 -0.264567 -6.375
v 3.125 -0.20594 -6.375
v 3.375 -0.123665 -6.375
v 3.625 -0.0251277 -6.375
v 3.875 0.0851141 -6.375
v 4.125 0.208996 -6.375
v 4.375 0.274075 -6.375
v 4.625 0.297044 -6.375
v 4.875 0.275352 -6.375
v 5.125 0.216139 -6.375
v 5.375 0.131281 -6.375
v 5.625 0.0322368 -6.375
v 5.875 -0.0748456 -6.375
v 6.125 -0.193306 -6.375
v 6.375 -0.253289 -6.375
v 6.625 -0.238285 -6.375
v 6.875 -0.119333 -6.375
v 7.125 0.0729365 -6.375
v 7.375 0.261443 -6.375
v 7.625 0.367482 -6.375
v 7.875 0.356554 -6.375
v -7.875 0.0818387 -6.125
v -7.625 0.233958 -6.125
v -7.375 0.315486 -6.125
v -7.125 0.314506 -6.125
v -6.875 0.250451 -6.125
v -6.625 0.165014 -6.125
v -6.375 0.0968723 -6.125
v -6.125 0.0582911 -6.125
v -5.875 0.0316405 -6.125
v -5.625 -0.00323144 -6.125
v -5.375 -0.0483966 -6.125
v -5.125 -0.118776 -6.125
v -4.875 -0.206765 -6.125
v -4.625 -0.284119 -6.125
v -4.375 -0.317974 -6.125
v -4.125 -0.289738 -6.125
v -3.875 -0.205574 -6.125
v -3.625 -0.0674401 -6.125
v -3.375 0.00550752 -6.125
v -3.125 -0.0249686 -6.125
v -2.875 -0.14314 -6.125
v -2.625 -0.280015 -6.125
v -2.375 -0.355492 -6.125
v -2.125 -0.327406 -6.125
v -1.875 -0.212921 -6.125
v -1.625 -0.040457 -6.125
v -1.375 0.0550767 -6.125
v -1.125 0.0380753 -6.125
v -0.875 -0.0647268 -6.125
v -0.625 -0.171238 -6.125
v -0.375 -0.195785 -6.125
v -0.125 -0.103108 -6.125
v 0.125 0.0779822 -6.125
v 0.375 0.240663 -6.125
v 0.625 0.335564 -6.125
v 0.875 0.35181 -6.125
v 1.125 0.298985 -6.125
v 1.375 0.203176 -6.125
v 1.625 0.0921767 -6.125
v 1.875 -0.0203793 -6.125
v 2.125 -0.142134 -6.125
v 2.375 -0.223089 -6.125
v 2.625 -0.268433 -6.125
v 2.875 -0.278834 -6.125
v 3.125 -0.256423 -6.125
v 3.375 -0.202502 -6.125
v 3.625 -0.118205 -6.125
v 3.875 -0.00527273 -6.125
v 4.125 0.135939 -6.125
v 4.375 0.239029 -6.125
v 4.625 0.29656 -6.125
v 4.875 0.306539 -6.125
v 5.125 0.27469 -6.125
v 5.375 0.210704 -6.125
v 5.625 0.123605 -6.125
v 5.875 0.0175276 -6.125
v 6.125 -0.110787 -6.125
v 6.375 -0.202929 -6.125
v 6.625 -0.212215 -6.125
v 6.875 -0.105485 -6.125
v 7.125 0.0827813 -6.125
v 7.375 0.264385 -6.125
v 7.625 0.350006 -6.125
v 7.875 0.302506 -6.125
v -7.875 0 -5.875
v -7.625 0.190331 -5.875
v -7.375 0.302345 -5.875
v -7.125 0.319197 -5.875
v -6.875 0.25845 -5.875
v -6.625 0.165397 -5.875
v -6.375 0.0853296 -5.875
v -6.125 0.0358126 -5.875
v -5.875 0 -5.875
v -5.625 -0.0348393 -5.875
v -5.375 -0.0745692 -5.875
v -5.125 -0.129637 -5.875
v -4.875 -0.18915 -5.875
v -4.625 -0.225019 -5.875
v -4.375 -0.209156 -5.875
v -4.125 -0.130667 -5.875
v -3.875 0 -5.875
v -3.625 0.127373 -5.875
v -3.375 0.172736 -5.875
v -3.125 0.103988 -5.875
v -2.875 -0.0454 -5.875
v -2.625 -0.189113 -5.875
v -2.375 -0.240836 -5.875
v -2.125 -0.167098 -5.875
v -1.875 0 -5.875
v -1.625 0.165958 -5.875
v -1.375 0.228244 -5.875
v -1.125 0.147264 -5.875
v -0.875 -0.0357 -5.875
v -0.625 -0.214202 -5.875
v -0.375 -0.281794 -5.875
v -0.125 -0.197196 -5.875
v 0.125 0 -5.875
v 0.375 0.20183 -5.875
v 0.625 0.333026 -5.875
v 0.875 0.384461 -5.875
v 1.125 0.36565 -5.875
v 1.375 0.301133 -5.875
v 1.625 0.215449 -5.875
v 1.875 0.118113 -5.875
v 2.125 0 -5.875
v 2.375 -0.117134 -5.875
v 2.625 -0.204626 -5.875
v 2.875 -0.265167 -5.875
v 3.125 -0.29595 -5.875
v 3.375 -0.289739 -5.875
v 3.625 -0.239299 -5.875
v 3.875 -0.141822 -5.875
v 4.125 0 -5.875
v 4.375 0.14204 -5.875
v 4.625 0.241713 -5.875
v 4.875 0.297763 -5.875
v 5.125 0.3115 -5.875
v 5.375 0.286299 -5.875
v 5.625 0.225537 -5.875
v 5.875 0.130522 -5.875
v 6.125 0 -5.875
v 6.375 -0.12497 -5.875
v 6.625 -0.164157 -5.875
v 6.875 -0.0823187 -5.875
v 7.125 0.0838 -5.875
v 7.375 0.239444 -5.875
v 7.625 0.289857 -5.875
v 7.875 0.198295 -5.875
v -7.875 -0.0810086 -5.625
v -7.625 0.0943936 -5.625
v -7.375 0.2056 -5.625
v -7.125 0.235602 -5.625
v -6.875 0.195215 -5.625
v -6.625 0.12064 -5.625
v -6.375 0.051048 -5.625
v -6.125 0.00432462 -5.625
v -5.875 -0.0309031 -5.625
v -5.625 -0.0564494 -5.625
v -5.375 -0.0801314 -5.625
v -5.125 -0.105091 -5.625
v -4.875 -0.120181 -5.625
v -4.625 -0.105209 -5.625
v -4.375 -0.0445465 -5.625
v -4.125 0.0620879 -5.625
v -3.875 0.202892 -5.625
v -3.625 0.284801 -5.625
v -3.375 0.290716 -5.625
v -3.125 0.203535 -5.625
v -2.875 0.0650259 -5.625
v -2.625 -0.0452918 -5.625
v -2.375 -0.058925 -5.625
v -2.125 0.0396565 -5.625
v -1.875 0.212438 -5.625
v -1.625 0.325421 -5.625
v -1.375 0.337112 -5.625
v -1.125 0.215112 -5.625
v -0.875 0.00376312 -5.625
v -0.625 -0.195927 -5.625
v -0.375 -0.286634 -5.625
v -0.125 -0.232776 -5.625
v 0.125 -0.0737362 -5.625
v 0.375 0.110515 -5.625
v 0.625 0.240827 -5.625
v 0.875 0.31254 -5.625
v 1.125 0.332627 -5.625
v 1.375 0.317256 -5.625
v 1.625 0.280735 -5.625
v 1.875 0.225617 -5.625
v 2.125 0.14372 -5.625
v 2.375 0.0222878 -5.625
v 2.625 -0.0834605 -5.625
v 2.875 -0.177288 -5.625
v 3.125 -0.252228 -5.625
v 3.375 -0.294761 -5.625
v 3.625 -0.291639 -5.625
v 3.875 -0.236527 -5.625
v 4.125 -0.133692 -5.625
v 4.375 0.00700437 -5.625
v 4.625 0.120339 -5.625
v 4.875 0.206125 -5.625
v 5.125 0.26087 -5.625
v 5.375 0.280661 -5.625
v 5.625 0.262299 -5.625
v 5.875 0.203985 -5.625
v 6.125 0.106881 -5.625
v 6.375 -0.0157511 -5.625
v 6.625 -0.0732548 -5.625
v 6.875 -0.03813 -5.625
v 7.125 0.0606515 -5.625
v 7.375 0.147926 -5.625
v 7.625 0.149723 -5.625
v 7.875 0.0399053 -5.625
v -7.875 -0.128094 -5.375
v -7.625 0.0219584 -5.375
v -7.375 0.12392 -5.375
v -7.125 0.163377 -5.375
v -6.875 0.145911 -5.375
v -6.625 0.0973962 -5.375
v -6.375 0.0475966 -5.375
v -6.125 0.0113485 -5.375
v -5.875 -0.0183872 -5.375
v -5.625 -0.0419643 -5.375
v -5.375 -0.0601646 -5.375
v -5.125 -0.0708455 -5.375
v -4.875 -0.0632108 -5.375
v -4.625 -0.0238151 -5.375
v -4.375 0.0535429 -5.375
v -4.125 0.162423 -5.375
v -3.875 0.291231 -5.375
v -3.625 0.337427 -5.375
v -3.375 0.32126 -5.375
v -3.125 0.23692 -5.375
v -2.875 0.125477 -5.375
v -2.625 0.0516514 -5.375
v -2.375 0.0639797 -5.375
v -2.125 0.165028 -5.375
v -1.875 0.318293 -5.375
v -1.625 0.382699 -5.375
v -1.375 0.360962 -5.375
v -1.125 0.229941 -5.375
v -0.875 0.030544 -5.375
v -0.625 -0.152796 -5.375
v -0.375 -0.24168 -5.375
v -0.125 -0.209558 -5.375
v 0.125 -0.091015 -5.375
v 0.375 0.0571222 -5.375
v 0.625 0.168749 -5.375
v 0.875 0.244487 -5.375
v 1.125 0.289878 -5.375
v 1.375 0.312979 -5.375
v 1.625 0.317613 -5.375
v 1.875 0.299248 -5.375
v 2.125 0.250477 -5.375
v 2.375 0.132227 -5.375
v 2.625 0.0201424 -5.375
v 2.875 -0.0876857 -5.375
v 3.125 -0.181571 -5.375
v 3.375 -0.24696 -5.375
v 3.625 -0.271062 -5.375
v 3.875 -0.248379 -5.375
v 4.125 -0.18416 -5.375
v 4.375 -0.0678767 -5.375
v 4.625 0.0343065 -5.375
v 4.875 0.123192 -5.375
v 5.125 0.193005 -5.375
v 5.375 0.235715 -5.375
v 5.625 0.244197 -5.375
v 5.875 0.214825 -5.375
v 6.125 0.150117 -5.375
v 6.375 0.0463798 -5.375
v 6.625 -0.0138651 -5.375
v 6.875 -0.0124382 -5.375
v 7.125 0.0298859 -5.375
v 7.375 0.0604605 -5.375
v 7.625 0.0290718 -5.375
v 7.875 -0.0792656 -5.375
v -7.875 -0.133672 -5.125
v -7.625 -0.0115662 -5.125
v -7.375 0.0775441 -5.125
v -7.125 0.125061 -5.125
v -6.875 0.13406 -5.125
v -6.625 0.120025 -5.125
v -6.375 0.100344 -5.125
v -6.125 0.0826269 -5.125
v -5.875 0.0618909 -5.125
v -5.625 0.0248209 -5.125
v -5.375 -0.00707913 -5.125
v -5.125 -0.0290182 -5.125
v -4.875 -0.0308383 -5.125
v -4.625 -0.00369871 -5.125
v -4.375 0.0536193 -5.125
v -4.125 0.133138 -5.125
v -3.875 0.225193 -5.125
v -3.625 0.253793 -5.125
v -3.375 0.241305 -5.125
v -3.125 0.187443 -5.125
v -2.875 0.121494 -5.125
v -2.625 0.0849981 -5.125
v -2.375 0.105941 -5.125
v -2.125 0.181363 -5.125
v -1.875 0.285274 -5.125
v -1.625 0.309811 -5.125
v -1.375 0.277937 -5.125
v -1.125 0.177739 -5.125
v -0.875 0.0393528 -5.125
v -0.625 -0.0813606 -5.125
v -0.375 -0.1354 -5.125
v -0.125 -0.108949 -5.125
v 0.125 -0.0269302 -5.125
v 0.375 0.0660038 -5.125
v 0.625 0.139311 -5.125
v 0.875 0.20077 -5.125
v 1.125 0.256295 -5.125
v 1.375 0.305686 -5.125
v 1.625 0.340884 -5.125
v 1.875 0.349086 -5.125
v 2.125 0.323157 -5.125
v 2.375 0.207789 -5.125
v 2.625 0.097876 -5.125
v 2.875 -0.0014651 -5.125
v 3.125 -0.0798704 -5.125
v 3.375 -0.130502 -5.125
v 3.625 -0.151921 -5.125
v 3.875 -0.146617 -5.125
v 4.125 -0.119716 -5.125
v 4.375 -0.0589595 -5.125
v 4.625 -0.00124424 -5.125
v 4.875 0.0554178 -5.125
v 5.125 0.106175 -5.125
v 5.375 0.142497 -5.125
v 5.625 0.156206 -5.125
v 5.875 0.14329 -5.125
v 6.125 0.106409 -5.125
v 6.375 0.0410529 -5.125
v 6.625 -0.00216404 -5.125
v 6.875 -0.0161795 -5.125
v 7.125 -0.0138396 -5.125
v 7.375 -0.02294 -5.125
v 7.625 -0.0672776 -5.125
v 7.875 -0.150185 -5.125
v -7.875 -0.10565 -4.875
v -7.625 -0.00139958 -4.875
v -7.375 0.0792318 -4.875
v -7.125 0.134878 -4.875
v -6.875 0.16895 -4.875
v -6.625 0.188802 -4.875
v -6.375 0.199697 -4.875
v -6.125 0.200059 -4.875
v -5.875 0.18455 -4.875
v -5.625 0.118456 -4.875
v -5.375 0.0563984 -4.875
v -5.125 0.00371762 -4.875
v -4.875 -0.030575 -4.875
v -4.625 -0.0408583 -4.875
v -4.375 -0.0276404 -4.875
v -4.125 0.00350696 -4.875
v -3.875 0.0463 -4.875
v -3.625 0.0759747 -4.875
v -3.375 0.0884443 -4.875
v -3.125 0.0836675 -4.875
v -2.875 0.071975 -4.875
v -2.625 0.0681937 -4.875
v -2.375 0.0820171 -4.875
v -2.125 0.111562 -4.875
v -1.875 0.14705 -4.875
v -1.625 0.141822 -4.875
v -1.375 0.118194 -4.875
v -1.125 0.0756272 -4.875
v -0.875 0.029025 -4.875
v -0.625 -0.000252783 -4.875
v -0.375 0.0027919 -4.875
v -0.125 0.0379277 -4.875
v 0.125 0.09255 -4.875
v 0.375 0.123865 -4.875
v 0.625 0.150396 -4.875
v 0.875 0.188291 -4.875
v 1.125 0.24445 -4.875
v 1.375 0.309518 -4.875
v 1.625 0.362158 -4.875
v 1.875 0.380761 -4.875
v 2.125 0.35875 -4.875
v 2.375 0.238136 -4.875
v 2.625 0.133549 -4.875
v 2.875 0.0617108 -4.875
v 3.125 0.030425 -4.875
v 3.375 0.0290342 -4.875
v 3.625 0.0366496 -4.875
v 3.875 0.0367329 -4.875
v 4.125 0.0266 -4.875
v 4.375 0.0088824 -4.875
v 4.625 -0.00162523 -4.875
v 4.875 -0.00124015 -4.875
v 5.125 0.007975 -4.875
v 5.375 0.0185238 -4.875
v 5.625 0.0222021 -4.875
v 5.875 0.0152639 -4.875
v 6.125 4.99785e-05 -4.875
v 6.375 -0.0157167 -4.875
v 6.625 -0.0287735 -4.875
v 6.875 -0.0437129 -4.875
v 7.125 -0.066075 -4.875
v 7.375 -0.0986293 -4.875
v 7.625 -0.138543 -4.875
v 7.875 -0.178027 -4.875
v -7.875 -0.0644218 -4.625
v -7.625 0.04014 -4.625
v -7.375 0.121907 -4.625
v -7.125 0.185094 -4.625
v -6.875 0.234919 -4.625
v -6.625 0.274592 -4.625
v -6.375 0.301493 -4.625
v -6.125 0.306959 -4.625
v -5.875 0.28414 -4.625
v -5.625 0.183108 -4.625
v -5.375 0.0887308 -4.625
v -5.125 0.00637498 -4.625
v -4.875 -0.0573721 -4.625
v -4.625 -0.101201 -4.625
v -4.375 -0.127673 -4.625
v -4.125 -0.139409 -4.625
v -3.875 -0.138381 -4.625
v -3.625 -0.0988119 -4.625
v -3.375 -0.0567551 -4.625
v -3.125 -0.0139448 -4.625
v -2.875 0.0217273 -4.625
v -2.625 0.0417468 -4.625
v -2.375 0.0415269 -4.625
v -2.125 0.0225214 -4.625
v -1.875 -0.00955534 -4.625
v -1.625 -0.0386359 -4.625
v -1.375 -0.0504011 -4.625
v -1.125 -0.0361257 -4.625
v -0.875 0.00426919 -4.625
v -0.625 0.0608248 -4.625
v -0.375 0.118514 -4.625
v -0.125 0.165355 -4.625
v 0.125 0.200461 -4.625
v 0.375 0.181446 -4.625
v 0.625 0.170275 -4.625
v 0.875 0.190521 -4.625
v 1.125 0.248091 -4.625
v 1.375 0.322742 -4.625
v 1.625 0.379632 -4.625
v 1.875 0.389924 -4.625
v 2.125 0.3495 -4.625
v 2.375 0.213955 -4.625
v 2.625 0.114629 -4.625
v 2.875 0.0809532 -4.625
v 3.125 0.113862 -4.625
v 3.375 0.177931 -4.625
v 3.625 0.223956 -4.625
v 3.875 0.220078 -4.625
v 4.125 0.169591 -4.625
v 4.375 0.0707103 -4.625
v 4.625 -0.008628 -4.625
v 4.875 -0.0623936 -4.625
v 5.125 -0.090763 -4.625
v 5.375 -0.102254 -4.625
v 5.625 -0.107063 -4.625
v 5.875 -0.109365 -4.625
v 6.125 -0.106315 -4.625
v 6.375 -0.0758862 -4.625
v 6.625 -0.0599523 -4.625
v 6.875 -0.0734617 -4.625
v 7.125 -0.114712 -4.625
v 7.375 -0.16305 -4.625
v 7.625 -0.191316 -4.625
v 7.875 -0.182331 -4.625
v -7.875 -0.0303807 -4.375
v -7.625 0.091262 -4.375
v -7.375 0.183043 -4.375
v -7.125 0.250589 -4.375
v -6.875 0.300458 -4.375
v -6.625 0.335928 -4.375
v -6.375 0.353248 -4.375
v -6.125 0.342246 -4.375
v -5.875 0.295212 -4.375
v -5.625 0.167249 -4.375
v -5.375 0.0556967 -4.375
v -5.125 -0.033042 -4.375
v -4.875 -0.0968047 -4.375
v -4.625 -0.142045 -4.375
v -4.375 -0.177167 -4.375
v -4.125 -0.204648 -4.375
v -3.875 -0.221781 -4.375
v -3.625 -0.177154 -4.375
v -3.375 -0.119409 -4.375
v -3.125 -0.0499802 -4.375
v -2.875 0.0130477 -4.375
v -2.625 0.046505 -4.375
v -2.375 0.0357052 -4.375
v -2.125 -0.0172539 -4.375
v -1.875 -0.0977181 -4.375
v -1.625 -0.150529 -4.375
v -1.375 -0.161782 -4.375
v -1.125 -0.117195 -4.375
v -0.875 -0.0269269 -4.375
v -0.625 0.0782604 -4.375
v -0.375 0.164099 -4.375
v -0.125 0.212082 -4.375
v 0.125 0.22984 -4.375
v 0.375 0.184872 -4.375
v 0.625 0.15884 -4.375
v 0.875 0.179325 -4.375
v 1.125 0.246984 -4.375
v 1.375 0.329024 -4.375
v 1.625 0.37891 -4.375
v 1.875 0.36461 -4.375
v 2.125 0.287648 -4.375
v 2.375 0.133453 -4.375
v 2.625 0.040089 -4.375
v 2.875 0.0463697 -4.375
v 3.125 0.141985 -4.375
v 3.375 0.264601 -4.375
v 3.625 0.338295 -4.375
v 3.875 0.320432 -4.375
v 4.125 0.22406 -4.375
v 4.375 0.063074 -4.375
v 4.625 -0.0619719 -4.375
v 4.875 -0.142242 -4.375
v 5.125 -0.179345 -4.375
v 5.375 -0.187558 -4.375
v 5.625 -0.18312 -4.375
v 5.875 -0.172318 -4.375
v 6.125 -0.150042 -4.375
v 6.375 -0.0897842 -4.375
v 6.625 -0.05948 -4.375
v 6.875 -0.0815176 -4.375
v 7.125 -0.146227 -4.375
v 7.375 -0.212322 -4.375
v 7.625 -0.232545 -4.375
v 7.875 -0.183021 -4.375
v -7.875 -0.0114351 -4.125
v -7.625 0.13421 -4.125
v -7.375 0.238636 -4.125
v -7.125 0.304224 -4.125
v -6.875 0.337146 -4.125
v -6.625 0.343748 -4.125
v -6.375 0.325573 -4.125
v -6.125 0.277362 -4.125
v -5.875 0.192384 -4.125
v -5.625 0.0556692 -4.125
v -5.375 -0.0480245 -4.125
v -5.125 -0.109814 -4.125
v -4.875 -0.134075 -4.125
v -4.625 -0.138952 -4.125
v -4.375 -0.143389 -4.125
v -4.125 -0.153655 -4.125
v -3.875 -0.16238 -4.125
v -3.625 -0.126027 -4.125
v -3.375 -0.0754445 -4.125
v -3.125 -0.00788014 -4.125
v -2.875 0.0588624 -4.125
v -2.625 0.0967219 -4.125
v -2.375 0.0841725 -4.125
v -2.125 0.0189602 -4.125
v -1.875 -0.0837688 -4.125
v -1.625 -0.162589 -4.125
v -1.375 -0.190071 -4.125
v -1.125 -0.150322 -4.125
v -0.875 -0.0579263 -4.125
v -0.625 0.0479145 -4.125
v -0.375 0.126115 -4.125
v -0.125 0.15761 -4.125
v 0.125 0.154717 -4.125
v 0.375 0.109866 -4.125
v 0.625 0.0940426 -4.125
v 0.875 0.133972 -4.125
v 1.125 0.220444 -4.125
v 1.375 0.307773 -4.125
v 1.625 0.341646 -4.125
v 1.875 0.292329 -4.125
v 2.125 0.170186 -4.125
v 2.375 0.0036786 -4.125
v 2.625 -0.0788835 -4.125
v 2.875 -0.0355375 -4.125
v 3.125 0.109003 -4.125
v 3.375 0.268528 -4.125
v 3.625 0.348138 -4.125
v 3.875 0.302455 -4.125
v 4.125 0.156967 -4.125
v 4.375 -0.0353572 -4.125
v 4.625 -0.172039 -4.125
v 4.875 -0.241469 -4.125
v 5.125 -0.25051 -4.125
v 5.375 -0.223853 -4.125
v 5.625 -0.187522 -4.125
v 5.875 -0.151544 -4.125
v 6.125 -0.106837 -4.125
v 6.375 -0.0375201 -4.125
v 6.625 -0.0120794 -4.125
v 6.875 -0.0566922 -4.125
v 7.125 -0.152804 -4.125
v 7.375 -0.242034 -4.125
v 7.625 -0.262296 -4.125
v 7.875 -0.186205 -4.125
v -7.875 0 -3.875
v -7.625 0.166429 -3.875
v -7.375 0.279619 -3.875
v -7.125 0.335568 -3.875
v -6.875 0.33845 -3.875
v -6.625 0.299025 -3.875
v -6.375 0.228056 -3.875
v -6.125 0.129715 -3.875
v -5.875 0 -3.875
v -5.625 -0.127265 -3.875
v -5.375 -0.200969 -3.875
v -5.125 -0.209007 -3.875
v -4.875 -0.164 -3.875
v -4.625 -0.0984932 -3.875
v -4.375 -0.0450313 -3.875
v -4.125 -0.0162351 -3.875
v -3.875 0 -3.875
v -3.625 0.0158973 -3.875
v -3.375 0.041297 -3.875
v -3.125 0.086083 -3.875
v -2.875 0.13995 -3.875
v -2.625 0.176323 -3.875
v -2.375 0.168628 -3.875
v -2.125 0.106559 -3.875
v -1.875 0 -3.875
v -1.625 -0.105826 -3.875
v -1.375 -0.16053 -3.875
v -1.125 -0.149413 -3.875
v -0.875 -0.0878 -3.875
v -0.625 -0.015212 -3.875
v -0.375 0.0288305 -3.875
v -0.125 0.0290014 -3.875
v 0.125 0 -3.875
v 0.375 -0.0279754 -3.875
v 0.625 -0.0174877 -3.875
v 0.875 0.0529068 -3.875
v 1.125 0.16085 -3.875
v 1.375 0.248687 -3.875
v 1.625 0.258763 -3.875
v 1.875 0.168719 -3.875
v 2.125 0 -3.875
v 2.375 -0.166006 -3.875
v 2.625 -0.228772 -3.875
v 2.875 -0.149019 -3.875
v 3.125 0.0323 -3.875
v 3.375 0.209581 -3.875
v 3.625 0.277222 -3.875
v 3.875 0.194269 -3.875
v 4.125 0 -3.875
v 4.375 -0.198117 -3.875
v 4.625 -0.319759 -3.875
v 4.875 -0.350943 -3.875
v 5.125 -0.30625 -3.875
v 5.375 -0.223275 -3.875
v 5.625 -0.139616 -3.875
v 5.875 -0.0698522 -3.875
v 6.125 0 -3.875
v 6.375 0.0636251 -3.875
v 6.625 0.0707757 -3.875
v 6.875 -0.00549951 -3.875
v 7.125 -0.1371 -3.875
v 7.375 -0.251563 -3.875
v 7.625 -0.276426 -3.875
v 7.875 -0.183588 -3.875
v -7.875 0.0116023 -3.625
v -7.625 0.153168 -3.625
v -7.375 0.243991 -3.625
v -7.125 0.274771 -3.625
v -6.875 0.246674 -3.625
v -6.625 0.172133 -3.625
v -6.375 0.068323 -3.625
v -6.125 -0.052315 -3.625
v -5.875 -0.190094 -3.625
v -5.625 -0.27255 -3.625
v -5.375 -0.296104 -3.625
v -5.125 -0.248812 -3.625
v -4.875 -0.147803 -3.625
v -4.625 -0.0306373 -3.625
v -4.375 0.0658293 -3.625
v -4.125 0.126142 -3.625
v -3.875 0.163581 -3.625
v -3.625 0.155032 -3.625
v -3.375 0.148247 -3.625
v -3.125 0.157428 -3.625
v -2.875 0.182811 -3.625
v -2.625 0.207026 -3.625
v -2.375 0.206117 -3.625
v -2.125 0.164658 -3.625
v -1.875 0.0843657 -3.625
v -1.625 -0.0187371 -3.625
v -1.375 -0.0854381 -3.625
v -1.125 -0.106397 -3.625
v -0.875 -0.0932577 -3.625
v -0.625 -0.0745405 -3.625
v -0.375 -0.0769208 -3.625
v -0.125 -0.10765 -3.625
v 0.125 -0.153887 -3.625
v 0.375 -0.156617 -3.625
v 0.625 -0.122459 -3.625
v 0.875 -0.041257 -3.625
v 1.125 0.0577687 -3.625
v 1.375 0.121174 -3.625
v 1.625 0.104137 -3.625
v 1.875 -0.00204677 -3.625
v 2.125 -0.170869 -3.625
v 2.375 -0.290468 -3.625
v 2.625 -0.316204 -3.625
v 2.875 -0.222528 -3.625
v 3.125 -0.0552857 -3.625
v 3.375 0.0899792 -3.625
v 3.625 0.126493 -3.625
v 3.875 0.0292801 -3.625
v 4.125 -0.159478 -3.625
v 4.375 -0.307328 -3.625
v 4.625 -0.379225 -3.625
v 4.875 -0.362727 -3.625
v 5.125 -0.276082 -3.625
v 5.375 -0.159293 -3.625
v 5.625 -0.0510355 -3.625
v 5.875 0.0335952 -3.625
v 6.125 0.109555 -3.625
v 6.375 0.149425 -3.625
v 6.625 0.135719 -3.625
v 6.875 0.0481456 -3.625
v 7.125 -0.0834007 -3.625
v 7.375 -0.192387 -3.625
v 7.625 -0.215965 -3.625
v 7.875 -0.133007 -3.625
v -7.875 0.0322285 -3.375
v -7.625 0.142626 -3.375
v -7.375 0.20747 -3.375
v -7.125 0.215267 -3.375
v -6.875 0.166939 -3.375
v -6.625 0.07696 -3.375
v -6.375 -0.0338851 -3.375
v -6.125 -0.149661 -3.375
v -5.875 -0.269895 -3.375
v -5.625 -0.312902 -3.375
v -5.375 -0.304064 -3.375
v -5.125 -0.23385 -3.375
v -4.875 -0.118697 -3.375
v -4.625 0.00824748 -3.375
v -4.375 0.11476 -3.375
v -4.125 0.186604 -3.375
v -3.875 0.235064 -3.375
v -3.625 0.21766 -3.375
v -3.375 0.195253 -3.375
v -3.125 0.181651 -3.375
v -2.875 0.183248 -3.375
v -2.625 0.191616 -3.375
v -2.375 0.18932 -3.375
v -2.125 0.161315 -3.375
v -1.875 0.104317 -3.375
v -1.625 0.0188402 -3.375
v -1.375 -0.0431284 -3.375
v -1.125 -0.077205 -3.375
v -0.875 -0.0918026 -3.375
v -0.625 -0.105099 -3.375
v -0.375 -0.132183 -3.375
v -0.125 -0.174119 -3.375
v 0.125 -0.220663 -3.375
v 0.375 -0.205502 -3.375
v 0.625 -0.161486 -3.375
v 0.875 -0.087925 -3.375
v 1.125 -0.0147118 -3.375
v 1.375 0.015229 -3.375
v 1.625 -0.0273313 -3.375
v 1.875 -0.139696 -3.375
v 2.125 -0.295202 -3.375
v 2.375 -0.367744 -3.375
v 2.625 -0.361766 -3.375
v 2.875 -0.264656 -3.375
v 3.125 -0.121586 -3.375
v 3.375 -0.0111526 -3.375
v 3.625 0.00256824 -3.375
v 3.875 -0.0910374 -3.375
v 4.125 -0.251815 -3.375
v 4.375 -0.345464 -3.375
v 4.625 -0.373656 -3.375
v 4.875 -0.326858 -3.375
v 5.125 -0.222996 -3.375
v 5.375 -0.0975312 -3.375
v 5.625 0.0159764 -3.375
v 5.875 0.104134 -3.375
v 6.125 0.180087 -3.375
v 6.375 0.201337 -3.375
v 6.625 0.17429 -3.375
v 6.875 0.0844606 -3.375
v 7.125 -0.0393692 -3.375
v 7.375 -0.139557 -3.375
v 7.625 -0.164143 -3.375
v 7.875 -0.0978705 -3.375
v -7.875 0.0705624 -3.125
v -7.625 0.149776 -3.125
v -7.375 0.187993 -3.125
v -7.125 0.17489 -3.125
v -6.875 0.116147 -3.125
v -6.625 0.0315657 -3.125
v -6.375 -0.0556147 -3.125
v -6.125 -0.131536 -3.125
v -5.875 -0.200004 -3.125
v -5.625 -0.211288 -3.125
v -5.375 -0.195091 -3.125
v -5.125 -0.147779 -3.125
v -4.875 -0.0775515 -3.125
v -4.625 0.000841968 -3.125
v -4.375 0.0731137 -3.125
v -4.125 0.13217 -3.125
v -3.875 0.182526 -3.125
v -3.625 0.181888 -3.125
v -3.375 0.169119 -3.125
v -3.125 0.150943 -3.125
v -2.875 0.134067 -3.125
v -2.625 0.119149 -3.125
v -2.375 0.10116 -3.125
v -2.125 0.0732896 -3.125
v -1.875 0.0314859 -3.125
v -1.625 -0.0186818 -3.125
v -1.375 -0.0544414 -3.125
v -1.125 -0.0758555 -3.125
v -0.875 -0.0890785 -3.125
v -0.625 -0.103276 -3.125
v -0.375 -0.123939 -3.125
v -0.125 -0.148472 -3.125
v 0.125 -0.169965 -3.125
v 0.375 -0.144281 -3.125
v 0.625 -0.106859 -3.125
v 0.875 -0.0640608 -3.125
v 1.125 -0.0389323 -3.125
v 1.375 -0.0565588 -3.125
v 1.625 -0.127567 -3.125
v 1.875 -0.240602 -3.125
v 2.125 -0.374604 -3.125
v 2.375 -0.404093 -3.125
v 2.625 -0.374036 -3.125
v 2.875 -0.283155 -3.125
v 3.125 -0.170592 -3.125
v 3.375 -0.0923596 -3.125
v 3.625 -0.0875737 -3.125
v 3.875 -0.155171 -3.125
v 4.125 -0.261829 -3.125
v 4.375 -0.298075 -3.125
v 4.625 -0.291673 -3.125
v 4.875 -0.238007 -3.125
v 5.125 -0.149266 -3.125
v 5.375 -0.0467352 -3.125
v 5.625 0.0497805 -3.125
v 5.875 0.131607 -3.125
v 6.125 0.206164 -3.125
v 6.375 0.220056 -3.125
v 6.625 0.189658 -3.125
v 6.875 0.103461 -3.125
v 7.125 -0.0126315 -3.125
v 7.375 -0.108851 -3.125
v 7.625 -0.14098 -3.125
v 7.875 -0.0963351 -3.125
v -7.875 0.11755 -2.875
v -7.625 0.176768 -2.875
v -7.375 0.194555 -2.875
v -7.125 0.162915 -2.875
v -6.875 0.096975 -2.875
v -6.625 0.0273129 -2.875
v -6.375 -0.0180454 -2.875
v -6.125 -0.0300382 -2.875
v -5.875 -0.0215 -2.875
v -5.625 -0.00618157 -2.875
v -5.375 -0.00142822 -2.875
v -5.125 -0.0127296 -2.875
v -4.875 -0.033875 -2.875
v -4.625 -0.0492338 -2.875
v -4.375 -0.0436467 -2.875
v -4.125 -0.0120243 -2.875
v -3.875 0.03925 -2.875
v -3.625 0.0798937 -2.875
v -3.375 0.0991063 -2.875
v -3.125 0.0915292 -2.875
v -2.875 0.06025 -2.875
v -2.625 0.0157292 -2.875
v -2.375 -0.0298391 -2.875
v -2.125 -0.0692419 -2.875
v -1.875 -0.10455 -2.875
v -1.625 -0.110504 -2.875
v -1.375 -0.107644 -2.875
v -1.125 -0.100022 -2.875
v -0.875 -0.092025 -2.875
v -0.625 -0.0845929 -2.875
v -0.375 -0.0750009 -2.875
v -0.125 -0.0589186 -2.875
v 0.125 -0.03345 -2.875
v 0.375 0.000878692 -2.875
v 0.625 0.0232401 -2.875
v 0.875 0.0229512 -2.875
v 1.125 -0.011025 -2.875
v 1.375 -0.0821746 -2.875
v 1.625 -0.182279 -2.875
v 1.875 -0.294526 -2.875
v 2.125 -0.4074 -2.875
v 2.375 -0.406841 -2.875
v 2.625 -0.36491 -2.875
v 2.875 -0.288866 -2.875
v 3.125 -0.208375 -2.875
v 3.375 -0.155421 -2.875
v 3.625 -0.145719 -2.875
v 3.875 -0.170227 -2.875
v 4.125 -0.20535 -2.875
v 4.375 -0.185531 -2.875
v 4.625 -0.155144 -2.875
v 4.875 -0.116465 -2.875
v 5.125 -0.07135 -2.875
v 5.375 -0.0183573 -2.875
v 5.625 0.0442721 -2.875
v 5.875 0.115434 -2.875
v 6.125 0.19345 -2.875
v 6.375 0.215615 -2.875
v 6.625 0.192207 -2.875
v 6.875 0.110574 -2.875
v 7.125 -0.00572499 -2.875
v 7.375 -0.108926 -2.875
v 7.625 -0.155023 -2.875
v 7.875 -0.129404 -2.875
v -7.875 0.149844 -2.625
v -7.625 0.20811 -2.625
v -7.375 0.2174 -2.625
v -7.125 0.169711 -2.625
v -6.875 0.0912033 -2.625
v -6.625 0.0283631 -2.625
v -6.375 0.01946 -2.625
v -6.125 0.0710994 -2.625
v -5.875 0.159692 -2.625
v -5.625 0.203982 -2.625
v -5.375 0.196614 -2.625
v -5.125 0.121449 -2.625
v -4.875 0.000634413 -2.625
v -4.625 -0.11582 -2.625
v -4.375 -0.179255 -2.625
v -4.125 -0.170727 -2.625
v -3.875 -0.108932 -2.625
v -3.625 -0.0158879 -2.625
v -3.375 0.0430877 -2.625
v -3.125 0.0502459 -2.625
v -2.875 0.00568675 -2.625
v -2.625 -0.0690051 -2.625
v -2.375 -0.143312 -2.625
v -2.125 -0.19588 -2.625
v -1.875 -0.227517 -2.625
v -1.625 -0.195658 -2.625
v -1.375 -0.160153 -2.625
v -1.125 -0.128898 -2.625
v -0.875 -0.10359 -2.625
v -0.625 -0.0758506 -2.625
v -0.375 -0.0341093 -2.625
v -0.125 0.027537 -2.625
v 0.125 0.107246 -2.625
v 0.375 0.156595 -2.625
v 0.625 0.170119 -2.625
v 0.875 0.13513 -2.625
v 1.125 0.0529555 -2.625
v 1.375 -0.0605008 -2.625
v 1.625 -0.181848 -2.625
v 1.875 -0.291943 -2.625
v 2.125 -0.389271 -2.625
v 2.375 -0.378208 -2.625
v 2.625 -0.34014 -2.625
v 2.875 -0.287545 -2.625
v 3.125 -0.239415 -2.625
v 3.375 -0.206174 -2.625
v 3.625 -0.184636 -2.625
v 3.875 -0.161421 -2.625
v 4.125 -0.123202 -2.625
v 4.375 -0.0529875 -2.625
v 4.625 -0.00694485 -2.625
v 4.875 0.00445227 -2.625
v 5.125 -0.00843211 -2.625
v 5.375 -0.0173458 -2.625
v 5.625 0.00507768 -2.625
v 5.875 0.0670955 -2.625
v 6.125 0.156555 -2.625
v 6.375 0.201421 -2.625
v 6.625 0.192935 -2.625
v 6.875 0.113761 -2.625
v 7.125 -0.0124881 -2.625
v 7.375 -0.132254 -2.625
v 7.625 -0.193471 -2.625
v 7.875 -0.176084 -2.625
v -7.875 0.144097 -2.375
v -7.625 0.220282 -2.375
v -7.375 0.234445 -2.375
v -7.125 0.173767 -2.375
v -6.875 0.0728619 -2.375
v -6.625 -0.00376878 -2.375
v -6.375 -0.00175738 -2.375
v -6.125 0.0893942 -2.375
v -5.875 0.237645 -2.375
v -5.625 0.319469 -2.375
v -5.375 0.317452 -2.375
v -5.125 0.205652 -2.375
v -4.875 0.0183477 -2.375
v -4.625 -0.165876 -2.375
v -4.375 -0.270066 -2.375
v -4.125 -0.263824 -2.375
v -3.875 -0.176189 -2.375
v -3.625 -0.0379408 -2.375
v -3.375 0.0509241 -2.375
v -3.125 0.0649489 -2.375
v -2.875 0.00613652 -2.375
v -2.625 -0.0916867 -2.375
v -2.375 -0.183083 -2.375
v -2.125 -0.238423 -2.375
v -1.875 -0.261142 -2.375
v -1.625 -0.211005 -2.375
v -1.375 -0.165509 -2.375
v -1.125 -0.136454 -2.375
v -0.875 -0.120613 -2.375
v -0.625 -0.0976232 -2.375
v -0.375 -0.0447138 -2.375
v -0.125 0.0470685 -2.375
v 0.125 0.170488 -2.375
v 0.375 0.246249 -2.375
v 0.625 0.269106 -2.375
v 0.875 0.225982 -2.375
v 1.125 0.126421 -2.375
v 1.375 -0.00165888 -2.375
v 1.625 -0.126478 -2.375
v 1.875 -0.229306 -2.375
v 2.125 -0.315898 -2.375
v 2.375 -0.314504 -2.375
v 2.625 -0.296376 -2.375
v 2.875 -0.276119 -2.375
v 3.125 -0.262333 -2.375
v 3.375 -0.248295 -2.375
v 3.625 -0.217404 -2.375
v 3.875 -0.154753 -2.375
v 4.125 -0.0562097 -2.375
v 4.375 0.0553717 -2.375
v 4.625 0.112391 -2.375
v 4.875 0.096038 -2.375
v 5.125 0.027564 -2.375
v 5.375 -0.039644 -2.375
v 5.625 -0.0536294 -2.375
v 5.875 0.00345567 -2.375
v 6.125 0.110088 -2.375
v 6.375 0.185658 -2.375
v 6.625 0.196097 -2.375
v 6.875 0.117982 -2.375
v 7.125 -0.0223916 -2.375
v 7.375 -0.160114 -2.375
v 7.625 -0.230229 -2.375
v 7.875 -0.206335 -2.375
v -7.875 0.091254 -2.125
v -7.625 0.196328 -2.125
v -7.375 0.225353 -2.125
v -7.125 0.156086 -2.125
v -6.875 0.0261926 -2.125
v -6.625 -0.0840171 -2.125
v -6.375 -0.101201 -2.125
v -6.125 -0.00428108 -2.125
v -5.875 0.171282 -2.125
v -5.625 0.298708 -2.125
v -5.375 0.325807 -2.125
v -5.125 0.21953 -2.125
v -4.875 0.0194372 -2.125
v -4.625 -0.179409 -2.125
v -4.375 -0.283061 -2.125
v -4.125 -0.254615 -2.125
v -3.875 -0.129237 -2.125
v -3.625 0.0342114 -2.125
v -3.375 0.132821 -2.125
v -3.125 0.140504 -2.125
v -2.875 0.0672295 -2.125
v -2.625 -0.041128 -2.125
v -2.375 -0.130593 -2.125
v -2.125 -0.171924 -2.125
v -1.875 -0.175847 -2.125
v -1.625 -0.130585 -2.125
v -1.375 -0.102761 -2.125
v -1.125 -0.107926 -2.125
v -0.875 -0.135497 -2.125
v -0.625 -0.150611 -2.125
v -0.375 -0.117044 -2.125
v -0.125 -0.0209768 -2.125
v 0.125 0.124619 -2.125
v 0.375 0.235967 -2.125
v 0.625 0.287803 -2.125
v 0.875 0.26787 -2.125
v 1.125 0.188175 -2.125
v 1.375 0.079625 -2.125
v 1.625 -0.0252542 -2.125
v 1.875 -0.110603 -2.125
v 2.125 -0.185606 -2.125
v 2.375 -0.208986 -2.125
v 2.625 -0.223865 -2.125
v 2.875 -0.244425 -2.125
v 3.125 -0.269252 -2.125
v 3.375 -0.27842 -2.125
v 3.625 -0.246539 -2.125
v 3.875 -0.159194 -2.125
v 4.125 -0.0202036 -2.125
v 4.375 0.121481 -2.125
v 4.625 0.186577 -2.125
v 4.875 0.148968 -2.125
v 5.125 0.0374594 -2.125
v 5.375 -0.0752767 -2.125
v 5.625 -0.117617 -2.125
v 5.875 -0.0632511 -2.125
v 6.125 0.0597141 -2.125
v 6.375 0.165935 -2.125
v 6.625 0.19604 -2.125
v 6.875 0.121513 -2.125
v 7.125 -0.0275814 -2.125
v 7.375 -0.174528 -2.125
v 7.625 -0.242217 -2.125
v 7.875 -0.199645 -2.125
v -7.875 0 -1.875
v -7.625 0.135994 -1.875
v -7.375 0.184683 -1.875
v -7.125 0.111967 -1.875
v -6.875 -0.0466 -1.875
v -6.625 -0.199342 -1.875
v -6.375 -0.254583 -1.875
v -6.125 -0.176769 -1.875
v -5.875 0 -1.875
v -5.625 0.176266 -1.875
v -5.375 0.249016 -1.875
v -5.125 0.180843 -1.875
v -4.875 0.01075 -1.875
v -4.625 -0.160687 -1.875
v -4.375 -0.232891 -1.875
v -4.125 -0.166859 -1.875
v -3.875 0 -1.875
v -3.625 0.169347 -1.875
v -3.375 0.26039 -1.875
v -3.125 0.252073 -1.875
v -2.875 0.16635 -1.875
v -2.625 0.0598333 -1.875
v -2.375 -0.0108649 -1.875
v -2.125 -0.0237906 -1.875
v -1.875 0 -1.875
v -1.625 0.0241284 -1.875
v -1.375 0.0145992 -1.875
v -1.125 -0.0474231 -1.875
v -0.875 -0.1423 -1.875
v -0.625 -0.219389 -1.875
v -0.375 -0.228049 -1.875
v -0.125 -0.148641 -1.875
v 0.125 0 -1.875
v 0.375 0.149956 -1.875
v 0.625 0.242583 -1.875
v 0.875 0.267688 -1.875
v 1.125 0.2359 -1.875
v 1.375 0.174624 -1.875
v 1.625 0.111267 -1.875
v 1.875 0.0564569 -1.875
v 2.125 0 -1.875
v 2.375 -0.0566978 -1.875
v 2.625 -0.11393 -1.875
v 2.875 -0.183474 -1.875
v 3.125 -0.25305 -1.875
v 3.375 -0.290995 -1.875
v 3.625 -0.265645 -1.875
v 3.875 -0.164721 -1.875
v 4.125 0 -1.875
v 4.375 0.161627 -1.875
v 4.625 0.231438 -1.875
v 4.875 0.177317 -1.875
v 5.125 0.03275 -1.875
v 5.375 -0.115911 -1.875
v 5.625 -0.182313 -1.875
v 5.875 -0.13297 -1.875
v 6.125 0 -1.875
v 6.375 0.133046 -1.875
v 6.625 0.183144 -1.875
v 6.875 0.118671 -1.875
v 7.125 -0.0274 -1.875
v 7.375 -0.170046 -1.875
v 7.625 -0.224244 -1.875
v 7.875 -0.157021 -1.875
v -7.875 -0.088211 -1.625
v -7.625 0.0407446 -1.625
v -7.375 0.0951038 -1.625
v -7.125 0.0383203 -1.625
v -6.875 -0.106003 -1.625
v -6.625 -0.260182 -1.625
v -6.375 -0.339517 -1.625
v -6.125 -0.303713 -1.625
v -5.875 -0.176013 -1.625
v -5.625 0.00029928 -1.625
v -5.375 0.099286 -1.625
v -5.125 0.0897415 -1.625
v -4.875 -0.000960879 -1.625
v -4.625 -0.0951802 -1.625
v -4.375 -0.114171 -1.625
v -4.125 -0.0279336 -1.625
v -3.875 0.134422 -1.625
v -3.625 0.261532 -1.625
v -3.375 0.318563 -1.625
v -3.125 0.295533 -1.625
v -2.875 0.220539 -1.625
v -2.625 0.145314 -1.625
v -2.375 0.11329 -1.625
v -2.125 0.132817 -1.625
v -1.875 0.178174 -1.625
v -1.625 0.174286 -1.625
v -1.375 0.129689 -1.625
v -1.125 0.0274918 -1.625
v -0.875 -0.109001 -1.625
v -0.625 -0.227352 -1.625
v -0.375 -0.276497 -1.625
v -0.125 -0.236392 -1.625
v 0.125 -0.126529 -1.625
v 0.375 0.0203754 -1.625
v 0.625 0.128195 -1.625
v 0.875 0.191512 -1.625
v 1.125 0.216438 -1.625
v 1.375 0.219152 -1.625
v 1.625 0.214363 -1.625
v 1.875 0.204686 -1.625
v 2.125 0.181912 -1.625
v 2.375 0.108113 -1.625
v 2.625 0.0250151 -1.625
v 2.875 -0.0736834 -1.625
v 3.125 -0.168534 -1.625
v 3.375 -0.225085 -1.625
v 3.625 -0.214118 -1.625
v 3.875 -0.128632 -1.625
v 4.125 0.0151485 -1.625
v 4.375 0.152312 -1.625
v 4.625 0.208375 -1.625
v 4.875 0.154188 -1.625
v 5.125 0.0183959 -1.625
v 5.375 -0.123297 -1.625
v 5.625 -0.194094 -1.625
v 5.875 -0.162747 -1.625
v 6.125 -0.0563333 -1.625
v 6.375 0.0659914 -1.625
v 6.625 0.121376 -1.625
v 6.875 0.0838648 -1.625
v 7.125 -0.0196565 -1.625
v 7.375 -0.119249 -1.625
v 7.625 -0.145419 -1.625
v 7.875 -0.0723455 -1.625
v -7.875 -0.110457 -1.375
v -7.625 -0.00477532 -1.375
v -7.375 0.0419576 -1.375
v -7.125 -0.00408576 -1.375
v -6.875 -0.129199 -1.375
v -6.625 -0.273177 -1.375
v -6.375 -0.365184 -1.375
v -6.125 -0.366219 -1.375
v -5.875 -0.289949 -1.375
v -5.625 -0.133073 -1.375
v -5.375 -0.0245657 -1.375
v -5.125 0.0131085 -1.375
v -4.875 -0.00454077 -1.375
v -4.625 -0.0265588 -1.375
v -4.375 -0.00049185 -1.375
v -4.125 0.0927359 -1.375
v -3.875 0.233501 -1.375
v -3.625 0.31088 -1.375
v -3.375 0.331598 -1.375
v -3.125 0.294923 -1.375
v -2.875 0.231241 -1.375
v -2.625 0.184159 -1.375
v -2.375 0.183469 -1.375
v -2.125 0.226685 -1.375
v -1.875 0.286871 -1.375
v -1.625 0.267551 -1.375
v -1.375 0.205432 -1.375
v -1.125 0.0868934 -1.375
v -0.875 -0.0641031 -1.375
v -0.625 -0.198757 -1.375
v -0.375 -0.270796 -1.375
v -0.125 -0.262275 -1.375
v 0.125 -0.191613 -1.375
v 0.375 -0.0656372 -1.375
v 0.625 0.0376322 -1.375
v 0.875 0.116255 -1.375
v 1.125 0.172936 -1.375
v 1.375 0.215298 -1.375
v 1.625 0.248748 -1.375
v 1.875 0.270719 -1.375
v 2.125 0.275069 -1.375
v 2.375 0.202299 -1.375
v 2.625 0.113519 -1.375
v 2.875 0.00528129 -1.375
v 3.125 -0.10045 -1.375
v 3.375 -0.169543 -1.375
v 3.625 -0.175175 -1.375
v 3.875 -0.112779 -1.375
v 4.125 0.000326797 -1.375
v 4.375 0.111769 -1.375
v 4.625 0.158976 -1.375
v 4.875 0.118025 -1.375
v 5.125 0.0103192 -1.375
v 5.375 -0.105006 -1.375
v 5.625 -0.166895 -1.375
v 5.875 -0.149372 -1.375
v 6.125 -0.0727135 -1.375
v 6.375 0.0244505 -1.375
v 6.625 0.0726135 -1.375
v 6.875 0.0524134 -1.375
v 7.125 -0.016105 -1.375
v 7.375 -0.080558 -1.375
v 7.625 -0.0891851 -1.375
v 7.875 -0.0234239 -1.375
v -7.875 -0.0380494 -1.125
v -7.625 0.0260513 -1.125
v -7.375 0.0476692 -1.125
v -7.125 0.00142346 -1.125
v -6.875 -0.105088 -1.125
v -6.625 -0.230956 -1.125
v -6.375 -0.325405 -1.125
v -6.125 -0.357367 -1.125
v -5.875 -0.333511 -1.125
v -5.625 -0.216356 -1.125
v -5.375 -0.115999 -1.125
v -5.125 -0.0431899 -1.125
v -4.875 0.0056851 -1.125
v -4.625 0.0508659 -1.125
v -4.375 0.113499 -1.125
v -4.125 0.199351 -1.125
v -3.875 0.299393 -1.125
v -3.625 0.316793 -1.125
v -3.375 0.295855 -1.125
v -3.125 0.242468 -1.125
v -2.875 0.18579 -1.125
v -2.625 0.159442 -1.125
v -2.375 0.180788 -1.125
v -2.125 0.240296 -1.125
v -1.875 0.313021 -1.125
v -1.625 0.29893 -1.125
v -1.375 0.243167 -1.125
v -1.125 0.136308 -1.125
v -0.875 0.000376813 -1.125
v -0.625 -0.123746 -1.125
v -0.375 -0.198779 -1.125
v -0.125 -0.211264 -1.125
v 0.125 -0.17745 -1.125
v 0.375 -0.0924878 -1.125
v 0.625 -0.0178394 -1.125
v 0.875 0.0458465 -1.125
v 1.125 0.0998213 -1.125
v 1.375 0.147976 -1.125
v 1.625 0.192181 -1.125
v 1.875 0.228879 -1.125
v 2.125 0.253585 -1.125
v 2.375 0.206863 -1.125
v 2.625 0.137878 -1.125
v 2.875 0.041275 -1.125
v 3.125 -0.0635026 -1.125
v 3.375 -0.143633 -1.125
v 3.625 -0.171369 -1.125
v 3.875 -0.139335 -1.125
v 4.125 -0.0625112 -1.125
v 4.375 0.0311444 -1.125
v 4.625 0.0820205 -1.125
v 4.875 0.0732305 -1.125
v 5.125 0.0166268 -1.125
v 5.375 -0.0503508 -1.125
v 5.625 -0.0877436 -1.125
v 5.875 -0.0777068 -1.125
v 6.125 -0.0323503 -1.125
v 6.375 0.0221678 -1.125
v 6.625 0.0460164 -1.125
v 6.875 0.0266995 -1.125
v 7.125 -0.0225402 -1.125
v 7.375 -0.0675542 -1.125
v 7.625 -0.0746213 -1.125
v 7.875 -0.0315159 -1.125
v -7.875 0.0991 -0.875
v -7.625 0.113538 -0.875
v -7.375 0.100336 -0.875
v -7.125 0.0460515 -0.875
v -6.875 -0.044125 -0.875
v -6.625 -0.147696 -0.875
v -6.375 -0.236424 -0.875
v -6.125 -0.291458 -0.875
v -5.875 -0.31535 -0.875
v -5.625 -0.25019 -0.875
v -5.375 -0.171059 -0.875
v -5.125 -0.0755428 -0.875
v -4.875 0.02895 -0.875
v -4.625 0.131092 -0.875
v -4.375 0.219171 -0.875
v -4.125 0.284863 -0.875
v -3.875 0.32985 -0.875
v -3.625 0.282506 -0.875
v -3.375 0.21756 -0.875
v -3.125 0.144286 -0.875
v -2.875 0.08825 -0.875
v -2.625 0.0736606 -0.875
v -2.375 0.108792 -0.875
v -2.125 0.181303 -0.875
v -1.875 0.27025 -0.875
v -1.625 0.284184 -0.875
v -1.375 0.257025 -0.875
v -1.125 0.183084 -0.875
v -0.875 0.0813 -0.875
v -0.625 -0.0159857 -0.875
v -0.375 -0.0808831 -0.875
v -0.125 -0.105045 -0.875
v 0.125 -0.1026 -0.875
v 0.375 -0.0702966 -0.875
v 0.625 -0.0408882 -0.875
v 0.875 -0.016007 -0.875
v 1.125 0.006275 -0.875
v 1.375 0.0314323 -0.875
v 1.625 0.0638284 -0.875
v 1.875 0.102747 -0.875
v 2.125 0.14445 -0.875
v 2.375 0.144633 -0.875
v 2.625 0.114553 -0.875
v 2.875 0.0422933 -0.875
v 3.125 -0.05765 -0.875
v 3.375 -0.15127 -0.875
v 3.625 -0.204293 -0.875
v 3.875 -0.201583 -0.875
v 4.125 -0.15455 -0.875
v 4.375 -0.0639443 -0.875
v 4.625 0.00373197 -0.875
v 4.875 0.0386962 -0.875
v 5.125 0.04315 -0.875
v 5.375 0.0328268 -0.875
v 5.625 0.0263091 -0.875
v 5.875 0.0325767 -0.875
v 6.125 0.04725 -0.875
v 6.375 0.048781 -0.875
v 6.625 0.0364509 -0.875
v 6.875 0.0039013 -0.875
v 7.125 -0.0414625 -0.875
v 7.375 -0.0817572 -0.875
v 7.625 -0.0990649 -0.875
v 7.875 -0.0858981 -0.875
v -7.875 0.223862 -0.625
v -7.625 0.196923 -0.625
v -7.375 0.155105 -0.625
v -7.125 0.0967127 -0.625
v -6.875 0.0258299 -0.625
v -6.625 -0.0512469 -0.625
v -6.375 -0.12732 -0.625
v -6.125 -0.196166 -0.625
v -5.875 -0.25777 -0.625
v -5.625 -0.245527 -0.625
v -5.375 -0.193391 -0.625
v -5.125 -0.0868161 -0.625
v -4.875 0.0574546 -0.625
v -4.625 0.199905 -0.625
v -4.375 0.29939 -0.625
v -4.125 0.335294 -0.625
v -3.875 0.319076 -0.625
v -3.625 0.212199 -0.625
v -3.375 0.108148 -0.625
v -3.125 0.0165157 -0.625
v -2.875 -0.0419296 -0.625
v -2.625 -0.0502925 -0.625
v -2.375 -0.00529236 -0.625
v -2.125 0.081447 -0.625
v -1.875 0.193698 -0.625
v -1.625 0.252006 -0.625
v -1.375 0.266029 -0.625
v -1.125 0.231897 -0.625
v -0.875 0.165838 -0.625
v -0.625 0.094683 -0.625
v -0.375 0.0405149 -0.625
v -0.125 0.00827022 -0.625
v 0.125 -0.014925 -0.625
v 0.375 -0.0331104 -0.625
v 0.625 -0.0503057 -0.625
v 0.875 -0.0704159 -0.625
v 1.125 -0.0895204 -0.625
v 1.375 -0.0972308 -0.625
v 1.625 -0.0832207 -0.625
v 1.875 -0.0437168 -0.625
v 2.125 0.0172583 -0.625
v 2.375 0.0715227 -0.625
v 2.625 0.0844043 -0.625
v 2.875 0.0355093 -0.625
v 3.125 -0.0638734 -0.625
v 3.375 -0.173637 -0.625
v 3.625 -0.248099 -0.625
v 3.875 -0.262704 -0.625
v 4.125 -0.22727 -0.625
v 4.375 -0.126897 -0.625
v 4.625 -0.0377971 -0.625
v 4.875 0.035644 -0.625
v 5.125 0.0887562 -0.625
v 5.375 0.121476 -0.625
v 5.625 0.136562 -0.625
v 5.875 0.136062 -0.625
v 6.125 0.120944 -0.625
v 6.375 0.0721642 -0.625
v 6.625 0.0244061 -0.625
v 6.875 -0.0237543 -0.625
v 7.125 -0.0695915 -0.625
v 7.375 -0.108351 -0.625
v 7.625 -0.134787 -0.625
v 7.875 -0.145002 -0.625
v -7.875 0.259107 -0.375
v -7.625 0.212384 -0.375
v -7.375 0.162677 -0.375
v -7.125 0.116742 -0.375
v -6.875 0.0758602 -0.375
v -6.625 0.0321445 -0.375
v -6.375 -0.0243104 -0.375
v -6.125 -0.0970264 -0.375
v -5.875 -0.183076 -0.375
v -5.625 -0.215513 -0.375
v -5.375 -0.190086 -0.375
v -5.125 -0.0834086 -0.375
v -4.875 0.0807102 -0.375
v -4.625 0.241579 -0.375
v -4.375 0.336428 -0.375
v -4.125 0.33651 -0.375
v -3.875 0.261274 -0.375
v -3.625 0.110266 -0.375
v -3.375 -0.0197558 -0.375
v -3.125 -0.121195 -0.375
v -2.875 -0.178739 -0.375
v -2.625 -0.18073 -0.375
v -2.375 -0.125592 -0.375
v -2.125 -0.0220054 -0.375
v -1.875 0.118504 -0.375
v -1.625 0.225594 -0.375
v -1.375 0.280922 -0.375
v -1.125 0.279857 -0.375
v -0.875 0.23698 -0.375
v -0.625 0.178141 -0.375
v -0.375 0.125044 -0.375
v -0.125 0.0824 -0.375
v 0.125 0.0377133 -0.375
v 0.375 -0.0168608 -0.375
v 0.625 -0.0674703 -0.375
v 0.875 -0.120144 -0.375
v 1.125 -0.168938 -0.375
v 1.375 -0.198423 -0.375
v 1.625 -0.192622 -0.375
v 1.875 -0.144283 -0.375
v 2.125 -0.0583941 -0.375
v 2.375 0.0412584 -0.375
v 2.625 0.0860182 -0.375
v 2.875 0.0488599 -0.375
v 3.125 -0.0572997 -0.375
v 3.375 -0.181705 -0.375
v 3.625 -0.265884 -0.375
v 3.875 -0.278569 -0.375
v 4.125 -0.232152 -0.375
v 4.375 -0.118443 -0.375
v 4.625 -0.0157761 -0.375
v 4.875 0.0742692 -0.375
v 5.125 0.144881 -0.375
v 5.375 0.189639 -0.375
v 5.625 0.204471 -0.375
v 5.875 0.188161 -0.375
v 6.125 0.143589 -0.375
v 6.375 0.059321 -0.375
v 6.625 -0.0102593 -0.375
v 6.875 -0.0627135 -0.375
v 7.125 -0.0992783 -0.375
v 7.375 -0.125656 -0.375
v 7.625 -0.146874 -0.375
v 7.875 -0.162564 -0.375
v -7.875 0.174924 -0.125
v -7.625 0.132942 -0.125
v -7.375 0.100571 -0.125
v -7.125 0.0888263 -0.125
v -6.875 0.0930012 -0.125
v -6.625 0.0921101 -0.125
v -6.375 0.0631759 -0.125
v -6.125 -0.00324688 -0.125
v -5.875 -0.0999183 -0.125
v -5.625 -0.166005 -0.125
v -5.375 -0.165384 -0.125
v -5.125 -0.0701156 -0.125
v -4.875 0.0915507 -0.125
v -4.625 0.24652 -0.125
v -4.375 0.320255 -0.125
v -4.125 0.281078 -0.125
v -3.875 0.154197 -0.125
v -3.625 -0.0195485 -0.125
v -3.375 -0.157091 -0.125
v -3.125 -0.254384 -0.125
v -2.875 -0.302505 -0.125
v -2.625 -0.294231 -0.125
v -2.375 -0.22798 -0.125
v -2.125 -0.108254 -0.125
v -1.875 0.0582944 -0.125
v -1.625 0.207642 -0.125
v -1.375 0.296133 -0.125
v -1.125 0.316308 -0.125
v -0.875 0.281634 -0.125
v -0.625 0.220067 -0.125
v -0.375 0.157041 -0.125
v -0.125 0.100019 -0.125
v 0.125 0.0367545 -0.125
v 0.375 -0.0361526 -0.125
v 0.625 -0.101206 -0.125
v 0.875 -0.165415 -0.125
v 1.125 -0.221738 -0.125
v 1.375 -0.251984 -0.125
v 1.625 -0.237466 -0.125
v 1.875 -0.169956 -0.125
v 2.125 -0.0555185 -0.125
v 2.375 0.0714681 -0.125
v 2.625 0.130439 -0.125
v 2.875 0.0921578 -0.125
v 3.125 -0.0239583 -0.125
v 3.375 -0.155085 -0.125
v 3.625 -0.232932 -0.125
v 3.875 -0.225073 -0.125
v 4.125 -0.15038 -0.125
v 4.375 -0.0304061 -0.125
v 4.625 0.0691258 -0.125
v 4.875 0.147226 -0.125
v 5.125 0.199675 -0.125
v 5.375 0.222556 -0.125
v 5.625 0.213351 -0.125
v 5.875 0.17117 -0.125
v 6.125 0.097677 -0.125
v 6.375 -0.00218241 -0.125
v 6.625 -0.0741795 -0.125
v 6.875 -0.112642 -0.125
v 7.125 -0.122628 -0.125
v 7.375 -0.118858 -0.125
v 7.625 -0.115572 -0.125
v 7.875 -0.116695 -0.125
v -7.875 0 0.125
v -7.625 -0.020595 0.125
v -7.375 -0.0172206 0.125
v -7.125 0.0228513 0.125
v -6.875 0.08635 0.125
v -6.625 0.139055 0.125
v -6.375 0.146746 0.125
v -6.125 0.0961513 0.125
v -5.875 0 0.125
v -5.625 -0.0936666 0.125
v -5.375 -0.119278 0.125
v -5.125 -0.0477721 0.125
v -4.875 0.09055 0.125
v -4.625 0.217553 0.125
v -4.375 0.255103 0.125
v -4.125 0.172898 0.125
v -3.875 0 0.125
v -3.625 -0.177433 0.125
v -3.375 -0.30524 0.125
v -3.125 -0.384174 0.125
v -2.875 -0.41345 0.125
v -2.625 -0.391044 0.125
v -2.375 -0.314935 0.125
v -2.125 -0.184336 0.125
v -1.875 0 0.125
v -1.625 0.18274 0.125
v -1.375 0.297295 0.125
v -1.125 0.332425 0.125
v -0.875 0.29985 0.125
v -0.625 0.229793 0.125
v -0.375 0.15248 0.125
v -0.125 0.0796288 0.125
v 0.125 0 0.125
v 0.375 -0.0789659 0.125
v 0.625 -0.145151 0.125
v 0.875 -0.205438 0.125
v 1.125 -0.25265 0.125
v 1.375 -0.268281 0.125
v 1.625 -0.233824 0.125
v 1.875 -0.142103 0.125
v 2.125 0 0.125
v 2.375 0.139011 0.125
v 2.625 0.199649 0.125
v 2.875 0.154706 0.125
v 3.125 0.03255 0.125
v 3.375 -0.0936752 0.125
v 3.625 -0.150824 0.125
v 3.875 -0.11053 0.125
v 4.125 0 0.125
v 4.375 0.114459 0.125
v 4.625 0.194254 0.125
v 4.875 0.238004 0.125
v 5.125 0.24715 0.125
v 5.375 0.225402 0.125
v 5.625 0.176471 0.125
v 5.875 0.101797 0.125
v 6.125 0 0.125
v 6.375 -0.100252 0.125
v 6.625 -0.159391 0.125
v 6.875 -0.16864 0.125
v 7.125 -0.13715 0.125
v 7.375 -0.0885159 0.125
v 7.625 -0.0463337 0.125
v 7.875 -0.0197538 0.125
v -7.875 -0.172408 0.375
v -7.625 -0.165164 0.375
v -7.375 -0.127434 0.375
v -7.125 -0.0488656 0.375
v -6.875 0.0529225 0.375
v -6.625 0.141374 0.375
v -6.375 0.181975 0.375
v -6.125 0.161959 0.375
v -5.875 0.0955508 0.375
v -5.625 0.00400819 0.375
v -5.375 -0.0387722 0.375
v -5.125 -0.0113957 0.375
v -4.875 0.0630389 0.375
v -4.625 0.125147 0.375
v -4.375 0.116895 0.375
v -4.125 0.0183951 0.375
v -3.875 -0.146397 0.375
v -3.625 -0.274161 0.375
v -3.375 -0.354317 0.375
v -3.125 -0.391793 0.375
v -2.875 -0.393696 0.375
v -2.625 -0.363614 0.375
v -2.375 -0.299906 0.375
v -2.125 -0.197233 0.375
v -1.875 -0.0506048 0.375
v -1.625 0.108403 0.375
v -1.375 0.212459 0.375
v -1.125 0.250161 0.375
v -0.875 0.228241 0.375
v -0.625 0.170184 0.375
v -0.375 0.101787 0.375
v -0.125 0.0352759 0.375
v 0.125 -0.0363727 0.375
v 0.375 -0.0973467 0.375
v 0.625 -0.144496 0.375
v 0.875 -0.182453 0.375
v 1.125 -0.206125 0.375
v 1.375 -0.202409 0.375
v 1.625 -0.158691 0.375
v 1.875 -0.0710542 0.375
v 2.125 0.0549361 0.375
v 2.375 0.163289 0.375
v 2.625 0.206894 0.375
v 2.875 0.168794 0.375
v 3.125 0.0775976 0.375
v 3.375 -0.00551724 0.375
v 3.625 -0.0247713 0.375
v 3.875 0.0355982 0.375
v 4.125 0.148398 0.375
v 4.375 0.223125 0.375
v 4.625 0.259508 0.375
v 4.875 0.256203 0.375
v 5.125 0.219878 0.375
v 5.375 0.16077 0.375
v 5.625 0.0876853 0.375
v 5.875 0.00389913 0.375
v 6.125 -0.094641 0.375
v 6.375 -0.165057 0.375
v 6.625 -0.194037 0.375
v 6.875 -0.172546 0.375
v 7.125 -0.11088 0.375
v 7.375 -0.0339171 0.375
v 7.625 0.033029 0.375
v 7.875 0.0786238 0.375
v -7.875 -0.274479 0.625
v -7.625 -0.245773 0.625
v -7.375 -0.186609 0.625
v -7.125 -0.0896746 0.625
v -6.875 0.0268433 0.625
v -6.625 0.129847 0.625
v -6.375 0.189324 0.625
v -6.125 0.194426 0.625
v -5.875 0.158314 0.625
v -5.625 0.078825 0.625
v -5.375 0.0289293 0.625
v -5.125 0.0230237 0.625
v -4.875 0.0462307 0.625
v -4.625 0.0588723 0.625
v -4.375 0.0227237 0.625
v -4.125 -0.0736348 0.625
v -3.875 -0.213051 0.625
v -3.625 -0.295748 0.625
v -3.375 -0.336775 0.625
v -3.125 -0.341579 0.625
v -2.875 -0.321059 0.625
v -2.625 -0.283263 0.625
v -2.375 -0.2293 0.625
v -2.125 -0.153556 0.625
v -1.875 -0.0483209 0.625
v -1.625 0.0688821 0.625
v -1.375 0.147119 0.625
v -1.125 0.177905 0.625
v -0.875 0.16473 0.625
v -0.625 0.122929 0.625
v -0.375 0.070276 0.625
v -0.125 0.0160666 0.625
v 0.125 -0.043559 0.625
v 0.375 -0.0906417 0.625
v 0.625 -0.124034 0.625
v 0.875 -0.146061 0.625
v 1.125 -0.153921 0.625
v 1.375 -0.140485 0.625
v 1.625 -0.0992475 0.625
v 1.875 -0.0288908 0.625
v 2.125 0.0670742 0.625
v 2.375 0.14277 0.625
v 2.625 0.17233 0.625
v 2.875 0.147873 0.625
v 3.125 0.094169 0.625
v 3.375 0.0561334 0.625
v 3.625 0.0703527 0.625
v 3.875 0.141772 0.625
v 4.125 0.246712 0.625
v 4.375 0.28537 0.625
v 4.625 0.286875 0.625
v 4.875 0.250855 0.625
v 5.125 0.187559 0.625
v 5.375 0.110606 0.625
v 5.625 0.0306419 0.625
v 5.875 -0.0491537 0.625
v 6.125 -0.134789 0.625
v 6.375 -0.181226 0.625
v 6.625 -0.191482 0.625
v 6.875 -0.15809 0.625
v 7.125 -0.0905763 0.625
v 7.375 -0.0105708 0.625
v 7.625 0.0599397 0.625
v 7.875 0.110585 0.625
v -7.875 -0.304282 0.875
v -7.625 -0.257689 0.875
v -7.375 -0.188606 0.875
v -7.125 -0.093651 0.875
v -6.875 0.0126893 0.875
v -6.625 0.107521 0.875
v -6.375 0.170962 0.875
v -6.125 0.195695 0.875
v -5.875 0.190815 0.875
v -5.625 0.133138 0.875
v -5.375 0.0867712 0.875
v -5.125 0.0606964 0.875
v -4.875 0.0491393 0.875
v -4.625 0.0317993 0.875
v -4.375 -0.0117331 0.875
v -4.125 -0.0874925 0.875
v -3.875 -0.186703 0.875
v -3.625 -0.235001 0.875
v -3.375 -0.24967 0.875
v -3.125 -0.231576 0.875
v -2.875 -0.190993 0.875
v -2.625 -0.140577 0.875
v -2.375 -0.0887229 0.875
v -2.125 -0.0355604 0.875
v -1.875 0.0261299 0.875
v -1.625 0.0796928 0.875
v -1.375 0.113605 0.875
v -1.125 0.126737 0.875
v -0.875 0.121381 0.875
v -0.625 0.102017 0.875
v -0.375 0.0727678 0.875
v -0.125 0.0350868 0.875
v 0.125 -0.0128256 0.875
v 0.375 -0.0568989 0.875
v 0.625 -0.0868183 0.875
v 0.875 -0.102153 0.875
v 1.125 -0.103034 0.875
v 1.375 -0.090061 0.875
v 1.625 -0.0641302 0.875
v 1.875 -0.026077 0.875
v 2.125 0.0239686 0.875
v 2.375 0.0663654 0.875
v 2.625 0.08655 0.875
v 2.875 0.0840987 0.875
v 3.125 0.0757068 0.875
v 3.375 0.0861252 0.875
v 3.625 0.131521 0.875
v 3.875 0.208164 0.875
v 4.125 0.299351 0.875
v 4.375 0.308676 0.875
v 4.625 0.286021 0.875
v 4.875 0.233438 0.875
v 5.125 0.163367 0.875
v 5.375 0.089418 0.875
v 5.625 0.0201816 0.875
v 5.875 -0.0438559 0.875
v 6.125 -0.110167 0.875
v 6.375 -0.144618 0.875
v 6.625 -0.153352 0.875
v 6.875 -0.132712 0.875
v 7.125 -0.0892906 0.875
v 7.375 -0.0361763 0.875
v 7.625 0.0139871 0.875
v 7.875 0.0556684 0.875
v -7.875 -0.276456 1.125
v -7.625 -0.213229 1.125
v -7.375 -0.142211 1.125
v -7.125 -0.0646714 1.125
v -6.875 0.0118563 1.125
v -6.625 0.0798546 1.125
v -6.375 0.133946 1.125
v -6.125 0.171688 1.125
v -5.875 0.195869 1.125
v -5.625 0.165918 1.125
v -5.375 0.131799 1.125
v -5.125 0.0990048 1.125
v -4.875 0.0701313 1.125
v -4.625 0.0411454 1.125
v -4.375 0.00538692 1.125
v -4.125 -0.0408009 1.125
v -3.875 -0.0969063 1.125
v -3.625 -0.1254 1.125
v -3.375 -0.127122 1.125
v -3.125 -0.0946458 1.125
v -2.875 -0.0352844 1.125
v -2.625 0.0323325 1.125
v -2.375 0.0884083 1.125
v -2.125 0.122851 1.125
v -1.875 0.140875 1.125
v -1.625 0.119715 1.125
v -1.375 0.100738 1.125
v -1.125 0.0933574 1.125
v -0.875 0.0991375 1.125
v -0.625 0.108384 1.125
v -0.375 0.106586 1.125
v -0.125 0.0838535 1.125
v 0.125 0.0404688 1.125
v 0.375 -0.0140818 1.125
v 0.625 -0.0508643 1.125
v 0.875 -0.0658666 1.125
v 1.125 -0.0631312 1.125
v 1.375 -0.0535375 1.125
v 1.625 -0.0476509 1.125
v 1.875 -0.0487678 1.125
v 2.125 -0.0522812 1.125
v 2.375 -0.0419051 1.125
v 2.625 -0.028536 1.125
v 2.875 -0.00735161 1.125
v 3.125 0.0283063 1.125
v 3.375 0.0829601 1.125
v 3.625 0.154291 1.125
v 3.875 0.232678 1.125
v 4.125 0.309969 1.125
v 4.375 0.301602 1.125
v 4.625 0.268175 1.125
v 4.875 0.214991 1.125
v 5.125 0.155127 1.125
v 5.375 0.0992701 1.125
v 5.625 0.0510067 1.125
v 5.875 0.0065087 1.125
v 6.125 -0.0423937 1.125
v 6.375 -0.0790515 1.125
v 6.625 -0.101906 1.125
v 6.875 -0.11238 1.125
v 7.125 -0.112766 1.125
v 7.375 -0.104454 1.125
v 7.625 -0.0871961 1.125
v 7.875 -0.0593863 1.125
v -7.875 -0.216546 1.375
v -7.625 -0.13738 1.375
v -7.375 -0.0685047 1.375
v -7.125 -0.0161266 1.375
v -6.875 0.020417 1.375
v -6.625 0.050905 1.375
v -6.375 0.08618 1.375
v -6.125 0.129435 1.375
v -5.875 0.176482 1.375
v -5.625 0.17518 1.375
v -5.375 0.158391 1.375
v -5.125 0.129334 1.375
v -4.875 0.0963597 1.375
v -4.625 0.066653 1.375
v -4.375 0.0427481 1.375
v -4.125 0.021936 1.375
v -3.875 -0.00138279 1.375
v -3.625 -0.0221838 1.375
v -3.375 -0.0195213 1.375
v -3.125 0.0224608 1.375
v -2.875 0.0984161 1.375
v -2.625 0.182095 1.375
v -2.375 0.241167 1.375
v -2.125 0.25582 1.375
v -1.875 0.230379 1.375
v -1.625 0.141696 1.375
v -1.375 0.0780445 1.375
v -1.125 0.0593529 1.375
v -0.875 0.0843811 1.375
v -0.625 0.126451 1.375
v -0.375 0.150507 1.375
v -0.125 0.135379 1.375
v 0.125 0.08511 1.375
v 0.375 0.0110479 1.375
v 0.625 -0.0370116 1.375
v 0.875 -0.0505619 1.375
v 1.125 -0.0385138 1.375
v 1.375 -0.0244264 1.375
v 1.625 -0.0310162 1.375
v 1.875 -0.0651895 1.375
v 2.125 -0.116842 1.375
v 2.375 -0.136716 1.375
v 2.625 -0.132649 1.375
v 2.875 -0.0968722 1.375
v 3.125 -0.0314887 1.375
v 3.375 0.05225 1.375
v 3.625 0.138715 1.375
v 3.875 0.215386 1.375
v 4.125 0.281729 1.375
v 4.375 0.269663 1.375
v 4.625 0.239102 1.375
v 4.875 0.198003 1.375
v 5.125 0.158135 1.375
v 5.375 0.125404 1.375
v 5.625 0.0975454 1.375
v 5.875 0.066896 1.375
v 6.125 0.0259196 1.375
v 6.375 -0.0226234 1.375
v 6.625 -0.0660641 1.375
v 6.875 -0.110383 1.375
v 7.125 -0.153582 1.375
v 7.375 -0.185976 1.375
v 7.625 -0.195332 1.375
v 7.875 -0.173589 1.375
v -7.875 -0.147182 1.625
v -7.625 -0.0547055 1.625
v -7.375 0.00999052 1.625
v -7.125 0.036082 1.625
v -6.875 0.0316733 1.625
v -6.625 0.0222936 1.625
v -6.375 0.0337792 1.625
v -6.125 0.0749655 1.625
v -5.875 0.135611 1.625
v -5.625 0.159759 1.625
v -5.375 0.16164 1.625
v -5.125 0.142292 1.625
v -4.875 0.112113 1.625
v -4.625 0.0841219 1.625
v -4.375 0.0664186 1.625
v -4.125 0.0576985 1.625
v -3.875 0.0496673 1.625
v -3.625 0.0309251 1.625
v -3.375 0.0360337 1.625
v -3.125 0.0858231 1.625
v -2.875 0.173545 1.625
v -2.625 0.264737 1.625
v -2.375 0.317301 1.625
v -2.125 0.306307 1.625
v -1.875 0.238097 1.625
v -1.625 0.105064 1.625
v -1.375 0.0187787 1.625
v -1.125 0.00630314 1.625
v -0.875 0.0599133 1.625
v -0.625 0.135086 1.625
v -0.375 0.178477 1.625
v -0.125 0.161376 1.625
v 0.125 0.0941183 1.625
v 0.375 0.000329891 1.625
v 0.625 -0.0554633 1.625
v 0.875 -0.0597685 1.625
v 1.125 -0.0267849 1.625
v 1.375 0.00632578 1.625
v 1.625 0.00337993 1.625
v 1.875 -0.0474949 1.625
v 2.125 -0.130951 1.625
v 2.375 -0.179119 1.625
v 2.625 -0.190787 1.625
v 2.875 -0.157196 1.625
v 3.125 -0.0855474 1.625
v 3.375 0.00440028 1.625
v 3.625 0.0905792 1.625
v 3.875 0.160294 1.625
v 4.125 0.217925 1.625
v 4.375 0.21457 1.625
v 4.625 0.197973 1.625
v 4.875 0.176835 1.625
v 5.125 0.159451 1.625
v 5.375 0.146245 1.625
v 5.625 0.130319 1.625
v 5.875 0.102555 1.625
v 6.125 0.0577686 1.625
v 6.375 -0.00408747 1.625
v 6.625 -0.0635171 1.625
v 6.875 -0.12899 1.625
v 7.125 -0.195426 1.625
v 7.375 -0.245966 1.625
v 7.625 -0.261161 1.625
v 7.875 -0.229766 1.625
v -7.875 -0.0769429 1.875
v -7.625 0.0227376 1.875
v -7.375 0.0804743 1.875
v -7.125 0.0817134 1.875
v -6.875 0.0402146 1.875
v -6.625 -0.0063966 1.875
v -6.375 -0.0204685 1.875
v -6.125 0.0118204 1.875
v -5.875 0.0759654 1.875
v -5.625 0.120591 1.875
v -5.375 0.140245 1.875
v -5.125 0.133193 1.875
v -4.875 0.108385 1.875
v -4.625 0.0803756 1.875
v -4.375 0.0605786 1.875
v -4.125 0.0504687 1.875
v -3.875 0.0423542 1.875
v -3.625 0.0259217 1.875
v -3.375 0.0354686 1.875
v -3.125 0.0918126 1.875
v -2.875 0.18346 1.875
v -2.625 0.269071 1.875
v -2.375 0.302179 1.875
v -2.125 0.259082 1.875
v -1.875 0.150869 1.875
v -1.625 0.00230353 1.875
v -1.375 -0.0811986 1.875
v -1.125 -0.0704482 1.875
v -0.875 0.0171703 1.875
v -0.625 0.121166 1.875
v -0.375 0.175423 1.875
v -0.125 0.149176 1.875
v 0.125 0.060949 1.875
v 0.375 -0.0448156 1.875
v 0.625 -0.0997245 1.875
v 0.875 -0.0856253 1.875
v 1.125 -0.0215461 1.875
v 1.375 0.0431101 1.875
v 1.625 0.0595831 1.875
v 1.875 0.0103735 1.875
v 2.125 -0.085148 1.875
v 2.375 -0.158707 1.875
v 2.625 -0.192378 1.875
v 2.875 -0.177893 1.875
v 3.125 -0.123558 1.875
v 3.375 -0.0505122 1.875
v 3.625 0.019111 1.875
v 3.875 0.0746485 1.875
v 4.125 0.122488 1.875
v 4.375 0.135794 1.875
v 4.625 0.140255 1.875
v 4.875 0.142996 1.875
v 5.125 0.146873 1.875
v 5.375 0.146881 1.875
v 5.625 0.133614 1.875
v 5.875 0.0994598 1.875
v 6.125 0.0432032 1.875
v 6.375 -0.0264618 1.875
v 6.625 -0.0908627 1.875
v 6.875 -0.158431 1.875
v 7.125 -0.222618 1.875
v 7.375 -0.264354 1.875
v 7.625 -0.262937 1.875
v 7.875 -0.207935 1.875
v -7.875 0 2.125
v -7.625 0.0990847 2.125
v -7.375 0.145255 2.125
v -7.125 0.121197 2.125
v -6.875 0.0449625 2.125
v -6.625 -0.0368921 2.125
v -6.375 -0.0778117 2.125
v -6.125 -0.0597425 2.125
v -5.875 0 2.125
v -5.625 0.061606 2.125
v -5.375 0.0984126 2.125
v -5.125 0.105354 2.125
v -4.875 0.0877125 2.125
v -4.625 0.0591067 2.125
v -4.375 0.0331562 2.125
v -4.125 0.0151425 2.125
v -3.875 0 2.125
v -3.625 -0.0117836 2.125
v -3.375 0.00397551 2.125
v -3.125 0.0642916 2.125
v -2.875 0.151425 2.125
v -2.625 0.21963 2.125
v -2.375 0.223162 2.125
v -2.125 0.14428 2.125
v -1.875 0 2.125
v -1.625 -0.142721 2.125
v -1.375 -0.205927 2.125
v -1.125 -0.162353 2.125
v -0.875 -0.040425 2.125
v -0.625 0.0865558 2.125
v -0.375 0.145289 2.125
v -0.125 0.10735 2.125
v 0.125 0 2.125
v 0.375 -0.108154 2.125
v 0.625 -0.15418 2.125
v 0.875 -0.116104 2.125
v 1.125 -0.0168375 2.125
v 1.375 0.0845338 2.125
v 1.625 0.128924 2.125
v 1.875 0.093421 2.125
v 2.125 0 2.125
v 2.375 -0.0957396 2.125
v 2.625 -0.154556 2.125
v 2.875 -0.169715 2.125
v 3.125 -0.148237 2.125
v 3.375 -0.108231 2.125
v 3.625 -0.0678002 2.125
v 3.875 -0.0339682 2.125
v 4.125 0 2.125
v 4.375 0.0335316 2.125
v 4.625 0.0629732 2.125
v 4.875 0.0921889 2.125
v 5.125 0.11715 2.125
v 5.375 0.127467 2.125
v 5.625 0.112752 2.125
v 5.875 0.0689747 2.125
v 6.125 0 2.125
v 6.375 -0.0705717 2.125
v 6.625 -0.130406 2.125
v 6.875 -0.186138 2.125
v 7.125 -0.23085 2.125
v 7.375 -0.246706 2.125
v 7.625 -0.215869 2.125
v 7.875 -0.131422 2.125
v -7.875 0.0681132 2.375
v -7.625 0.140157 2.375
v -7.375 0.163751 2.375
v -7.125 0.123758 2.375
v -6.875 0.037141 2.375
v -6.625 -0.0541743 2.375
v -6.375 -0.108245 2.375
v -6.125 -0.108067 2.375
v -5.875 -0.0687484 2.375
v -5.625 -0.0087235 2.375
v -5.375 0.0334499 2.375
v -5.125 0.0510271 2.375
v -4.875 0.0444654 2.375
v -4.625 0.0227818 2.375
v -4.375 -0.0021027 2.375
v -4.125 -0.0228223 2.375
v -3.875 -0.0406149 2.375
v -3.625 -0.044763 2.375
v -3.375 -0.0272975 2.375
v -3.125 0.0206753 2.375
v -2.875 0.0804496 2.375
v -2.625 0.114606 2.375
v -2.375 0.0904513 2.375
v -2.125 0.00051971 2.375
v -1.875 -0.137334 2.375
v -1.625 -0.235893 2.375
v -1.375 -0.263285 2.375
v -1.125 -0.201312 2.375
v -0.875 -0.0807876 2.375
v -0.625 0.0330449 2.375
v -0.375 0.0800385 2.375
v -0.125 0.0415099 2.375
v 0.125 -0.0546749 2.375
v 0.375 -0.136433 2.375
v 0.625 -0.16237 2.375
v 0.875 -0.112845 2.375
v 1.125 -0.00808504 2.375
v 1.375 0.0998716 2.375
v 1.625 0.158322 2.375
v 1.875 0.145461 2.375
v 2.125 0.0796718 2.375
v 2.375 -0.0105288 2.375
v 2.625 -0.0767274 2.375
v 2.875 -0.115425 2.375
v 3.125 -0.130396 2.375
v 3.375 -0.131825 2.375
v 3.625 -0.129055 2.375
v 3.875 -0.123873 2.375
v 4.125 -0.11119 2.375
v 4.375 -0.0678611 2.375
v 4.625 -0.0233454 2.375
v 4.875 0.0222122 2.375
v 5.125 0.0596244 2.375
v 5.375 0.0764311 2.375
v 5.625 0.0641657 2.375
v 5.875 0.0231419 2.375
v 6.125 -0.0392114 2.375
v 6.375 -0.0919989 2.375
v 6.625 -0.13174 2.375
v 6.875 -0.161522 2.375
v 7.125 -0.175949 2.375
v 7.375 -0.163248 2.375
v 7.625 -0.113205 2.375
v 7.875 -0.0241357 2.375
v -7.875 0.0962606 2.625
v -7.625 0.142496 2.625
v -7.375 0.150182 2.625
v -7.125 0.107719 2.625
v -6.875 0.0285966 2.625
v -6.625 -0.054663 2.625
v -6.375 -0.109367 2.625
v -6.125 -0.121619 2.625
v -5.875 -0.102696 2.625
v -5.625 -0.054054 2.625
v -5.375 -0.0157743 2.625
v -5.125 0.0053124 2.625
v -4.875 0.00656538 2.625
v -4.625 -0.00718287 2.625
v -4.375 -0.0267945 2.625
v -4.125 -0.0446664 2.625
v -3.875 -0.0594639 2.625
v -3.625 -0.0563318 2.625
v -3.375 -0.038835 2.625
v -3.125 -0.00402333 2.625
v -2.875 0.031956 2.625
v -2.625 0.0424779 2.625
v -2.375 0.00743389 2.625
v -2.125 -0.0738189 2.625
v -1.875 -0.185972 2.625
v -1.625 -0.245598 2.625
v -1.375 -0.249023 2.625
v -1.125 -0.184882 2.625
v -0.875 -0.0806081 2.625
v -0.625 0.0118078 2.625
v -0.375 0.0470331 2.625
v -0.125 0.0134811 2.625
v 0.125 -0.0648536 2.625
v 0.375 -0.125749 2.625
v 0.625 -0.141061 2.625
v 0.875 -0.0942705 2.625
v 1.125 -0.000811197 2.625
v 1.375 0.0980029 2.625
v 1.625 0.159263 2.625
v 1.875 0.16374 2.625
v 2.125 0.124928 2.625
v 2.375 0.0493643 2.625
v 2.625 -0.0143533 2.625
v 2.875 -0.0655505 2.625
v 3.125 -0.104847 2.625
v 3.375 -0.134853 2.625
v 3.625 -0.15702 2.625
v 3.875 -0.169211 2.625
v 4.125 -0.168556 2.625
v 4.375 -0.12107 2.625
v 4.625 -0.0698176 2.625
v 4.875 -0.0170346 2.625
v 5.125 0.0262494 2.625
v 5.375 0.0477328 2.625
v 5.625 0.0407373 2.625
v 5.875 0.00761133 2.625
v 6.125 -0.043218 2.625
v 6.375 -0.0829822 2.625
v 6.625 -0.109467 2.625
v 6.875 -0.122505 2.625
v 7.125 -0.117886 2.625
v 7.375 -0.0893275 2.625
v 7.625 -0.0333395 2.625
v 7.875 0.0476379 2.625
v -7.875 0.0787202 2.875
v -7.625 0.102116 2.875
v -7.375 0.102579 2.875
v -7.125 0.0735321 2.875
v -6.875 0.0222358 2.875
v -6.625 -0.0336162 2.875
v -6.375 -0.0757912 2.875
v -6.125 -0.0957453 2.875
v -5.875 -0.099032 2.875
v -5.625 -0.0742296 2.875
v -5.375 -0.0512176 2.875
v -5.125 -0.0352063 2.875
v -4.875 -0.0300258 2.875
v -4.625 -0.0344956 2.875
v -4.375 -0.0433653 2.875
v -4.125 -0.0507828 2.875
v -3.875 -0.0542404 2.875
v -3.625 -0.042115 2.875
v -3.375 -0.0249019 2.875
v -3.125 -0.00306156 2.875
v -2.875 0.0139018 2.875
v -2.625 0.0130133 2.875
v -2.375 -0.0138097 2.875
v -2.125 -0.0644305 2.875
v -1.875 -0.130031 2.875
v -1.625 -0.158626 2.875
v -1.375 -0.15198 2.875
v -1.125 -0.101956 2.875
v -0.875 -0.0266571 2.875
v -0.625 0.0389155 2.875
v -0.375 0.0637259 2.875
v -0.125 0.0391034 2.875
v 0.125 -0.0192958 2.875
v 0.375 -0.072553 2.875
v 0.625 -0.0921289 2.875
v 0.875 -0.0644599 2.875
v 1.125 0.00166685 2.875
v 1.375 0.0777627 2.875
v 1.625 0.132249 2.875
v 1.875 0.148986 2.875
v 2.125 0.135678 2.875
v 2.375 0.0829135 2.875
v 2.625 0.0304268 2.875
v 2.875 -0.023792 2.875
v 3.125 -0.0768615 2.875
v 3.375 -0.123226 2.875
v 3.625 -0.156448 2.875
v 3.875 -0.171549 2.875
v 4.125 -0.168869 2.875
v 4.375 -0.118897 2.875
v 4.625 -0.0664853 2.875
v 4.875 -0.0136816 2.875
v 5.125 0.0302753 2.875
v 5.375 0.0554886 2.875
v 5.625 0.0566031 2.875
v 5.875 0.0351867 2.875
v 6.125 -0.00219516 2.875
v 6.375 -0.0393687 2.875
v 6.625 -0.0640746 2.875
v 6.875 -0.0728419 2.875
v 7.125 -0.0621498 2.875
v 7.375 -0.0308657 2.875
v 7.625 0.0182502 2.875
v 7.875 0.0794549 2.875
v -7.875 0.0319063 3.125
v -7.625 0.0370527 3.125
v -7.375 0.0375503 3.125
v -7.125 0.0326702 3.125
v -6.875 0.0219062 3.125
v -6.625 0.0051302 3.125
v -6.375 -0.0167923 3.125
v -6.125 -0.0420024 3.125
v -5.875 -0.0693438 3.125
v -5.625 -0.0775652 3.125
v -5.375 -0.0782729 3.125
v -5.125 -0.0740093 3.125
v -4.875 -0.0683594 3.125
v -4.625 -0.0631034 3.125
v -4.375 -0.0573076 3.125
v -4.125 -0.0480997 3.125
v -3.875 -0.032875 3.125
v -3.625 -0.00882686 3.125
v -3.375 0.00928258 3.125
v -3.125 0.0192705 3.125
v -2.875 0.0207344 3.125
v -2.625 0.0158654 3.125
v -2.375 0.00799027 3.125
v -2.125 -0.000590701 3.125
v -1.875 -0.00990625 3.125
v -1.625 -0.015229 3.125
v -1.375 -0.00753378 3.125
v -1.125 0.0213728 3.125
v -0.875 0.0651094 3.125
v -0.625 0.104883 3.125
v -0.375 0.120633 3.125
v -0.125 0.102961 3.125
v 0.125 0.0576563 3.125
v 0.375 -0.00343593 3.125
v 0.625 -0.0399743 3.125
v 0.875 -0.0403626 3.125
v 1.125 -0.00696875 3.125
v 1.375 0.0428346 3.125
v 1.625 0.0869572 3.125
v 1.875 0.111806 3.125
v 2.125 0.120031 3.125
v 2.375 0.0932605 3.125
v 2.625 0.0563266 3.125
v 2.875 0.0044561 3.125
v 3.125 -0.0556641 3.125
v 3.375 -0.10958 3.125
v 3.625 -0.142611 3.125
v 3.875 -0.147523 3.125
v 4.125 -0.128656 3.125
v 4.375 -0.0731899 3.125
v 4.625 -0.0206364 3.125
v 4.875 0.0286112 3.125
v 5.125 0.0694844 3.125
v 5.375 0.0959688 3.125
v 5.625 0.103782 3.125
v 5.875 0.0919741 3.125
v 6.125 0.0634375 3.125
v 6.375 0.0175218 3.125
v 6.625 -0.0156316 3.125
v 6.875 -0.0293043 3.125
v 7.125 -0.0207109 3.125
v 7.375 0.00594687 3.125
v 7.625 0.0417689 3.125
v 7.875 0.0783613 3.125
v -7.875 -0.01439 3.375
v -7.625 -0.0231602 3.375
v -7.375 -0.0199777 3.375
v -7.125 9.635e-05 3.375
v -6.875 0.0292921 3.375
v -6.625 0.0506018 3.375
v -6.375 0.0483005 3.375
v -6.125 0.0176702 3.375
v -5.875 -0.0339182 3.375
v -5.625 -0.0769171 3.375
v -5.375 -0.103318 3.375
v -5.125 -0.113003 3.375
v -4.875 -0.108823 3.375
v -4.625 -0.0948352 3.375
v -4.375 -0.0739459 3.375
v -4.125 -0.0462632 3.375
v -3.875 -0.00948396 3.375
v -3.625 0.0288601 3.375
v -3.375 0.0495799 3.375
v -3.125 0.0487876 3.375
v -2.875 0.0347994 3.375
v -2.625 0.024377 3.375
v -2.375 0.0318784 3.375
v -2.125 0.0599019 3.375
v -1.875 0.100002 3.375
v -1.625 0.114128 3.375
v -1.375 0.1233 3.375
v -1.125 0.136932 3.375
v -0.875 0.157764 3.375
v -0.625 0.178127 3.375
v -0.375 0.18451 3.375
v -0.125 0.165745 3.375
v 0.125 0.120158 3.375
v 0.375 0.0418059 3.375
v 0.625 -0.0150473 3.375
v 0.875 -0.0397831 3.375
v 1.125 -0.0309984 3.375
v 1.375 0.000130732 3.375
v 1.625 0.0368208 3.375
v 1.875 0.0671325 3.375
v 2.125 0.091049 3.375
v 2.375 0.0878392 3.375
v 2.625 0.0658083 3.375
v 2.875 0.017288 3.375
v 3.125 -0.047391 3.375
v 3.375 -0.104864 3.375
v 3.625 -0.132154 3.375
v 3.875 -0.119858 3.375
v 4.125 -0.0763827 3.375
v 4.375 -0.0103511 3.375
v 4.625 0.0447371 3.375
v 4.875 0.0900411 3.375
v 5.125 0.124885 3.375
v 5.375 0.147494 3.375
v 5.625 0.155068 3.375
v 5.875 0.144493 3.375
v 6.125 0.114984 3.375
v 6.375 0.0544276 3.375
v 6.625 0.00978404 3.375
v 6.875 -0.00947451 3.375
v 7.125 -0.00224466 3.375
v 7.375 0.0212295 3.375
v 7.625 0.0458571 3.375
v 7.875 0.0612096 3.375
v -7.875 -0.0356853 3.625
v -7.625 -0.0552528 3.625
v -7.375 -0.0513623 3.625
v -7.125 -0.0145027 3.625
v -6.875 0.0425592 3.625
v -6.625 0.0903419 3.625
v -6.375 0.100566 3.625
v -6.125 0.0633252 3.625
v -5.875 -0.00959016 3.625
v -5.625 -0.0811974 3.625
v -5.375 -0.128601 3.625
v -5.125 -0.14988 3.625
v -4.875 -0.147467 3.625
v -4.625 -0.127087 3.625
v -4.375 -0.0943198 3.625
v -4.125 -0.0512633 3.625
v -3.875 0.00427099 3.625
v -3.625 0.0568614 3.625
v -3.375 0.0811275 3.625
v -3.125 0.0702508 3.625
v -2.875 0.0384194 3.625
v -2.625 0.0142957 3.625
v -2.375 0.0227434 3.625
v -2.125 0.068914 3.625
v -1.875 0.138785 3.625
v -1.625 0.172453 3.625
v -1.375 0.190823 3.625
v -1.125 0.203289 3.625
v -0.875 0.215724 3.625
v -0.625 0.224777 3.625
v -0.375 0.219937 3.625
v -0.125 0.190039 3.625
v 0.125 0.130898 3.625
v 0.375 0.0362049 3.625
v 0.625 -0.0337943 3.625
v 0.875 -0.0691357 3.625
v 1.125 -0.0685459 3.625
v 1.375 -0.0427092 3.625
v 1.625 -0.00737376 3.625
v 1.875 0.0266854 3.625
v 2.125 0.0598284 3.625
v 2.375 0.0740823 3.625
v 2.625 0.063291 3.625
v 2.875 0.0170113 3.625
v 3.125 -0.0516282 3.625
v 3.375 -0.111711 3.625
v 3.625 -0.132959 3.625
v 3.875 -0.103762 3.625
v 4.125 -0.0357764 3.625
v 4.375 0.0438308 3.625
v 4.625 0.104002 3.625
v 4.875 0.146058 3.625
v 5.125 0.172157 3.625
v 5.375 0.18419 3.625
v 5.625 0.181782 3.625
v 5.875 0.16171 3.625
v 6.125 0.121001 3.625
v 6.375 0.0481176 3.625
v 6.625 -0.00278152 3.625
v 6.875 -0.0205045 3.625
v 7.125 -0.00709131 3.625
v 7.375 0.0205695 3.625
v 7.625 0.0415328 3.625
v 7.875 0.0441067 3.625
v -7.875 -0.0266143 3.875
v -7.625 -0.0547416 3.875
v -7.375 -0.0539157 3.875
v -7.125 -0.0115996 3.875
v -6.875 0.0573223 3.875
v -6.625 0.116685 3.875
v -6.375 0.13105 3.875
v -6.125 0.0872635 3.875
v -5.875 -0.000760399 3.875
v -5.625 -0.0902233 3.875
v -5.375 -0.150396 3.875
v -5.125 -0.178629 3.875
v -4.875 -0.177464 3.875
v -4.625 -0.153695 3.875
v -4.375 -0.114245 3.875
v -4.125 -0.0619598 3.875
v -3.875 0.00556895 3.875
v -3.625 0.0692251 3.875
v -3.375 0.0963883 3.875
v -3.125 0.076117 3.875
v -2.875 0.0247994 3.875
v -2.625 -0.0208987 3.875
v -2.375 -0.026959 3.875
v -2.125 0.016708 3.875
v -1.875 0.09414 3.875
v -1.625 0.148101 3.875
v -1.375 0.183818 3.875
v -1.125 0.208301 3.875
v -0.875 0.224601 3.875
v -0.625 0.228342 3.875
v -0.375 0.210437 3.875
v -0.125 0.16273 3.875
v 0.125 0.0832937 3.875
v 0.375 -0.0184933 3.875
v 0.625 -0.0889881 3.875
v 0.875 -0.119359 3.875
v 1.125 -0.111769 3.875
v 1.375 -0.0802669 3.875
v 1.625 -0.0419194 3.875
v 1.875 -0.00607113 3.875
v 2.125 0.0303854 3.875
v 2.375 0.0556298 3.875
v 2.625 0.0525016 3.875
v 2.875 0.00837523 3.875
v 3.125 -0.0622192 3.875
v 3.375 -0.12356 3.875
v 3.625 -0.140374 3.875
v 3.875 -0.0991964 3.875
v 4.125 -0.0135039 3.875
v 4.375 0.0777506 3.875
v 4.625 0.142581 3.875
v 4.875 0.180843 3.875
v 5.125 0.195514 3.875
v 5.375 0.191226 3.875
v 5.625 0.170944 3.875
v 5.875 0.13369 3.875
v 6.125 0.076164 3.875
v 6.375 -0.000717617 3.875
v 6.625 -0.0483497 3.875
v 6.875 -0.0552012 3.875
v 7.125 -0.0276227 3.875
v 7.375 0.0111239 3.875
v 7.625 0.0354344 3.875
v 7.875 0.0333849 3.875
v -7.875 0 4.125
v -7.625 -0.0349458 4.125
v -7.375 -0.0395818 4.125
v -7.125 0.000396617 4.125
v -6.875 0.070075 4.125
v -6.625 0.130994 4.125
v -6.375 0.144694 4.125
v -6.125 0.0962615 4.125
v -5.875 0 4.125
v -5.625 -0.0980224 4.125
v -5.375 -0.164162 4.125
v -5.125 -0.195689 4.125
v -4.875 -0.19545 4.125
v -4.625 -0.170779 4.125
v -4.375 -0.129013 4.125
v -4.125 -0.0729963 4.125
v -3.875 0 4.125
v -3.625 0.0702458 4.125
v -3.375 0.0986069 4.125
v -3.125 0.069731 4.125
v -2.875 -0.000375003 4.125
v -2.625 -0.0704341 4.125
v -2.375 -0.0991694 4.125
v -2.125 -0.0705739 4.125
v -1.875 0 4.125
v -1.625 0.0733371 4.125
v -1.375 0.129716 4.125
v -1.125 0.171947 4.125
v -0.875 0.1971 4.125
v -0.625 0.197615 4.125
v -0.375 0.165934 4.125
v -0.125 0.0991254 4.125
v 0.125 0 4.125
v 0.375 -0.0985092 4.125
v 0.625 -0.159122 4.125
v 0.875 -0.174975 4.125
v 1.125 -0.153225 4.125
v 1.375 -0.112322 4.125
v 1.625 -0.0707157 4.125
v 1.875 -0.0355627 4.125
v 2.125 0 4.125
v 2.375 0.0323936 4.125
v 2.625 0.0356821 4.125
v 2.875 -0.00410417 4.125
v 3.125 -0.0724 4.125
v 3.375 -0.131646 4.125
v 3.625 -0.144282 4.125
v 3.875 -0.0957436 4.125
v 4.125 0 4.125
v 4.375 0.0974856 4.125
v 4.625 0.16354 4.125
v 4.875 0.195644 4.125
v 5.125 0.196425 4.125
v 5.375 0.172652 4.125
v 5.625 0.131098 4.125
v 5.875 0.0743862 4.125
v 6.125 0 4.125
v 6.375 -0.0723851 4.125
v 6.625 -0.108975 4.125
v 6.875 -0.0991333 4.125
v 7.125 -0.05395 4.125
v 7.375 -0.00202295 4.125
v 7.625 0.02805 4.125
v 7.875 0.0251788 4.125
v -7.875 0.0238723 4.375
v -7.625 -0.00756936 4.375
v -7.375 -0.0156999 4.375
v -7.125 0.0115367 4.375
v -6.875 0.0632395 4.375
v -6.625 0.109262 4.375
v -6.375 0.11878 4.375
v -6.125 0.0792886 4.375
v -5.875 0.00156142 4.375
v -5.625 -0.0779871 4.375
v -5.375 -0.13195 4.375
v -5.125 -0.158293 4.375
v -4.875 -0.159352 4.375
v -4.625 -0.140925 4.375
v -4.375 -0.108678 4.375
v -4.125 -0.0646351 4.375
v -3.875 -0.00651137 4.375
v -3.625 0.0510311 4.375
v -3.375 0.0731706 4.375
v -3.125 0.0446868 4.375
v -2.875 -0.0231507 4.375
v -2.625 -0.0961041 4.375
v -2.375 -0.137504 4.375
v -2.125 -0.130294 4.375
v -1.875 -0.0850827 4.375
v -1.625 -0.0141419 4.375
v -1.375 0.0456647 4.375
v -1.125 0.0926611 4.375
v -0.875 0.119315 4.375
v -0.625 0.117179 4.375
v -0.375 0.0820156 4.375
v -0.125 0.0163183 4.375
v 0.125 -0.0735991 4.375
v 0.375 -0.142773 4.375
v 0.625 -0.178351 4.375
v 0.875 -0.177023 4.375
v 1.125 -0.148457 4.375
v 1.375 -0.110109 4.375
v 1.625 -0.076766 4.375
v 1.875 -0.0517593 4.375
v 2.125 -0.026729 4.375
v 2.375 0.00305234 4.375
v 2.625 0.0109376 4.375
v 2.875 -0.0145179 4.375
v 3.125 -0.0626752 4.375
v 3.375 -0.104461 4.375
v 3.625 -0.110358 4.375
v 3.875 -0.0686704 4.375
v 4.125 0.0099996 4.375
v 4.375 0.0871022 4.375
v 4.625 0.136871 4.375
v 4.875 0.155328 4.375
v 5.125 0.143999 4.375
v 5.375 0.109672 4.375
v 5.625 0.060649 4.375
v 5.875 0.00206898 4.375
v 6.125 -0.0671676 4.375
v 6.375 -0.116113 4.375
v 6.625 -0.133145 4.375
v 6.875 -0.111286 4.375
v 7.125 -0.0627868 4.375
v 7.375 -0.0131965 4.375
v 7.625 0.0139878 4.375
v 7.875 0.0113963 4.375
v -7.875 0.03177 4.625
v -7.625 0.00780039 4.625
v -7.375 0.000395566 4.625
v -7.125 0.0192488 4.625
v -6.875 0.057188 4.625
v -6.625 0.0922127 4.625
v -6.375 0.101037 4.625
v -6.125 0.0734297 4.625
v -5.875 0.0166468 4.625
v -5.625 -0.0457839 4.625
v -5.375 -0.0898658 4.625
v -5.125 -0.114194 4.625
v -4.875 -0.120092 4.625
v -4.625 -0.111255 4.625
v -4.375 -0.0912929 4.625
v -4.125 -0.0613314 4.625
v -3.875 -0.0198056 4.625
v -3.625 0.0253327 4.625
v -3.375 0.0432939 4.625
v -3.125 0.020378 4.625
v -2.875 -0.0367559 4.625
v -2.625 -0.102288 4.625
v -2.375 -0.146452 4.625
v -2.125 -0.153205 4.625
v -1.875 -0.128765 4.625
v -1.625 -0.0671463 4.625
v -1.375 -0.0120035 4.625
v -1.125 0.032364 4.625
v -0.875 0.0568107 4.625
v -0.625 0.0538984 4.625
v -0.375 0.0223389 4.625
v -0.125 -0.0323789 4.625
v 0.125 -0.10289 4.625
v 0.375 -0.144742 4.625
v 0.625 -0.160836 4.625
v 0.875 -0.150577 4.625
v 1.125 -0.123687 4.625
v 1.375 -0.0943297 4.625
v 1.625 -0.0727225 4.625
v 1.875 -0.0592018 4.625
v 2.125 -0.0456908 4.625
v 2.375 -0.0214871 4.625
v 2.625 -0.0113287 4.625
v 2.875 -0.0238342 4.625
v 3.125 -0.0526713 4.625
v 3.375 -0.0782151 4.625
v 3.625 -0.0798417 4.625
v 3.875 -0.0488417 4.625
v 4.125 0.00806124 4.625
v 4.375 0.0634154 4.625
v 4.625 0.0978282 4.625
v 4.875 0.106869 4.625
v 5.125 0.0911065 4.625
v 5.375 0.0564629 4.625
v 5.625 0.0111361 4.625
v 5.875 -0.0388934 4.625
v 6.125 -0.0937416 4.625
v 6.375 -0.121396 4.625
v 6.625 -0.124793 4.625
v 6.875 -0.100374 4.625
v 7.125 -0.0590416 4.625
v 7.375 -0.0201995 4.625
v 7.625 -0.00025568 4.625
v 7.875 -0.00298163 4.625
v -7.875 0.022235 4.875
v -7.625 0.00999044 4.875
v -7.375 0.00871629 4.875
v -7.125 0.0262996 4.875
v -6.875 0.0585246 4.875
v -6.625 0.0898872 4.875
v -6.375 0.102924 4.875
v -6.125 0.0887579 4.875
v -5.875 0.0515597 4.875
v -5.625 -0.00069321 4.875
v -5.375 -0.041592 4.875
v -5.125 -0.0701466 4.875
v -4.875 -0.0861218 4.875
v -4.625 -0.0907037 4.875
v -4.375 -0.0852692 4.875
v -4.125 -0.0700367 4.875
v -3.875 -0.0443779 4.875
v -3.625 -0.00774591 4.875
v -3.375 0.0101705 4.875
v -3.125 -0.00215055 4.875
v -2.875 -0.0421517 4.875
v -2.625 -0.0923666 4.875
v -2.375 -0.130629 4.875
v -2.125 -0.143195 4.875
v -1.875 -0.132674 4.875
v -1.625 -0.0845332 4.875
v -1.375 -0.0402608 4.875
v -1.125 -0.00507592 4.875
v -0.875 0.0134234 4.875
v -0.625 0.0111619 4.875
v -0.375 -0.0101422 4.875
v -0.125 -0.0443014 4.875
v 0.125 -0.0855467 4.875
v 0.375 -0.103038 4.875
v 0.625 -0.106003 4.875
v 0.875 -0.0956587 4.875
v 1.125 -0.0793659 4.875
v 1.375 -0.0658537 4.875
v 1.625 -0.0599947 4.875
v 1.875 -0.0599748 4.875
v 2.125 -0.0596973 4.875
v 2.375 -0.0440215 4.875
v 2.625 -0.0339296 4.875
v 2.875 -0.0352082 4.875
v 3.125 -0.0462343 4.875
v 3.375 -0.0574649 4.875
v 3.625 -0.0575404 4.875
v 3.875 -0.0405152 4.875
v 4.125 -0.00873021 4.875
v 4.375 0.0256558 4.875
v 4.625 0.047208 4.875
v 4.875 0.0518717 4.875
v 5.125 0.0394965 4.875
v 5.375 0.014641 4.875
v 5.625 -0.0158464 4.875
v 5.875 -0.0466666 4.875
v 6.125 -0.0775309 4.875
v 6.375 -0.0862837 4.875
v 6.625 -0.0824619 4.875
v 6.875 -0.06576 4.875
v 7.125 -0.0430878 4.875
v 7.375 -0.0243436 4.875
v 7.625 -0.0165977 4.875
v 7.875 -0.0200319 4.875
v -7.875 0.00301875 5.125
v -7.625 0.00429478 5.125
v -7.375 0.0126508 5.125
v -7.125 0.0350307 5.125
v -6.875 0.0689156 5.125
v -6.625 0.102524 5.125
v -6.375 0.121542 5.125
v -6.125 0.117428 5.125
v -5.875 0.092325 5.125
v -5.625 0.041027 5.125
v -5.375 -0.00339503 5.125
v -5.125 -0.0400089 5.125
v -4.875 -0.0671156 5.125
v -4.625 -0.0839915 5.125
v -4.375 -0.0904721 5.125
v -4.125 -0.0861885 5.125
v -3.875 -0.0712688 5.125
v -3.625 -0.0375102 5.125
v -3.375 -0.0162648 5.125
v -3.125 -0.0170874 5.125
v -2.875 -0.0401063 5.125
v -2.625 -0.0738755 5.125
v -2.375 -0.102163 5.125
v -2.125 -0.11371 5.125
v -1.875 -0.108994 5.125
v -1.625 -0.0737465 5.125
v -1.375 -0.0423745 5.125
v -1.125 -0.0200516 5.125
v -0.875 -0.0106406 5.125
v -0.625 -0.0129774 5.125
v -0.375 -0.0219273 5.125
v -0.125 -0.0319057 5.125
v 0.125 -0.0405563 5.125
v 0.375 -0.0378911 5.125
v 0.625 -0.0328498 5.125
v 0.875 -0.0275971 5.125
v 1.125 -0.0258797 5.125
v 1.375 -0.0303652 5.125
v 1.625 -0.0408557 5.125
v 1.875 -0.0542801 5.125
v 2.125 -0.0673688 5.125
v 2.375 -0.0621213 5.125
v 2.625 -0.0544101 5.125
v 2.875 -0.0474472 5.125
v 3.125 -0.0439406 5.125
v 3.375 -0.0436234 5.125
v 3.625 -0.0435927 5.125
v 3.875 -0.0402848 5.125
v 4.125 -0.0319125 5.125
v 4.375 -0.0149771 5.125
v 4.625 -0.00314714 5.125
v 4.875 0.000216974 5.125
v 5.125 -0.00527344 5.125
v 5.375 -0.0160451 5.125
v 5.625 -0.0267213 5.125
v 5.875 -0.0333992 5.125
v 6.125 -0.0360188 5.125
v 6.375 -0.0286316 5.125
v 6.625 -0.0220775 5.125
v 6.875 -0.018985 5.125
v 7.125 -0.0208406 5.125
v 7.375 -0.0264989 5.125
v 7.625 -0.032869 5.125
v 7.875 -0.0368085 5.125
v -7.875 -0.0136257 5.375
v -7.625 -0.000587458 5.375
v -7.375 0.0170078 5.375
v -7.125 0.0456942 5.375
v -6.875 0.0833824 5.375
v -6.625 0.119518 5.375
v -6.375 0.140852 5.375
v -6.125 0.13889 5.375
v -5.875 0.115056 5.375
v -5.625 0.0588154 5.375
v -5.375 0.00895657 5.375
v -5.125 -0.0332909 5.375
v -4.875 -0.0656908 5.375
v -4.625 -0.0872459 5.375
v -4.375 -0.0977588 5.375
v -4.125 -0.0968953 5.375
v -3.875 -0.0849427 5.375
v -3.625 -0.0501994 5.375
v -3.375 -0.025507 5.375
v -3.125 -0.0190697 5.375
v -2.875 -0.0316757 5.375
v -2.625 -0.054315 5.375
v -2.375 -0.0737294 5.375
v -2.125 -0.080599 5.375
v -1.875 -0.0750704 5.375
v -1.625 -0.0487553 5.375
v -1.375 -0.0285172 5.375
v -1.125 -0.0194248 5.375
v -0.875 -0.0210707 5.375
v -0.625 -0.0264132 5.375
v -0.375 -0.0264886 5.375
v -0.125 -0.0163165 5.375
v 0.125 0.00267964 5.375
v 0.375 0.0211505 5.375
v 0.625 0.0320039 5.375
v 0.875 0.0327807 5.375
v 1.125 0.0230283 5.375
v 1.375 0.00492322 5.375
v 1.625 -0.0176956 5.375
v 1.875 -0.0413266 5.375
v 2.125 -0.065277 5.375
v 2.375 -0.0708225 5.375
v 2.625 -0.0674652 5.375
v 2.875 -0.0561306 5.375
v 3.125 -0.0425325 5.375
v 3.375 -0.0334766 5.375
v 3.625 -0.0327756 5.375
v 3.875 -0.0390214 5.375
v 4.125 -0.0474625 5.375
v 4.375 -0.0434201 5.375
v 4.625 -0.0391846 5.375
v 4.875 -0.0376217 5.375
v 5.125 -0.0387293 5.375
v 5.375 -0.0388231 5.375
v 5.625 -0.0330567 5.375
v 5.875 -0.0186631 5.375
v 6.125 0.00369582 5.375
v 6.375 0.0245855 5.375
v 6.625 0.0328251 5.375
v 6.875 0.0233896 5.375
v 7.125 -0.000169547 5.375
v 7.375 -0.0268398 5.375
v 7.625 -0.0446576 5.375
v 7.875 -0.0478089 5.375
v -7.875 -0.0189194 5.625
v -7.625 0.00142431 5.625
v -7.375 0.0244006 5.625
v -7.125 0.0560441 5.625
v -6.875 0.0938682 5.625
v -6.625 0.127356 5.625
v -6.375 0.143747 5.625
v -6.125 0.135208 5.625
v -5.875 0.103516 5.625
v -5.625 0.0427002 5.625
v -5.375 -0.00860992 5.625
v -5.125 -0.0486908 5.625
v -4.875 -0.0761019 5.625
v -4.625 -0.0915013 5.625
v -4.375 -0.0963058 5.625
v -4.125 -0.09088 5.625
v -3.875 -0.0749391 5.625
v -3.625 -0.0390504 5.625
v -3.375 -0.01411 5.625
v -3.125 -0.00742058 5.625
v -2.875 -0.018535 5.625
v -2.625 -0.0377569 5.625
v -2.375 -0.0522249 5.625
v -2.125 -0.0539616 5.625
v -1.875 -0.044267 5.625
v -1.625 -0.0224851 5.625
v -1.375 -0.00995993 5.625
v -1.125 -0.0120782 5.625
v -0.875 -0.0250608 5.625
v -0.625 -0.0367884 5.625
v -0.375 -0.0345712 5.625
v -0.125 -0.0132741 5.625
v 0.125 0.0227973 5.625
v 0.375 0.0529643 5.625
v 0.625 0.0696857 5.625
v 0.875 0.0706102 5.625
v 1.125 0.0571855 5.625
v 1.375 0.0340961 5.625
v 1.625 0.00679049 5.625
v 1.875 -0.0214657 5.625
v 2.125 -0.0515746 5.625
v 2.375 -0.0666737 5.625
v 2.625 -0.0688508 5.625
v 2.875 -0.056977 5.625
v 3.125 -0.0379051 5.625
v 3.375 -0.022597 5.625
v 3.625 -0.0194335 5.625
v 3.875 -0.0291255 5.625
v 4.125 -0.0456486 5.625
v 4.375 -0.0504739 5.625
v 4.625 -0.0530787 5.625
v 4.875 -0.0562488 5.625
v 5.125 -0.0590513 5.625
v 5.375 -0.0565462 5.625
v 5.625 -0.0431637 5.625
v 5.875 -0.0164727 5.625
v 6.125 0.0219348 5.625
v 6.375 0.0535655 5.625
v 6.625 0.0648857 5.625
v 6.875 0.0492319 5.625
v 7.125 0.0134045 5.625
v 7.375 -0.0250576 5.625
v 7.625 -0.0483243 5.625
v 7.875 -0.0489023 5.625
v -7.875 -0.0123423 5.875
v -7.625 0.0102793 5.875
v -7.375 0.0336312 5.875
v -7.125 0.062711 5.875
v -6.875 0.0944046 5.875
v -6.625 0.118435 5.875
v -6.375 0.123268 5.875
v -6.125 0.102802 5.875
v -5.875 0.0596514 5.875
v -5.625 -0.000337753 5.875
v -5.375 -0.0460246 5.875
v -5.125 -0.0752157 5.875
v -4.875 -0.0883165 5.875
v -4.625 -0.0889097 5.875
v -4.375 -0.0810235 5.875
v -4.125 -0.0661241 5.875
v -3.875 -0.0428633 5.875
v -3.625 -0.00872093 5.875
v -3.375 0.0120501 5.875
v -3.125 0.0130838 5.875
v -2.875 -0.00284464 5.875
v -2.625 -0.0239565 5.875
v -2.375 -0.0367915 5.875
v -2.125 -0.034573 5.875
v -1.875 -0.0204775 5.875
v -1.625 -0.000923056 5.875
v -1.375 0.00655673 5.875
v -1.125 -0.00399778 5.875
v -0.875 -0.0268802 5.875
v -0.625 -0.0466591 5.875
v -0.375 -0.0478252 5.875
v -0.125 -0.0244867 5.875
v 0.125 0.0175444 5.875
v 0.375 0.0553115 5.875
v 0.625 0.0780357 5.875
v 0.875 0.0837108 5.875
v 1.125 0.0742199 5.875
v 1.375 0.054522 5.875
v 1.625 0.0298584 5.875
v 1.875 0.00278361 5.875
v 2.125 -0.0281733 5.875
v 2.375 -0.0504369 5.875
v 2.625 -0.0582867 5.875
v 2.875 -0.0487799 5.875
v 3.125 -0.0281834 5.875
v 3.375 -0.00888377 5.875
v 3.625 -0.0018041 5.875
v 3.875 -0.00972969 5.875
v 4.125 -0.0269423 5.875
v 4.375 -0.0377962 5.875
v 4.625 -0.0470006 5.875
v 4.875 -0.0575123 5.875
v 5.125 -0.0672304 5.875
v 5.375 -0.0694435 5.875
v 5.625 -0.0571677 5.875
v 5.875 -0.0276523 5.875
v 6.125 0.0166633 5.875
v 6.375 0.0556204 5.875
v 6.625 0.071398 5.875
v 6.875 0.0565858 5.875
v 7.125 0.0191216 5.875
v 7.375 -0.0208837 5.875
v 7.625 -0.0432732 5.875
v 7.875 -0.0400001 5.875
v -7.875 0 6.125
v -7.625 0.021501 6.125
v -7.375 0.0417426 6.125
v -7.125 0.0641617 6.125
v -6.875 0.085175 6.125
v -6.625 0.0955414 6.125
v -6.375 0.0860199 6.125
v -6.125 0.0530272 6.125
v -5.875 0 6.125
v -5.625 -0.0531692 6.125
v -5.375 -0.0875901 6.125
v -5.125 -0.10076 6.125
v -4.875 -0.0952875 6.125
v -4.625 -0.0779045 6.125
v -4.375 -0.0553411 6.125
v -4.125 -0.0302074 6.125
v -3.875 0 6.125
v -3.625 0.0290574 6.125
v -3.375 0.0426281 6.125
v -3.125 0.0356558 6.125
v -2.875 0.0134125 6.125
v -2.625 -0.0105074 6.125
v -2.375 -0.0225093 6.125
v -2.125 -0.0173214 6.125
v -1.875 0 6.125
v -1.625 0.0171274 6.125
v -1.375 0.0203646 6.125
v -1.125 0.00337996 6.125
v -0.875 -0.027225 6.125
v -0.625 -0.0544268 6.125
v -0.375 -0.0612021 6.125
v -0.125 -0.0409493 6.125
v 0.125 0 6.125
v 0.375 0.0416843 6.125
v 0.625 0.0693268 6.125
v 0.875 0.0814273 6.125
v 1.125 0.07955 6.125
v 1.375 0.067729 6.125
v 1.625 0.0499982 6.125
v 1.875 0.027922 6.125
v 2.125 0 6.125
v 2.375 -0.0270124 6.125
v 2.625 -0.0399423 6.125
v 2.875 -0.0343106 6.125
v 3.125 -0.0147875 6.125
v 3.375 0.00658406 6.125
v 3.625 0.017761 6.125
v 3.875 0.0140733 6.125
v 4.125 0 6.125
v 4.375 -0.0152219 6.125
v 4.625 -0.0304585 6.125
v 4.875 -0.0487811 6.125
v 5.125 -0.0669875 6.125
v 5.375 -0.0768205 6.125
v 5.625 -0.0700227 6.125
v 5.875 -0.0433922 6.125
v 6.125 0 6.125
v 6.375 0.0427357 6.125
v 6.625 0.0627656 6.125
v 6.875 0.0527032 6.125
v 7.125 0.02025 6.125
v 7.375 -0.0147345 6.125
v 7.625 -0.0323906 6.125
v 7.875 -0.025017 6.125
v -7.875 0.00972449 6.375
v -7.625 0.0245518 6.375
v -7.375 0.0369038 6.375
v -7.125 0.0480885 6.375
v -6.875 0.0551439 6.375
v -6.625 0.0521425 6.375
v -6.375 0.0341176 6.375
v -6.125 0.000392618 6.375
v -5.875 -0.0459029 6.375
v -5.625 -0.0794519 6.375
v -5.375 -0.09589 6.375
v -5.125 -0.0931335 6.375
v -4.875 -0.0747644 6.375
v -4.625 -0.0481109 6.375
v -4.375 -0.0201789 6.375
v -4.125 0.00621597 6.375
v -3.875 0.0337686 6.375
v -3.625 0.0510053 6.375
v -3.375 0.0552503 6.375
v -3.125 0.0438354 6.375
v -2.875 0.0225811 6.375
v -2.625 0.00286054 6.375
v -2.375 -0.00527609 6.375
v -2.125 0.000845034 6.375
v -1.875 0.0160471 6.375
v -1.625 0.0266828 6.375
v -1.375 0.0257828 6.375
v -1.125 0.00846371 6.375
v -0.875 -0.0197721 6.375
v -0.625 -0.0453116 6.375
v -0.375 -0.0546103 6.375
v -0.125 -0.0423279 6.375
v 0.125 -0.0134773 6.375
v 0.375 0.0197528 6.375
v 0.625 0.0436109 6.375
v 0.875 0.0574354 6.375
v 1.125 0.0621083 6.375
v 1.375 0.0597885 6.375
v 1.625 0.0524011 6.375
v 1.875 0.0402711 6.375
v 2.125 0.0222931 6.375
v 2.375 -0.00118594 6.375
v 2.625 -0.0146733 6.375
v 2.875 -0.0137064 6.375
v 3.125 -0.000419241 6.375
v 3.375 0.0167123 6.375
v 3.625 0.0280611 6.375
v 3.875 0.0287538 6.375
v 4.125 0.0210696 6.375
v 4.375 0.00667564 6.375
v 4.625 -0.00909884 6.375
v 4.875 -0.0286201 6.375
v 5.125 -0.0486957 6.375
v 5.375 -0.0620577 6.375
v 5.625 -0.0616279 6.375
v 5.875 -0.044667 6.375
v 6.125 -0.0139021 6.375
v 6.375 0.0203077 6.375
v 6.625 0.0384102 6.375
v 6.875 0.0350499 6.375
v 7.125 0.0156142 6.375
v 7.375 -0.00568292 6.375
v 7.625 -0.0146551 6.375
v 7.875 -0.00598005 6.375
v -7.875 0.0125351 6.625
v -7.625 0.0223386 6.625
v -7.375 0.0291767 6.625
v -7.125 0.0330495 6.625
v -6.875 0.0319814 6.625
v -6.625 0.0229886 6.625
v -6.375 0.00427985 6.625
v -6.125 -0.0232837 6.625
v -5.875 -0.057441 6.625
v -5.625 -0.0755607 6.625
v -5.375 -0.0805904 6.625
v -5.125 -0.0708736 6.625
v -4.875 -0.049569 6.625
v -4.625 -0.0228027 6.625
v -4.375 0.00352212 6.625
v -4.125 0.0267773 6.625
v -3.875 0.0490423 6.625
v -3.625 0.0570412 6.625
v -3.375 0.0553758 6.625
v -3.125 0.0432921 6.625
v -2.875 0.0262042 6.625
v -2.625 0.0125517 6.625
v -2.375 0.00873643 6.625
v -2.125 0.0153248 6.625
v -1.875 0.0276985 6.625
v -1.625 0.0323642 6.625
v -1.375 0.0285882 6.625
v -1.125 0.0134369 6.625
v -0.875 -0.00877464 6.625
v -0.625 -0.0285238 6.625
v -0.375 -0.0367026 6.625
v -0.125 -0.0299823 6.625
v 0.125 -0.012083 6.625
v 0.375 0.0096832 6.625
v 0.625 0.026285 6.625
v 0.875 0.0380245 6.625
v 1.125 0.0454719 6.625
v 1.375 0.0492001 6.625
v 1.625 0.0491853 6.625
v 1.875 0.0445786 6.625
v 2.125 0.0345505 6.625
v 2.375 0.0153836 6.625
v 2.625 0.00252446 6.625
v 2.875 -0.000172684 6.625
v 3.125 0.00697275 6.625
v 3.375 0.0187579 6.625
v 3.625 0.0283067 6.625
v 3.875 0.0313185 6.625
v 4.125 0.0284737 6.625
v 4.375 0.0171341 6.625
v 4.625 0.00365575 6.625
v 4.875 -0.0137723 6.625
v 5.125 -0.0324434 6.625
v 5.375 -0.0465003 6.625
v 5.625 -0.0502555 6.625
v 5.875 -0.041406 6.625
v 6.125 -0.0220843 6.625
v 6.375 0.00316869 6.625
v 6.625 0.0184346 6.625
v 6.875 0.0203673 6.625
v 7.125 0.0122423 6.625
v 7.375 0.00290657 6.625
v 7.625 0.00111023 6.625
v 7.875 0.00989787 6.625
v -7.875 0.00947101 6.875
v -7.625 0.0168854 6.875
v -7.375 0.021107 6.875
v -7.125 0.0215309 6.875
v -6.875 0.0174925 6.875
v -6.625 0.00865293 6.875
v -6.375 -0.00453279 6.875
v -6.125 -0.0208405 6.875
v -5.875 -0.0393697 6.875
v -5.625 -0.0468325 6.875
v -5.375 -0.0468842 6.875
v -5.125 -0.038234 6.875
v -4.875 -0.0224112 6.875
v -4.625 -0.00286572 6.875
v -4.375 0.0166732 6.875
v -4.125 0.0340104 6.875
v -3.875 0.0499062 6.875
v -3.625 0.0516328 6.875
v -3.375 0.0472154 6.875
v -3.125 0.037338 6.875
v -2.875 0.0264418 6.875
v -2.625 0.0198643 6.875
v -2.375 0.0206281 6.875
v -2.125 0.0276671 6.875
v -1.875 0.0372754 6.875
v -1.625 0.0366304 6.875
v -1.375 0.0309381 6.875
v -1.125 0.0196089 6.875
v -0.875 0.0059013 6.875
v -0.625 -0.00500445 6.875
v -0.375 -0.00900266 6.875
v -0.125 -0.00539178 6.875
v 0.125 0.00320035 6.875
v 0.375 0.0113018 6.875
v 0.625 0.0180053 6.875
v 0.875 0.0248435 6.875
v 1.125 0.0323732 6.875
v 1.375 0.039604 6.875
v 1.625 0.0444077 6.875
v 1.875 0.0446339 6.875
v 2.125 0.039657 6.875
v 2.375 0.0238911 6.875
v 2.625 0.0116675 6.875
v 2.875 0.00593293 6.875
v 3.125 0.00746401 6.875
v 3.375 0.0136792 6.875
v 3.625 0.0202917 6.875
v 3.875 0.0240203 6.875
v 4.125 0.0245772 6.875
v 4.375 0.0179268 6.875
v 4.625 0.00868725 6.875
v 4.875 -0.00471224 6.875
v 5.125 -0.0202861 6.875
v 5.375 -0.0334829 6.875
v 5.625 -0.0397031 6.875
v 5.875 -0.0368463 6.875
v 6.125 -0.0263922 6.875
v 6.375 -0.00862575 6.875
v 6.625 0.00413069 6.875
v 6.875 0.0103162 6.875
v 7.125 0.0114899 6.875
v 7.375 0.0119425 6.875
v 7.625 0.0157478 6.875
v 7.875 0.023948 6.875
v -7.875 0.004075 7.125
v -7.625 0.0114512 7.125
v -7.375 0.0153148 7.125
v -7.125 0.01484 7.125
v -6.875 0.0106344 7.125
v -6.625 0.00451741 7.125
v -6.375 -0.00151478 7.125
v -6.125 -0.00643411 7.125
v -5.875 -0.0107313 7.125
v -5.625 -0.0118951 7.125
v -5.375 -0.0111007 7.125
v -5.125 -0.00742763 7.125
v -4.875 -0.000531252 7.125
v -4.625 0.00910198 7.125
v -4.375 0.0201748 7.125
v -4.125 0.0311028 7.125
v -3.875 0.0412688 7.125
v -3.625 0.0399513 7.125
v -3.375 0.0353573 7.125
v -3.125 0.0289341 7.125
v -2.875 0.0239437 7.125
v -2.625 0.0231738 7.125
v -2.375 0.0272218 7.125
v -2.125 0.0341388 7.125
v -1.875 0.0412188 7.125
v -1.625 0.0370537 7.125
v -1.375 0.0308389 7.125
v -1.125 0.0239796 7.125
v -0.875 0.0187578 7.125
v -0.625 0.0165771 7.125
v -0.375 0.0172055 7.125
v -0.125 0.0190348 7.125
v 0.125 0.0203687 7.125
v 0.375 0.0163606 7.125
v 0.625 0.0140394 7.125
v 0.875 0.0160479 7.125
v 1.125 0.0228469 7.125
v 1.375 0.0318888 7.125
v 1.625 0.0390779 7.125
v 1.875 0.041192 7.125
v 2.125 0.0379375 7.125
v 2.375 0.0241747 7.125
v 2.625 0.0125313 7.125
v 2.875 0.00506859 7.125
v 3.125 0.00291719 7.125
v 3.375 0.00505611 7.125
v 3.625 0.00905104 7.125
v 3.875 0.01267 7.125
v 4.125 0.0152937 7.125
v 4.375 0.0134007 7.125
v 4.625 0.0086415 7.125
v 4.875 -0.000548999 7.125
v 5.125 -0.0128063 7.125
v 5.375 -0.0244257 7.125
v 5.625 -0.0314106 7.125
v 5.875 -0.0317005 7.125
v 6.125 -0.0263063 7.125
v 6.375 -0.0134938 7.125
v 6.625 -0.00263153 7.125
v 6.875 0.00594069 7.125
v 7.125 0.0126906 7.125
v 7.375 0.0188916 7.125
v 7.625 0.0255019 7.125
v 7.875 0.03224 7.125
v -7.875 4.78656e-05 7.375
v -7.625 0.00806137 7.375
v -7.375 0.012244 7.375
v -7.125 0.0116496 7.375
v -6.875 0.00768553 7.375
v -6.625 0.00351095 7.375
v -6.375 0.00205735 7.375
v -6.125 0.00419005 7.375
v -5.875 0.00853098 7.375
v -5.625 0.0106535 7.375
v -5.375 0.0112207 7.375
v -5.125 0.0107046 7.375
v -4.875 0.0105575 7.375
v -4.625 0.0122931 7.375
v -4.375 0.0164531 7.375
v -4.125 0.0221762 7.375
v -3.875 0.0280905 7.375
v -3.625 0.0263399 7.375
v -3.375 0.0231085 7.375
v -3.125 0.0198561 7.375
v -2.875 0.0186773 7.375
v -2.625 0.0207334 7.375
v -2.375 0.0254945 7.375
v -2.125 0.0310319 7.375
v -1.875 0.0355986 7.375
v -1.625 0.0305286 7.375
v -1.375 0.0254859 7.375
v -1.125 0.0227969 7.375
v -0.875 0.0237191 7.375
v -0.625 0.0271264 7.375
v -0.375 0.0302378 7.375
v -0.125 0.0303741 7.375
v 0.125 0.0267233 7.375
v 0.375 0.0158974 7.375
v 0.625 0.00877248 7.375
v 0.875 0.00842352 7.375
v 1.125 0.0148742 7.375
v 1.375 0.024387 7.375
v 1.625 0.0317304 7.375
v 1.875 0.0333728 7.375
v 2.125 0.0295554 7.375
v 2.375 0.0174263 7.375
v 2.625 0.00711354 7.375
v 2.875 -2.49299e-05 7.375
v 3.125 -0.00310203 7.375
v 3.375 -0.00261562 7.375
v 3.625 -2.77581e-05 7.375
v 3.875 0.00325456 7.375
v 4.125 0.0067605 7.375
v 4.375 0.00816368 7.375
v 4.625 0.00668773 7.375
v 4.875 0.000805997 7.375
v 5.125 -0.0084745 7.375
v 5.375 -0.0179547 7.375
v 5.625 -0.0240533 7.375
v 5.875 -0.0248538 7.375
v 6.125 -0.0211579 7.375
v 6.375 -0.0114186 7.375
v 6.625 -0.00248833 7.375
v 6.875 0.00581571 7.375
v 7.125 0.0135036 7.375
v 7.375 0.0205331 7.375
v 7.625 0.0265497 7.375
v 7.875 0.0308196 7.375
v -7.875 -0.00112212 7.625
v -7.625 0.00629097 7.625
v -7.375 0.0100695 7.625
v -7.125 0.00922986 7.625
v -6.875 0.00526607 7.625
v -6.625 0.00151643 7.625
v -6.375 0.00105442 7.625
v -6.125 0.00474377 7.625
v -5.875 0.0110986 7.625
v -5.625 0.014495 7.625
v -5.375 0.0153357 7.625
v -5.125 0.0136413 7.625
v -4.875 0.0108456 7.625
v -4.625 0.00894191 7.625
v -4.375 0.0092409 7.625
v -4.125 0.0115529 7.625
v -3.875 0.0146041 7.625
v -3.625 0.0137543 7.625
v -3.375 0.0122893 7.625
v -3.125 0.0111395 7.625
v -2.875 0.0113706 7.625
v -2.625 0.0133535 7.625
v -2.375 0.0164956 7.625
v -2.125 0.0195704 7.625
v -1.875 0.0216812 7.625
v -1.625 0.0179883 7.625
v -1.375 0.0152792 7.625
v -1.125 0.015578 7.625
v -0.875 0.019166 7.625
v -0.625 0.0239424 7.625
v -0.375 0.026718 7.625
v -0.125 0.0251853 7.625
v 0.125 0.0193042 7.625
v 0.375 0.00823321 7.625
v 0.625 0.00135573 7.625
v 0.875 0.00123956 7.625
v 1.125 0.00732448 7.625
v 1.375 0.015663 7.625
v 1.625 0.0213454 7.625
v 1.875 0.0215222 7.625
v 2.125 0.0169363 7.625
v 2.375 0.00749615 7.625
v 2.625 -8.79457e-05 7.625
v 2.875 -0.00499478 7.625
v 3.125 -0.00685374 7.625
v 3.375 -0.00620186 7.625
v 3.625 -0.00407841 7.625
v 3.875 -0.00130768 7.625
v 4.125 0.00197909 7.625
v 4.375 0.00452415 7.625
v 4.625 0.00464148 7.625
v 4.875 0.00110039 7.625
v 5.125 -0.00528941 7.625
v 5.375 -0.0119265 7.625
v 5.625 -0.0159338 7.625
v 5.875 -0.0158452 7.625
v 6.125 -0.0123683 7.625
v 6.375 -0.00530773 7.625
v 6.625 0.000976259 7.625
v 6.875 0.0066643 7.625
v 7.125 0.0117243 7.625
v 7.375 0.0159902 7.625
v 7.625 0.0190922 7.625
v 7.875 0.0205131 7.625
v -7.875 -0.000497806 7.875
v -7.625 0.00412823 7.875
v -7.375 0.0063579 7.875
v -7.125 0.00546079 7.875
v -6.875 0.00237136 7.875
v -6.625 -0.000689871 7.875
v -6.375 -0.0016009 7.875
v -6.125 0.000338201 7.875
v -5.875 0.00421009 7.875
v -5.625 0.00698386 7.875
v -5.375 0.0080793 7.875
v -5.125 0.00728294 7.875
v -4.875 0.00530403 7.875
v -4.625 0.00339787 7.875
v -4.375 0.00259636 7.875
v -4.125 0.00307727 7.875
v -3.875 0.00420346 7.875
v -3.625 0.00424754 7.875
v -3.375 0.00405656 7.875
v -3.125 0.00392314 7.875
v -2.875 0.00415181 7.875
v -2.625 0.0048171 7.875
v -2.375 0.00570342 7.875
v -2.125 0.00642498 7.875
v -1.875 0.00672416 7.875
v -1.625 0.00527629 7.875
v -1.375 0.00473631 7.875
v -1.125 0.00610147 7.875
v -0.875 0.00909301 7.875
v -0.625 0.0120939 7.875
v -0.375 0.0131393 7.875
v -0.125 0.0111226 7.875
v 0.125 0.00638099 7.875
v 0.375 -4.95925e-05 7.875
v 0.625 -0.00356972 7.875
v 0.875 -0.00282272 7.875
v 1.125 0.00145297 7.875
v 1.375 0.00655227 7.875
v 1.625 0.00946488 7.875
v 1.875 0.0087262 7.875
v 2.125 0.0051141 7.875
v 2.375 -3.00265e-05 7.875
v 2.625 -0.00377714 7.875
v 2.875 -0.00575584 7.875
v 3.125 -0.00599573 7.875
v 3.375 -0.00500959 7.875
v 3.625 -0.00345489 7.875
v 3.875 -0.0017055 7.875
v 4.125 0.000335565 7.875
v 4.375 0.00216212 7.875
v 4.625 0.00257128 7.875
v 4.875 0.000900679 7.875
v 5.125 -0.00232117 7.875
v 5.375 -0.00555307 7.875
v 5.625 -0.00716269 7.875
v 5.875 -0.00640466 7.875
v 6.125 -0.00376849 7.875
v 6.375 -4.66395e-06 7.875
v 6.625 0.00299997 7.875
v 6.875 0.00525864 7.875
v 7.125 0.00681042 7.875
v 7.375 0.00772492 7.875
v 7.625 0.00800676 7.875
v 7.875 0.00754042 7.875
vt 0 1
vt 0.015873 1
vt 0.031746 1
vt 0.047619 1
vt 0.0634921 1
vt 0.0793651 1
vt 0.0952381 1
vt 0.111111 1
vt 0.126984 1
vt 0.142857 1
vt 0.15873 1
vt 0.174603 1
vt 0.190476 1
vt 0.206349 1
vt 0.222222 1
vt 0.238095 1
vt 0.253968 1
vt 0.269841 1
vt 0.285714 1
vt 0.301587 1
vt 0.31746 1
vt 0.333333 1
vt 0.349206 1
vt 0.365079 1
vt 0.380952 1
vt 0.396825 1
vt 0.412698 1
vt 0.428571 1
vt 0.444444 1
vt 0.460317 1
vt 0.47619 1
vt 0.492063 1
vt 0.507937 1
vt 0.52381 1
vt 0.539683 1
vt 0.555556 1
vt 0.571429 1
vt 0.587302 1
vt 0.603175 1
vt 0.619048 1
vt 0.634921 1
vt 0.650794 1
vt 0.666667 1
vt 0.68254 1
vt 0.698413 1
vt 0.714286 1
vt 0.730159 1
vt 0.746032 1
vt 0.761905 1
vt 0.777778 1
vt 0.793651 1
vt 0.809524 1
vt 0.825397 1
vt 0.84127 1
vt 0.857143 1
vt 0.873016 1
vt 0.888889 1
vt 0.904762 1
vt 0.920635 1
vt 0.936508 1
vt 0.952381 1
vt 0.968254 1
vt 0.984127 1
vt 1 1
vt 0 0.984127
vt 0.015873 0.984127
vt 0.031746 0.984127
vt 0.047619 0.984127
vt 0.0634921 0.984127
vt 0.0793651 0.984127
vt 0.0952381 0.984127
vt 0.111111 0.984127
vt 0.126984 0.984127
vt 0.142857 0.984127
vt 0.15873 0.984127
vt 0.174603 0.984127
vt 0.190476 0.984127
vt 0.206349 0.984127
vt 0.222222 0.984127
vt 0.238095 0.984127
vt 0.253968 0.984127
vt 0.269841 0.984127
vt 0.285714 0.984127
vt 0.301587 0.984127
vt 0.31746 0.984127
vt 0.333333 0.984127
vt 0.349206 0.984127
vt 0.365079 0.984127
vt 0.380952 0.984127
vt 0.396825 0.984127
vt 0.412698 0.984127
vt 0.428571 0.984127
vt 0.444444 0.984127
vt 0.460317 0.984127
vt 0.47619 0.984127
vt 0.492063 0.984127
vt 0.507937 0.984127
vt 0.52381 0.984127
vt 0.539683 0.984127
vt 0.555556 0.984127
vt 0.571429 0.984127
vt 0.587302 0.984127
vt 0.603175 0.984127
vt 0.619048 0.984127
vt 0.634921 0.984127
vt 0.650794 0.984127
vt 0.666667 0.984127
vt 0.68254 0.984127
vt 0.698413 0.984127
vt 0.714286 0.984127
vt 0.730159 0.984127
vt 0.746032 0.984127
vt 0.761905 0.984127
vt 0.777778 0.984127
vt 0.793651 0.984127
vt 0.809524 0.984127
vt 0.825397 0.984127
vt 0.84127 0.984127
vt 0.857143 0.984127
vt 0.873016 0.984127
vt 0.888889 0.984127
vt 0.904762 0.984127
vt 0.920635 0.984127
vt 0.936508 0.984127
vt 0.952381 0.984127
vt 0.968254 0.984127
vt 0.984127 0.984127
vt 1 0.984127
vt 0 0.968254
vt 0.015873 0.968254
vt 0.031746 0.968254
vt 0.047619 0.968254
vt 0.0634921 0.968254
vt 0.0793651 0.968254
vt 0.0952381 0.968254
vt 0.111111 0.968254
vt 0.126984 0.968254
vt 0.142857 0.968254
vt 0.15873 0.968254
vt 0.174603 0.968254
vt 0.190476 0.968254
vt 0.206349 0.968254
vt 0.222222 0.968254
vt 0.238095 0.968254
vt 0.253968 0.968254
vt 0.269841 0.968254
vt 0.285714 0.968254
vt 0.301587 0.968254
vt 0.31746 0.968254
vt 0.333333 0.968254
vt 0.349206 0.968254
vt 0.365079 0.968254
vt 0.380952 0.968254
vt 0.396825 0.968254
vt 0.412698 0.968254
vt 0.428571 0.968254
vt 0.444444 0.968254
vt 0.460317 0.968254
vt 0.47619 0.968254
vt 0.492063 0.968254
vt 0.507937 0.968254
vt 0.52381 0.968254
vt 0.539683 0.968254
vt 0.555556 0.968254
vt 0.571429 0.968254
vt 0.587302 0.968254
vt 0.603175 0.968254
vt 0.619048 0.968254
vt 0.634921 0.968254
vt 0.650794 0.968254
vt 0.666667 0.968254
vt 0.68254 0.968254
vt 0.698413 0.968254
vt 0.714286 0.968254
vt 0.730159 0.968254
vt 0.746032 0.968254
vt 0.761905 0.968254
vt 0.777778 0.968254
vt 0.793651 0.968254
vt 0.809524 0.968254
vt 0.825397 0.968254
vt 0.84127 0.968254
vt 0.857143 0.968254
vt 0.873016 0.968254
vt 0.888889 0.968254
vt 0.904762 0.968254
vt 0.920635 0.968254
vt 0.936508 0.968254
vt 0.952381 0.968254
vt 0.968254 0.968254
vt 0.984127 0.968254
vt 1 0.968254
vt 0 0.952381
vt 0.015873 0.952381
vt 0.031746 0.952381
vt 0.047619 0.952381
vt 0.0634921 0.952381
vt 0.0793651 0.952381
vt 0.0952381 0.952381
vt 0.111111 0.952381
vt 0.126984 0.952381
vt 0.142857 0.952381
vt 0.15873 0.952381
vt 0.174603 0.952381
vt 0.190476 0.952381
vt 0.206349 0.952381
vt 0.222222 0.952381
vt 0.238095 0.952381
vt 0.253968 0.952381
vt 0.269841 0.952381
vt 0.285714 0.952381
vt 0.301587 0.952381
vt 0.31746 0.952381
vt 0.333333 0.952381
vt 0.349206 0.952381
vt 0.365079 0.952381
vt 0.380952 0.952381
vt 0.396825 0.952381
vt 0.412698 0.952381
vt 0.428571 0.952381
vt 0.444444 0.952381
vt 0.460317 0.952381
vt 0.47619 0.952381
vt 0.492063 0.952381
vt 0.507937 0.952381
vt 0.52381 0.952381
vt 0.539683 0.952381
vt 0.555556 0.952381
vt 0.571429 0.952381
vt 0.587302 0.952381
vt 0.603175 0.952381
vt 0.619048 0.952381
vt 0.634921 0.952381
vt 0.650794 0.952381
vt 0.666667 0.952381
vt 0.68254 0.952381
vt 0.698413 0.952381
vt 0.714286 0.952381
vt 0.730159 0.952381
vt 0.746032 0.952381
vt 0.761905 0.952381
vt 0.777778 0.952381
vt 0.793651 0.952381
vt 0.809524 0.952381
vt 0.825397 0.952381
vt 0.84127 0.952381
vt 0.857143 0.952381
vt 0.873016 0.952381
vt 0.888889 0.952381
vt 0.904762 0.952381
vt 0.920635 0.952381
vt 0.936508 0.952381
vt 0.952381 0.952381
vt 0.968254 0.952381
vt 0.984127 0.952381
vt 1 0.952381
vt 0 0.936508
vt 0.015873 0.936508
vt 0.031746 0.936508
vt 0.047619 0.936508
vt 0.0634921 0.936508
vt 0.0793651 0.936508
vt 0.0952381 0.936508
vt 0.111111 0.936508
vt 0.126984 0.936508
vt 0.142857 0.936508
vt 0.15873 0.936508
vt 0.174603 0.936508
vt 0.190476 0.936508
vt 0.206349 0.936508
vt 0.222222 0.936508
vt 0.238095 0.936508
vt 0.253968 0.936508
vt 0.269841 0.936508
vt 0.285714 0.936508
vt 0.301587 0.936508
vt 0.31746 0.936508
vt 0.333333 0.936508
vt 0.349206 0.936508
vt 0.365079 0.936508
vt 0.380952 0.936508
vt 0.396825 0.936508
vt 0.412698 0.936508
vt 0.428571 0.936508
vt 0.444444 0.936508
vt 0.460317 0.936508
vt 0.47619 0.936508
vt 0.492063 0.936508
vt 0.507937 0.936508
vt 0.52381 0.936508
vt 0.539683 0.936508
vt 0.555556 0.936508
vt 0.571429 0.936508
vt 0.587302 0.936508
vt 0.603175 0.936508
vt 0.619048 0.936508
vt 0.634921 0.936508
vt 0.650794 0.936508
vt 0.666667 0.936508
vt 0.68254 0.936508
vt 0.698413 0.936508
vt 0.714286 0.936508
vt 0.730159 0.936508
vt 0.746032 0.936508
vt 0.761905 0.936508
vt 0.777778 0.936508
vt 0.793651 0.936508
vt 0.809524 0.936508
vt 0.825397 0.936508
vt 0.84127 0.936508
vt 0.857143 0.936508
vt 0.873016 0.936508
vt 0.888889 0.936508
vt 0.904762 0.936508
vt 0.920635 0.936508
vt 0.936508 0.936508
vt 0.952381 0.936508
vt 0.968254 0.936508
vt 0.984127 0.936508
vt 1 0.936508
vt 0 0.920635
vt 0.015873 0.920635
vt 0.031746 0.920635
vt 0.047619 0.920635
vt 0.0634921 0.920635
vt 0.0793651 0.920635
vt 0.0952381 0.920635
vt 0.111111 0.920635
vt 0.126984 0.920635
vt 0.142857 0.920635
vt 0.15873 0.920635
vt 0.174603 0.920635
vt 0.190476 0.920635
vt 0.206349 0.920635
vt 0.222222 0.920635
vt 0.238095 0.920635
vt 0.253968 0.920635
vt 0.269841 0.920635
vt 0.285714 0.920635
vt 0.301587 0.920635
vt 0.31746 0.920635
vt 0.333333 0.920635
vt 0.349206 0.920635
vt 0.365079 0.920635
vt 0.380952 0.920635
vt 0.396825 0.920635
vt 0.412698 0.920635
vt 0.428571 0.920635
vt 0.444444 0.920635
vt 0.460317 0.920635
vt 0.47619 0.920635
vt 0.492063 0.920635
vt 0.507937 0.920635
vt 0.52381 0.920635
vt 0.539683 0.920635
vt 0.555556 0.920635
vt 0.571429 0.920635
vt 0.587302 0.920635
vt 0.603175 0.920635
vt 0.619048 0.920635
vt 0.634921 0.920635
vt 0.650794 0.920635
vt 0.666667 0.920635
vt 0.68254 0.920635
vt 0.698413 0.920635
vt 0.714286 0.920635
vt 0.730159 0.920635
vt 0.746032 0.920635
vt 0.761905 0.920635
vt 0.777778 0.920635
vt 0.793651 0.920635
vt 0.809524 0.920635
vt 0.825397 0.920635
vt 0.84127 0.920635
vt 0.857143 0.920635
vt 0.873016 0.920635
vt 0.888889 0.920635
vt 0.904762 0.920635
vt 0.920635 0.920635
vt 0.936508 0.920635
vt 0.952381 0.920635
vt 0.968254 0.920635
vt 0.984127 0.920635
vt 1 0.920635
vt 0 0.904762
vt 0.015873 0.904762
vt 0.031746 0.904762
vt 0.047619 0.904762
vt 0.0634921 0.904762
vt 0.0793651 0.904762
vt 0.0952381 0.904762
vt 0.111111 0.904762
vt 0.126984 0.904762
vt 0.142857 0.904762
vt 0.15873 0.904762
vt 0.174603 0.904762
vt 0.190476 0.904762
vt 0.206349 0.904762
vt 0.222222 0.904762
vt 0.238095 0.904762
vt 0.253968 0.904762
vt 0.269841 0.904762
vt 0.285714 0.904762
vt 0.301587 0.904762
vt 0.31746 0.904762
vt 0.333333 0.904762
vt 0.349206 0.904762
vt 0.365079 0.904762
vt 0.380952 0.904762
vt 0.396825 0.904762
vt 0.412698 0.904762
vt 0.428571 0.904762
vt 0.444444 0.904762
vt 0.460317 0.904762
vt 0.47619 0.904762
vt 0.492063 0.904762
vt 0.507937 0.904762
vt 0.52381 0.904762
vt 0.539683 0.904762
vt 0.555556 0.904762
vt 0.571429 0.904762
vt 0.587302 0.904762
vt 0.603175 0.904762
vt 0.619048 0.904762
vt 0.634921 0.904762
vt 0.650794 0.904762
vt 0.666667 0.904762
vt 0.68254 0.904762
vt 0.698413 0.904762
vt 0.714286 0.904762
vt 0.730159 0.904762
vt 0.746032 0.904762
vt 0.761905 0.904762
vt 0.777778 0.904762
vt 0.793651 0.904762
vt 0.809524 0.904762
vt 0.825397 0.904762
vt 0.84127 0.904762
vt 0.857143 0.904762
vt 0.873016 0.904762
vt 0.888889 0.904762
vt 0.904762 0.904762
vt 0.920635 0.904762
vt 0.936508 0.904762
vt 0.952381 0.904762
vt 0.968254 0.904762
vt 0.984127 0.904762
vt 1 0.904762
vt 0 0.888889
vt 0.015873 0.888889
vt 0.031746 0.888889
vt 0.047619 0.888889
vt 0.0634921 0.888889
vt 0.0793651 0.888889
vt 0.0952381 0.888889
vt 0.111111 0.888889
vt 0.126984 0.888889
vt 0.142857 0.888889
vt 0.15873 0.888889
vt 0.174603 0.888889
vt 0.190476 0.888889
vt 0.206349 0.888889
vt 0.222222 0.888889
vt 0.238095 0.888889
vt 0.253968 0.888889
vt 0.269841 0.888889
vt 0.285714 0.888889
vt 0.301587 0.888889
vt 0.31746 0.888889
vt 0.333333 0.888889
vt 0.349206 0.888889
vt 0.365079 0.888889
vt 0.380952 0.888889
vt 0.396825 0.888889
vt 0.412698 0.888889
vt 0.428571 0.888889
vt 0.444444 0.888889
vt 0.460317 0.888889
vt 0.47619 0.888889
vt 0.492063 0.888889
vt 0.507937 0.888889
vt 0.52381 0.888889
vt 0.539683 0.888889
vt 0.555556 0.888889
vt 0.571429 0.888889
vt 0.587302 0.888889
vt 0.603175 0.888889
vt 0.619048 0.888889
vt 0.634921 0.888889
vt 0.650794 0.888889
vt 0.666667 0.888889
vt 0.68254 0.888889
vt 0.698413 0.888889
vt 0.714286 0.888889
vt 0.730159 0.888889
vt 0.746032 0.888889
vt 0.761905 0.888889
vt 0.777778 0.888889
vt 0.793651 0.888889
vt 0.809524 0.888889
vt 0.825397 0.888889
vt 0.84127 0.888889
vt 0.857143 0.888889
vt 0.873016 0.888889
vt 0.888889 0.888889
vt 0.904762 0.888889
vt 0.920635 0.888889
vt 0.936508 0.888889
vt 0.952381 0.888889
vt 0.968254 0.888889
vt 0.984127 0.888889
vt 1 0.888889
vt 0 0.873016
vt 0.015873 0.873016
vt 0.031746 0.873016
vt 0.047619 0.873016
vt 0.0634921 0.873016
vt 0.0793651 0.873016
vt 0.0952381 0.873016
vt 0.111111 0.873016
vt 0.126984 0.873016
vt 0.142857 0.873016
vt 0.15873 0.873016
vt 0.174603 0.873016
vt 0.190476 0.873016
vt 0.206349 0.873016
vt 0.222222 0.873016
vt 0.238095 0.873016
vt 0.253968 0.873016
vt 0.269841 0.873016
vt 0.285714 0.873016
vt 0.301587 0.873016
vt 0.31746 0.873016
vt 0.333333 0.873016
vt 0.349206 0.873016
vt 0.365079 0.873016
vt 0.380952 0.873016
vt 0.396825 0.873016
vt 0.412698 0.873016
vt 0.428571 0.873016
vt 0.444444 0.873016
vt 0.460317 0.873016
vt 0.47619 0.873016
vt 0.492063 0.873016
vt 0.507937 0.873016
vt 0.52381 0.873016
vt 0.539683 0.873016
vt 0.555556 0.873016
vt 0.571429 0.873016
vt 0.587302 0.873016
vt 0.603175 0.873016
vt 0.619048 0.873016
vt 0.634921 0.873016
vt 0.650794 0.873016
vt 0.666667 0.873016
vt 0.68254 0.873016
vt 0.698413 0.873016
vt 0.714286 0.873016
vt 0.730159 0.873016
vt 0.746032 0.873016
vt 0.761905 0.873016
vt 0.777778 0.873016
vt 0.793651 0.873016
vt 0.809524 0.873016
vt 0.825397 0.873016
vt 0.84127 0.873016
vt 0.857143 0.873016
vt 0.873016 0.873016
vt 0.888889 0.873016
vt 0.904762 0.873016
vt 0.920635 0.873016
vt 0.936508 0.873016
vt 0.952381 0.873016
vt 0.968254 0.873016
vt 0.984127 0.873016
vt 1 0.873016
vt 0 0.857143
vt 0.015873 0.857143
vt 0.031746 0.857143
vt 0.047619 0.857143
vt 0.0634921 0.857143
vt 0.0793651 0.857143
vt 0.0952381 0.857143
vt 0.111111 0.857143
vt 0.126984 0.857143
vt 0.142857 0.857143
vt 0.15873 0.857143
vt 0.174603 0.857143
vt 0.190476 0.857143
vt 0.206349 0.857143
vt 0.222222 0.857143
vt 0.238095 0.857143
vt 0.253968 0.857143
vt 0.269841 0.857143
vt 0.285714 0.857143
vt 0.301587 0.857143
vt 0.31746 0.857143
vt 0.333333 0.857143
vt 0.349206 0.857143
vt 0.365079 0.857143
vt 0.380952 0.857143
vt 0.396825 0.857143
vt 0.412698 0.857143
vt 0.428571 0.857143
vt 0.444444 0.857143
vt 0.460317 0.857143
vt 0.47619 0.857143
vt 0.492063 0.857143
vt 0.507937 0.857143
vt 0.52381 0.857143
vt 0.539683 0.857143
vt 0.555556 0.857143
vt 0.571429 0.857143
vt 0.587302 0.857143
vt 0.603175 0.857143
vt 0.619048 0.857143
vt 0.634921 0.857143
vt 0.650794 0.857143
vt 0.666667 0.857143
vt 0.68254 0.857143
vt 0.698413 0.857143
vt 0.714286 0.857143
vt 0.730159 0.857143
vt 0.746032 0.857143
vt 0.761905 0.857143
vt 0.777778 0.857143
vt 0.793651 0.857143
vt 0.809524 0.857143
vt 0.825397 0.857143
vt 0.84127 0.857143
vt 0.857143 0.857143
vt 0.873016 0.857143
vt 0.888889 0.857143
vt 0.904762 0.857143
vt 0.920635 0.857143
vt 0.936508 0.857143
vt 0.952381 0.857143
vt 0.968254 0.857143
vt 0.984127 0.857143
vt 1 0.857143
vt 0 0.84127
vt 0.015873 0.84127
vt 0.031746 0.84127
vt 0.047619 0.84127
vt 0.0634921 0.84127
vt 0.0793651 0.84127
vt 0.0952381 0.84127
vt 0.111111 0.84127
vt 0.126984 0.84127
vt 0.142857 0.84127
vt 0.15873 0.84127
vt 0.174603 0.84127
vt 0.190476 0.84127
vt 0.206349 0.84127
vt 0.222222 0.84127
vt 0.238095 0.84127
vt 0.253968 0.84127
vt 0.269841 0.84127
vt 0.285714 0.84127
vt 0.301587 0.84127
vt 0.31746 0.84127
vt 0.333333 0.84127
vt 0.349206 0.84127
vt 0.365079 0.84127
vt 0.380952 0.84127
vt 0.396825 0.84127
vt 0.412698 0.84127
vt 0.428571 0.84127
vt 0.444444 0.84127
vt 0.460317 0.84127
vt 0.47619 0.84127
vt 0.492063 0.84127
vt 0.507937 0.84127
vt 0.52381 0.84127
vt 0.539683 0.84127
vt 0.555556 0.84127
vt 0.571429 0.84127
vt 0.587302 0.84127
vt 0.603175 0.84127
vt 0.619048 0.84127
vt 0.634921 0.84127
vt 0.650794 0.84127
vt 0.666667 0.84127
vt 0.68254 0.84127
vt 0.698413 0.84127
vt 0.714286 0.84127
vt 0.730159 0.84127
vt 0.746032 0.84127
vt 0.761905 0.84127
vt 0.777778 0.84127
vt 0.793651 0.84127
vt 0.809524 0.84127
vt 0.825397 0.84127
vt 0.84127 0.84127
vt 0.857143 0.84127
vt 0.873016 0.84127
vt 0.888889 0.84127
vt 0.904762 0.84127
vt 0.920635 0.84127
vt 0.936508 0.84127
vt 0.952381 0.84127
vt 0.968254 0.84127
vt 0.984127 0.84127
vt 1 0.84127
vt 0 0.825397
vt 0.015873 0.825397
vt 0.031746 0.825397
vt 0.047619 0.825397
vt 0.0634921 0.825397
vt 0.0793651 0.825397
vt 0.0952381 0.825397
vt 0.111111 0.825397
vt 0.126984 0.825397
vt 0.142857 0.825397
vt 0.15873 0.825397
vt 0.174603 0.825397
vt 0.190476 0.825397
vt 0.206349 0.825397
vt 0.222222 0.825397
vt 0.238095 0.825397
vt 0.253968 0.825397
vt 0.269841 0.825397
vt 0.285714 0.825397
vt 0.301587 0.825397
vt 0.31746 0.825397
vt 0.333333 0.825397
vt 0.349206 0.825397
vt 0.365079 0.825397
vt 0.380952 0.825397
vt 0.396825 0.825397
vt 0.412698 0.825397
vt 0.428571 0.825397
vt 0.444444 0.825397
vt 0.460317 0.825397
vt 0.47619 0.825397
vt 0.492063 0.825397
vt 0.507937 0.825397
vt 0.52381 0.825397
vt 0.539683 0.825397
vt 0.555556 0.825397
vt 0.571429 0.825397
vt 0.587302 0.825397
vt 0.603175 0.825397
vt 0.619048 0.825397
vt 0.634921 0.825397
vt 0.650794 0.825397
vt 0.666667 0.825397
vt 0.68254 0.825397
vt 0.698413 0.825397
vt 0.714286 0.825397
vt 0.730159 0.825397
vt 0.746032 0.825397
vt 0.761905 0.825397
vt 0.777778 0.825397
vt 0.793651 0.825397
vt 0.809524 0.825397
vt 0.825397 0.825397
vt 0.84127 0.825397
vt 0.857143 0.825397
vt 0.873016 0.825397
vt 0.888889 0.825397
vt 0.904762 0.825397
vt 0.920635 0.825397
vt 0.936508 0.825397
vt 0.952381 0.825397
vt 0.968254 0.825397
vt 0.984127 0.825397
vt 1 0.825397
vt 0 0.809524
vt 0.015873 0.809524
vt 0.031746 0.809524
vt 0.047619 0.809524
vt 0.0634921 0.809524
vt 0.0793651 0.809524
vt 0.0952381 0.809524
vt 0.111111 0.809524
vt 0.126984 0.809524
vt 0.142857 0.809524
vt 0.15873 0.809524
vt 0.174603 0.809524
vt 0.190476 0.809524
vt 0.206349 0.809524
vt 0.222222 0.809524
vt 0.238095 0.809524
vt 0.253968 0.809524
vt 0.269841 0.809524
vt 0.285714 0.809524
vt 0.301587 0.809524
vt 0.31746 0.809524
vt 0.333333 0.809524
vt 0.349206 0.809524
vt 0.365079 0.809524
vt 0.380952 0.809524
vt 0.396825 0.809524
vt 0.412698 0.809524
vt 0.428571 0.809524
vt 0.444444 0.809524
vt 0.460317 0.809524
vt 0.47619 0.809524
vt 0.492063 0.809524
vt 0.507937 0.809524
vt 0.52381 0.809524
vt 0.539683 0.809524
vt 0.555556 0.809524
vt 0.571429 0.809524
vt 0.587302 0.809524
vt 0.603175 0.809524
vt 0.619048 0.809524
vt 0.634921 0.809524
vt 0.650794 0.809524
vt 0.666667 0.809524
vt 0.68254 0.809524
vt 0.698413 0.809524
vt 0.714286 0.809524
vt 0.730159 0.809524
vt 0.746032 0.809524
vt 0.761905 0.809524
vt 0.777778 0.809524
vt 0.793651 0.809524
vt 0.809524 0.809524
vt 0.825397 0.809524
vt 0.84127 0.809524
vt 0.857143 0.809524
vt 0.873016 0.809524
vt 0.888889 0.809524
vt 0.904762 0.809524
vt 0.920635 0.809524
vt 0.936508 0.809524
vt 0.952381 0.809524
vt 0.968254 0.809524
vt 0.984127 0.809524
vt 1 0.809524
vt 0 0.793651
vt 0.015873 0.793651
vt 0.031746 0.793651
vt 0.047619 0.793651
vt 0.0634921 0.793651
vt 0.0793651 0.793651
vt 0.0952381 0.793651
vt 0.111111 0.793651
vt 0.126984 0.793651
vt 0.142857 0.793651
vt 0.15873 0.793651
vt 0.174603 0.793651
vt 0.190476 0.793651
vt 0.206349 0.793651
vt 0.222222 0.793651
vt 0.238095 0.793651
vt 0.253968 0.793651
vt 0.269841 0.793651
vt 0.285714 0.793651
vt 0.301587 0.793651
vt 0.31746 0.793651
vt 0.333333 0.793651
vt 0.349206 0.793651
vt 0.365079 0.793651
vt 0.380952 0.793651
vt 0.396825 0.793651
vt 0.412698 0.793651
vt 0.428571 0.793651
vt 0.444444 0.793651
vt 0.460317 0.793651
vt 0.47619 0.793651
vt 0.492063 0.793651
vt 0.507937 0.793651
vt 0.52381 0.793651
vt 0.539683 0.793651
vt 0.555556 0.793651
vt 0.571429 0.793651
vt 0.587302 0.793651
vt 0.603175 0.793651
vt 0.619048 0.793651
vt 0.634921 0.793651
vt 0.650794 0.793651
vt 0.666667 0.793651
vt 0.68254 0.793651
vt 0.698413 0.793651
vt 0.714286 0.793651
vt 0.730159 0.793651
vt 0.746032 0.793651
vt 0.761905 0.793651
vt 0.777778 0.793651
vt 0.793651 0.793651
vt 0.809524 0.793651
vt 0.825397 0.793651
vt 0.84127 0.793651
vt 0.857143 0.793651
vt 0.873016 0.793651
vt 0.888889 0.793651
vt 0.904762 0.793651
vt 0.920635 0.793651
vt 0.936508 0.793651
vt 0.952381 0.793651
vt 0.968254 0.793651
vt 0.984127 0.793651
vt 1 0.793651
vt 0 0.777778
vt 0.015873 0.777778
vt 0.031746 0.777778
vt 0.047619 0.777778
vt 0.0634921 0.777778
vt 0.0793651 0.777778
vt 0.0952381 0.777778
vt 0.111111 0.777778
vt 0.126984 0.777778
vt 0.142857 0.777778
vt 0.15873 0.777778
vt 0.174603 0.777778
vt 0.190476 0.777778
vt 0.206349 0.777778
vt 0.222222 0.777778
vt 0.238095 0.777778
vt 0.253968 0.777778
vt 0.269841 0.777778
vt 0.285714 0.777778
vt 0.301587 0.777778
vt 0.31746 0.777778
vt 0.333333 0.777778
vt 0.349206 0.777778
vt 0.365079 0.777778
vt 0.380952 0.777778
vt 0.396825 0.777778
vt 0.412698 0.777778
vt 0.428571 0.777778
vt 0.444444 0.777778
vt 0.460317 0.777778
vt 0.47619 0.777778
vt 0.492063 0.777778
vt 0.507937 0.777778
vt 0.52381 0.777778
vt 0.539683 0.777778
vt 0.555556 0.777778
vt 0.571429 0.777778
vt 0.587302 0.777778
vt 0.603175 0.777778
vt 0.619048 0.777778
vt 0.634921 0.777778
vt 0.650794 0.777778
vt 0.666667 0.777778
vt 0.68254 0.777778
vt 0.698413 0.777778
vt 0.714286 0.777778
vt 0.730159 0.777778
vt 0.746032 0.777778
vt 0.761905 0.777778
vt 0.777778 0.777778
vt 0.793651 0.777778
vt 0.809524 0.777778
vt 0.825397 0.777778
vt 0.84127 0.777778
vt 0.857143 0.777778
vt 0.873016 0.777778
vt 0.888889 0.777778
vt 0.904762 0.777778
vt 0.920635 0.777778
vt 0.936508 0.777778
vt 0.952381 0.777778
vt 0.968254 0.777778
vt 0.984127 0.777778
vt 1 0.777778
vt 0 0.761905
vt 0.015873 0.761905
vt 0.031746 0.761905
vt 0.047619 0.761905
vt 0.0634921 0.761905
vt 0.0793651 0.761905
vt 0.0952381 0.761905
vt 0.111111 0.761905
vt 0.126984 0.761905
vt 0.142857 0.761905
vt 0.15873 0.761905
vt 0.174603 0.761905
vt 0.190476 0.761905
vt 0.206349 0.761905
vt 0.222222 0.761905
vt 0.238095 0.761905
vt 0.253968 0.761905
vt 0.269841 0.761905
vt 0.285714 0.761905
vt 0.301587 0.761905
vt 0.31746 0.761905
vt 0.333333 0.761905
vt 0.349206 0.761905
vt 0.365079 0.761905
vt 0.380952 0.761905
vt 0.396825 0.761905
vt 0.412698 0.761905
vt 0.428571 0.761905
vt 0.444444 0.761905
vt 0.460317 0.761905
vt 0.47619 0.761905
vt 0.492063 0.761905
vt 0.507937 0.761905
vt 0.52381 0.761905
vt 0.539683 0.761905
vt 0.555556 0.761905
vt 0.571429 0.761905
vt 0.587302 0.761905
vt 0.603175 0.761905
vt 0.619048 0.761905
vt 0.634921 0.761905
vt 0.650794 0.761905
vt 0.666667 0.761905
vt 0.68254 0.761905
vt 0.698413 0.761905
vt 0.714286 0.761905
vt 0.730159 0.761905
vt 0.746032 0.761905
vt 0.761905 0.761905
vt 0.777778 0.761905
vt 0.793651 0.761905
vt 0.809524 0.761905
vt 0.825397 0.761905
vt 0.84127 0.761905
vt 0.857143 0.761905
vt 0.873016 0.761905
vt 0.888889 0.761905
vt 0.904762 0.761905
vt 0.920635 0.761905
vt 0.936508 0.761905
vt 0.952381 0.761905
vt 0.968254 0.761905
vt 0.984127 0.761905
vt 1 0.761905
vt 0 0.746032
vt 0.015873 0.746032
vt 0.031746 0.746032
vt 0.047619 0.746032
vt 0.0634921 0.746032
vt 0.0793651 0.746032
vt 0.0952381 0.746032
vt 0.111111 0.746032
vt 0.126984 0.746032
vt 0.142857 0.746032
vt 0.15873 0.746032
vt 0.174603 0.746032
vt 0.190476 0.746032
vt 0.206349 0.746032
vt 0.222222 0.746032
vt 0.238095 0.746032
vt 0.253968 0.746032
vt 0.269841 0.746032
vt 0.285714 0.746032
vt 0.301587 0.746032
vt 0.31746 0.746032
vt 0.333333 0.746032
vt 0.349206 0.746032
vt 0.365079 0.746032
vt 0.380952 0.746032
vt 0.396825 0.746032
vt 0.412698 0.746032
vt 0.428571 0.746032
vt 0.444444 0.746032
vt 0.460317 0.746032
vt 0.47619 0.746032
vt 0.492063 0.746032
vt 0.507937 0.746032
vt 0.52381 0.746032
vt 0.539683 0.746032
vt 0.555556 0.746032
vt 0.571429 0.746032
vt 0.587302 0.746032
vt 0.603175 0.746032
vt 0.619048 0.746032
vt 0.634921 0.746032
vt 0.650794 0.746032
vt 0.666667 0.746032
vt 0.68254 0.746032
vt 0.698413 0.746032
vt 0.714286 0.746032
vt 0.730159 0.746032
vt 0.746032 0.746032
vt 0.761905 0.746032
vt 0.777778 0.746032
vt 0.793651 0.746032
vt 0.809524 0.746032
vt 0.825397 0.746032
vt 0.84127 0.746032
vt 0.857143 0.746032
vt 0.873016 0.746032
vt 0.888889 0.746032
vt 0.904762 0.746032
vt 0.920635 0.746032
vt 0.936508 0.746032
vt 0.952381 0.746032
vt 0.968254 0.746032
vt 0.984127 0.746032
vt 1 0.746032
vt 0 0.730159
vt 0.015873 0.730159
vt 0.031746 0.730159
vt 0.047619 0.730159
vt 0.0634921 0.730159
vt 0.0793651 0.730159
vt 0.0952381 0.730159
vt 0.111111 0.730159
vt 0.126984 0.730159
vt 0.142857 0.730159
vt 0.15873 0.730159
vt 0.174603 0.730159
vt 0.190476 0.730159
vt 0.206349 0.730159
vt 0.222222 0.730159
vt 0.238095 0.730159
vt 0.253968 0.730159
vt 0.269841 0.730159
vt 0.285714 0.730159
vt 0.301587 0.730159
vt 0.31746 0.730159
vt 0.333333 0.730159
vt 0.349206 0.730159
vt 0.365079 0.730159
vt 0.380952 0.730159
vt 0.396825 0.730159
vt 0.412698 0.730159
vt 0.428571 0.730159
vt 0.444444 0.730159
vt 0.460317 0.730159
vt 0.47619 0.730159
vt 0.492063 0.730159
vt 0.507937 0.730159
vt 0.52381 0.730159
vt 0.539683 0.730159
vt 0.555556 0.730159
vt 0.571429 0.730159
vt 0.587302 0.730159
vt 0.603175 0.730159
vt 0.619048 0.730159
vt 0.634921 0.730159
vt 0.650794 0.730159
vt 0.666667 0.730159
vt 0.68254 0.730159
vt 0.698413 0.730159
vt 0.714286 0.730159
vt 0.730159 0.730159
vt 0.746032 0.730159
vt 0.761905 0.730159
vt 0.777778 0.730159
vt 0.793651 0.730159
vt 0.809524 0.730159
vt 0.825397 0.730159
vt 0.84127 0.730159
vt 0.857143 0.730159
vt 0.873016 0.730159
vt 0.888889 0.730159
vt 0.904762 0.730159
vt 0.920635 0.730159
vt 0.936508 0.730159
vt 0.952381 0.730159
vt 0.968254 0.730159
vt 0.984127 0.730159
vt 1 0.730159
vt 0 0.714286
vt 0.015873 0.714286
vt 0.031746 0.714286
vt 0.047619 0.714286
vt 0.0634921 0.714286
vt 0.0793651 0.714286
vt 0.0952381 0.714286
vt 0.111111 0.714286
vt 0.126984 0.714286
vt 0.142857 0.714286
vt 0.15873 0.714286
vt 0.174603 0.714286
vt 0.190476 0.714286
vt 0.206349 0.714286
vt 0.222222 0.714286
vt 0.238095 0.714286
vt 0.253968 0.714286
vt 0.269841 0.714286
vt 0.285714 0.714286
vt 0.301587 0.714286
vt 0.31746 0.714286
vt 0.333333 0.714286
vt 0.349206 0.714286
vt 0.365079 0.714286
vt 0.380952 0.714286
vt 0.396825 0.714286
vt 0.412698 0.714286
vt 0.428571 0.714286
vt 0.444444 0.714286
vt 0.460317 0.714286
vt 0.47619 0.714286
vt 0.492063 0.714286
vt 0.507937 0.714286
vt 0.52381 0.714286
vt 0.539683 0.714286
vt 0.555556 0.714286
vt 0.571429 0.714286
vt 0.587302 0.714286
vt 0.603175 0.714286
vt 0.619048 0.714286
vt 0.634921 0.714286
vt 0.650794 0.714286
vt 0.666667 0.714286
vt 0.68254 0.714286
vt 0.698413 0.714286
vt 0.714286 0.714286
vt 0.730159 0.714286
vt 0.746032 0.714286
vt 0.761905 0.714286
vt 0.777778 0.714286
vt 0.793651 0.714286
vt 0.809524 0.714286
vt 0.825397 0.714286
vt 0.84127 0.714286
vt 0.857143 0.714286
vt 0.873016 0.714286
vt 0.888889 0.714286
vt 0.904762 0.714286
vt 0.920635 0.714286
vt 0.936508 0.714286
vt 0.952381 0.714286
vt 0.968254 0.714286
vt 0.984127 0.714286
vt 1 0.714286
vt 0 0.698413
vt 0.015873 0.698413
vt 0.031746 0.698413
vt 0.047619 0.698413
vt 0.0634921 0.698413
vt 0.0793651 0.698413
vt 0.0952381 0.698413
vt 0.111111 0.698413
vt 0.126984 0.698413
vt 0.142857 0.698413
vt 0.15873 0.698413
vt 0.174603 0.698413
vt 0.190476 0.698413
vt 0.206349 0.698413
vt 0.222222 0.698413
vt 0.238095 0.698413
vt 0.253968 0.698413
vt 0.269841 0.698413
vt 0.285714 0.698413
vt 0.301587 0.698413
vt 0.31746 0.698413
vt 0.333333 0.698413
vt 0.349206 0.698413
vt 0.365079 0.698413
vt 0.380952 0.698413
vt 0.396825 0.698413
vt 0.412698 0.698413
vt 0.428571 0.698413
vt 0.444444 0.698413
vt 0.460317 0.698413
vt 0.47619 0.698413
vt 0.492063 0.698413
vt 0.507937 0.698413
vt 0.52381 0.698413
vt 0.539683 0.698413
vt 0.555556 0.698413
vt 0.571429 0.698413
vt 0.587302 0.698413
vt 0.603175 0.698413
vt 0.619048 0.698413
vt 0.634921 0.698413
vt 0.650794 0.698413
vt 0.666667 0.698413
vt 0.68254 0.698413
vt 0.698413 0.698413
vt 0.714286 0.698413
vt 0.730159 0.698413
vt 0.746032 0.698413
vt 0.761905 0.698413
vt 0.777778 0.698413
vt 0.793651 0.698413
vt 0.809524 0.698413
vt 0.825397 0.698413
vt 0.84127 0.698413
vt 0.857143 0.698413
vt 0.873016 0.698413
vt 0.888889 0.698413
vt 0.904762 0.698413
vt 0.920635 0.698413
vt 0.936508 0.698413
vt 0.952381 0.698413
vt 0.968254 0.698413
vt 0.984127 0.698413
vt 1 0.698413
vt 0 0.68254
vt 0.015873 0.68254
vt 0.031746 0.68254
vt 0.047619 0.68254
vt 0.0634921 0.68254
vt 0.0793651 0.68254
vt 0.0952381 0.68254
vt 0.111111 0.68254
vt 0.126984 0.68254
vt 0.142857 0.68254
vt 0.15873 0.68254
vt 0.174603 0.68254
vt 0.190476 0.68254
vt 0.206349 0.68254
vt 0.222222 0.68254
vt 0.238095 0.68254
vt 0.253968 0.68254
vt 0.269841 0.68254
vt 0.285714 0.68254
vt 0.301587 0.68254
vt 0.31746 0.68254
vt 0.333333 0.68254
vt 0.349206 0.68254
vt 0.365079 0.68254
vt 0.380952 0.68254
vt 0.396825 0.68254
vt 0.412698 0.68254
vt 0.428571 0.68254
vt 0.444444 0.68254
vt 0.460317 0.68254
vt 0.47619 0.68254
vt 0.492063 0.68254
vt 0.507937 0.68254
vt 0.52381 0.68254
vt 0.539683 0.68254
vt 0.555556 0.68254
vt 0.571429 0.68254
vt 0.587302 0.68254
vt 0.603175 0.68254
vt 0.619048 0.68254
vt 0.634921 0.68254
vt 0.650794 0.68254
vt 0.666667 0.68254
vt 0.68254 0.68254
vt 0.698413 0.68254
vt 0.714286 0.68254
vt 0.730159 0.68254
vt 0.746032 0.68254
vt 0.761905 0.68254
vt 0.777778 0.68254
vt 0.793651 0.68254
vt 0.809524 0.68254
vt 0.825397 0.68254
vt 0.84127 0.68254
vt 0.857143 0.68254
vt 0.873016 0.68254
vt 0.888889 0.68254
vt 0.904762 0.68254
vt 0.920635 0.68254
vt 0.936508 0.68254
vt 0.952381 0.68254
vt 0.968254 0.68254
vt 0.984127 0.68254
vt 1 0.68254
vt 0 0.666667
vt 0.015873 0.666667
vt 0.031746 0.666667
vt 0.047619 0.666667
vt 0.0634921 0.666667
vt 0.0793651 0.666667
vt 0.0952381 0.666667
vt 0.111111 0.666667
vt 0.126984 0.666667
vt 0.142857 0.666667
vt 0.15873 0.666667
vt 0.174603 0.666667
vt 0.190476 0.666667
vt 0.206349 0.666667
vt 0.222222 0.666667
vt 0.238095 0.666667
vt 0.253968 0.666667
vt 0.269841 0.666667
vt 0.285714 0.666667
vt 0.301587 0.666667
vt 0.31746 0.666667
vt 0.333333 0.666667
vt 0.349206 0.666667
vt 0.365079 0.666667
vt 0.380952 0.666667
vt 0.396825 0.666667
vt 0.412698 0.666667
vt 0.428571 0.666667
vt 0.444444 0.666667
vt 0.460317 0.666667
vt 0.47619 0.666667
vt 0.492063 0.666667
vt 0.507937 0.666667
vt 0.52381 0.666667
vt 0.539683 0.666667
vt 0.555556 0.666667
vt 0.571429 0.666667
vt 0.587302 0.666667
vt 0.603175 0.666667
vt 0.619048 0.666667
vt 0.634921 0.666667
vt 0.650794 0.666667
vt 0.666667 0.666667
vt 0.68254 0.666667
vt 0.698413 0.666667
vt 0.714286 0.666667
vt 0.730159 0.666667
vt 0.746032 0.666667
vt 0.761905 0.666667
vt 0.777778 0.666667
vt 0.793651 0.666667
vt 0.809524 0.666667
vt 0.825397 0.666667
vt 0.84127 0.666667
vt 0.857143 0.666667
vt 0.873016 0.666667
vt 0.888889 0.666667
vt 0.904762 0.666667
vt 0.920635 0.666667
vt 0.936508 0.666667
vt 0.952381 0.666667
vt 0.968254 0.666667
vt 0.984127 0.666667
vt 1 0.666667
vt 0 0.650794
vt 0.015873 0.650794
vt 0.031746 0.650794
vt 0.047619 0.650794
vt 0.0634921 0.650794
vt 0.0793651 0.650794
vt 0.0952381 0.650794
vt 0.111111 0.650794
vt 0.126984 0.650794
vt 0.142857 0.650794
vt 0.15873 0.650794
vt 0.174603 0.650794
vt 0.190476 0.650794
vt 0.206349 0.650794
vt 0.222222 0.650794
vt 0.238095 0.650794
vt 0.253968 0.650794
vt 0.269841 0.650794
vt 0.285714 0.650794
vt 0.301587 0.650794
vt 0.31746 0.650794
vt 0.333333 0.650794
vt 0.349206 0.650794
vt 0.365079 0.650794
vt 0.380952 0.650794
vt 0.396825 0.650794
vt 0.412698 0.650794
vt 0.428571 0.650794
vt 0.444444 0.650794
vt 0.460317 0.650794
vt 0.47619 0.650794
vt 0.492063 0.650794
vt 0.507937 0.650794
vt 0.52381 0.650794
vt 0.539683 0.650794
vt 0.555556 0.650794
vt 0.571429 0.650794
vt 0.587302 0.650794
vt 0.603175 0.650794
vt 0.619048 0.650794
vt 0.634921 0.650794
vt 0.650794 0.650794
vt 0.666667 0.650794
vt 0.68254 0.650794
vt 0.698413 0.650794
vt 0.714286 0.650794
vt 0.730159 0.650794
vt 0.746032 0.650794
vt 0.761905 0.650794
vt 0.777778 0.650794
vt 0.793651 0.650794
vt 0.809524 0.650794
vt 0.825397 0.650794
vt 0.84127 0.650794
vt 0.857143 0.650794
vt 0.873016 0.650794
vt 0.888889 0.650794
vt 0.904762 0.650794
vt 0.920635 0.650794
vt 0.936508 0.650794
vt 0.952381 0.650794
vt 0.968254 0.650794
vt 0.984127 0.650794
vt 1 0.650794
vt 0 0.634921
vt 0.015873 0.634921
vt 0.031746 0.634921
vt 0.047619 0.634921
vt 0.0634921 0.634921
vt 0.0793651 0.634921
vt 0.0952381 0.634921
vt 0.111111 0.634921
vt 0.126984 0.634921
vt 0.142857 0.634921
vt 0.15873 0.634921
vt 0.174603 0.634921
vt 0.190476 0.634921
vt 0.206349 0.634921
vt 0.222222 0.634921
vt 0.238095 0.634921
vt 0.253968 0.634921
vt 0.269841 0.634921
vt 0.285714 0.634921
vt 0.301587 0.634921
vt 0.31746 0.634921
vt 0.333333 0.634921
vt 0.349206 0.634921
vt 0.365079 0.634921
vt 0.380952 0.634921
vt 0.396825 0.634921
vt 0.412698 0.634921
vt 0.428571 0.634921
vt 0.444444 0.634921
vt 0.460317 0.634921
vt 0.47619 0.634921
vt 0.492063 0.634921
vt 0.507937 0.634921
vt 0.52381 0.634921
vt 0.539683 0.634921
vt 0.555556 0.634921
vt 0.571429 0.634921
vt 0.587302 0.634921
vt 0.603175 0.634921
vt 0.619048 0.634921
vt 0.634921 0.634921
vt 0.650794 0.634921
vt 0.666667 0.634921
vt 0.68254 0.634921
vt 0.698413 0.634921
vt 0.714286 0.634921
vt 0.730159 0.634921
vt 0.746032 0.634921
vt 0.761905 0.634921
vt 0.777778 0.634921
vt 0.793651 0.634921
vt 0.809524 0.634921
vt 0.825397 0.634921
vt 0.84127 0.634921
vt 0.857143 0.634921
vt 0.873016 0.634921
vt 0.888889 0.634921
vt 0.904762 0.634921
vt 0.920635 0.634921
vt 0.936508 0.634921
vt 0.952381 0.634921
vt 0.968254 0.634921
vt 0.984127 0.634921
vt 1 0.634921
vt 0 0.619048
vt 0.015873 0.619048
vt 0.031746 0.619048
vt 0.047619 0.619048
vt 0.0634921 0.619048
vt 0.0793651 0.619048
vt 0.0952381 0.619048
vt 0.111111 0.619048
vt 0.126984 0.619048
vt 0.142857 0.619048
vt 0.15873 0.619048
vt 0.174603 0.619048
vt 0.190476 0.619048
vt 0.206349 0.619048
vt 0.222222 0.619048
vt 0.238095 0.619048
vt 0.253968 0.619048
vt 0.269841 0.619048
vt 0.285714 0.619048
vt 0.301587 0.619048
vt 0.31746 0.619048
vt 0.333333 0.619048
vt 0.349206 0.619048
vt 0.365079 0.619048
vt 0.380952 0.619048
vt 0.396825 0.619048
vt 0.412698 0.619048
vt 0.428571 0.619048
vt 0.444444 0.619048
vt 0.460317 0.619048
vt 0.47619 0.619048
vt 0.492063 0.619048
vt 0.507937 0.619048
vt 0.52381 0.619048
vt 0.539683 0.619048
vt 0.555556 0.619048
vt 0.571429 0.619048
vt 0.587302 0.619048
vt 0.603175 0.619048
vt 0.619048 0.619048
vt 0.634921 0.619048
vt 0.650794 0.619048
vt 0.666667 0.619048
vt 0.68254 0.619048
vt 0.698413 0.619048
vt 0.714286 0.619048
vt 0.730159 0.619048
vt 0.746032 0.619048
vt 0.761905 0.619048
vt 0.777778 0.619048
vt 0.793651 0.619048
vt 0.809524 0.619048
vt 0.825397 0.619048
vt 0.84127 0.619048
vt 0.857143 0.619048
vt 0.873016 0.619048
vt 0.888889 0.619048
vt 0.904762 0.619048
vt 0.920635 0.619048
vt 0.936508 0.619048
vt 0.952381 0.619048
vt 0.968254 0.619048
vt 0.984127 0.619048
vt 1 0.619048
vt 0 0.603175
vt 0.015873 0.603175
vt 0.031746 0.603175
vt 0.047619 0.603175
vt 0.0634921 0.603175
vt 0.0793651 0.603175
vt 0.0952381 0.603175
vt 0.111111 0.603175
vt 0.126984 0.603175
vt 0.142857 0.603175
vt 0.15873 0.603175
vt 0.174603 0.603175
vt 0.190476 0.603175
vt 0.206349 0.603175
vt 0.222222 0.603175
vt 0.238095 0.603175
vt 0.253968 0.603175
vt 0.269841 0.603175
vt 0.285714 0.603175
vt 0.301587 0.603175
vt 0.31746 0.603175
vt 0.333333 0.603175
vt 0.349206 0.603175
vt 0.365079 0.603175
vt 0.380952 0.603175
vt 0.396825 0.603175
vt 0.412698 0.603175
vt 0.428571 0.603175
vt 0.444444 0.603175
vt 0.460317 0.603175
vt 0.47619 0.603175
vt 0.492063 0.603175
vt 0.507937 0.603175
vt 0.52381 0.603175
vt 0.539683 0.603175
vt 0.555556 0.603175
vt 0.571429 0.603175
vt 0.587302 0.603175
vt 0.603175 0.603175
vt 0.619048 0.603175
vt 0.634921 0.603175
vt 0.650794 0.603175
vt 0.666667 0.603175
vt 0.68254 0.603175
vt 0.698413 0.603175
vt 0.714286 0.603175
vt 0.730159 0.603175
vt 0.746032 0.603175
vt 0.761905 0.603175
vt 0.777778 0.603175
vt 0.793651 0.603175
vt 0.809524 0.603175
vt 0.825397 0.603175
vt 0.84127 0.603175
vt 0.857143 0.603175
vt 0.873016 0.603175
vt 0.888889 0.603175
vt 0.904762 0.603175
vt 0.920635 0.603175
vt 0.936508 0.603175
vt 0.952381 0.603175
vt 0.968254 0.603175
vt 0.984127 0.603175
vt 1 0.603175
vt 0 0.587302
vt 0.015873 0.587302
vt 0.031746 0.587302
vt 0.047619 0.587302
vt 0.0634921 0.587302
vt 0.0793651 0.587302
vt 0.0952381 0.587302
vt 0.111111 0.587302
vt 0.126984 0.587302
vt 0.142857 0.587302
vt 0.15873 0.587302
vt 0.174603 0.587302
vt 0.190476 0.587302
vt 0.206349 0.587302
vt 0.222222 0.587302
vt 0.238095 0.587302
vt 0.253968 0.587302
vt 0.269841 0.587302
vt 0.285714 0.587302
vt 0.301587 0.587302
vt 0.31746 0.587302
vt 0.333333 0.587302
vt 0.349206 0.587302
vt 0.365079 0.587302
vt 0.380952 0.587302
vt 0.396825 0.587302
vt 0.412698 0.587302
vt 0.428571 0.587302
vt 0.444444 0.587302
vt 0.460317 0.587302
vt 0.47619 0.587302
vt 0.492063 0.587302
vt 0.507937 0.587302
vt 0.52381 0.587302
vt 0.539683 0.587302
vt 0.555556 0.587302
vt 0.571429 0.587302
vt 0.587302 0.587302
vt 0.603175 0.587302
vt 0.619048 0.587302
vt 0.634921 0.587302
vt 0.650794 0.587302
vt 0.666667 0.587302
vt 0.68254 0.587302
vt 0.698413 0.587302
vt 0.714286 0.587302
vt 0.730159 0.587302
vt 0.746032 0.587302
vt 0.761905 0.587302
vt 0.777778 0.587302
vt 0.793651 0.587302
vt 0.809524 0.587302
vt 0.825397 0.587302
vt 0.84127 0.587302
vt 0.857143 0.587302
vt 0.873016 0.587302
vt 0.888889 0.587302
vt 0.904762 0.587302
vt 0.920635 0.587302
vt 0.936508 0.587302
vt 0.952381 0.587302
vt 0.968254 0.587302
vt 0.984127 0.587302
vt 1 0.587302
vt 0 0.571429
vt 0.015873 0.571429
vt 0.031746 0.571429
vt 0.047619 0.571429
vt 0.0634921 0.571429
vt 0.0793651 0.571429
vt 0.0952381 0.571429
vt 0.111111 0.571429
vt 0.126984 0.571429
vt 0.142857 0.571429
vt 0.15873 0.571429
vt 0.174603 0.571429
vt 0.190476 0.571429
vt 0.206349 0.571429
vt 0.222222 0.571429
vt 0.238095 0.571429
vt 0.253968 0.571429
vt 0.269841 0.571429
vt 0.285714 0.571429
vt 0.301587 0.571429
vt 0.31746 0.571429
vt 0.333333 0.571429
vt 0.349206 0.571429
vt 0.365079 0.571429
vt 0.380952 0.571429
vt 0.396825 0.571429
vt 0.412698 0.571429
vt 0.428571 0.571429
vt 0.444444 0.571429
vt 0.460317 0.571429
vt 0.47619 0.571429
vt 0.492063 0.571429
vt 0.507937 0.571429
vt 0.52381 0.571429
vt 0.539683 0.571429
vt 0.555556 0.571429
vt 0.571429 0.571429
vt 0.587302 0.571429
vt 0.603175 0.571429
vt 0.619048 0.571429
vt 0.634921 0.571429
vt 0.650794 0.571429
vt 0.666667 0.571429
vt 0.68254 0.571429
vt 0.698413 0.571429
vt 0.714286 0.571429
vt 0.730159 0.571429
vt 0.746032 0.571429
vt 0.761905 0.571429
vt 0.777778 0.571429
vt 0.793651 0.571429
vt 0.809524 0.571429
vt 0.825397 0.571429
vt 0.84127 0.571429
vt 0.857143 0.571429
vt 0.873016 0.571429
vt 0.888889 0.571429
vt 0.904762 0.571429
vt 0.920635 0.571429
vt 0.936508 0.571429
vt 0.952381 0.571429
vt 0.968254 0.571429
vt 0.984127 0.571429
vt 1 0.571429
vt 0 0.555556
vt 0.015873 0.555556
vt 0.031746 0.555556
vt 0.047619 0.555556
vt 0.0634921 0.555556
vt 0.0793651 0.555556
vt 0.0952381 0.555556
vt 0.111111 0.555556
vt 0.126984 0.555556
vt 0.142857 0.555556
vt 0.15873 0.555556
vt 0.174603 0.555556
vt 0.190476 0.555556
vt 0.206349 0.555556
vt 0.222222 0.555556
vt 0.238095 0.555556
vt 0.253968 0.555556
vt 0.269841 0.555556
vt 0.285714 0.555556
vt 0.301587 0.555556
vt 0.31746 0.555556
vt 0.333333 0.555556
vt 0.349206 0.555556
vt 0.365079 0.555556
vt 0.380952 0.555556
vt 0.396825 0.555556
vt 0.412698 0.555556
vt 0.428571 0.555556
vt 0.444444 0.555556
vt 0.460317 0.555556
vt 0.47619 0.555556
vt 0.492063 0.555556
vt 0.507937 0.555556
vt 0.52381 0.555556
vt 0.539683 0.555556
vt 0.555556 0.555556
vt 0.571429 0.555556
vt 0.587302 0.555556
vt 0.603175 0.555556
vt 0.619048 0.555556
vt 0.634921 0.555556
vt 0.650794 0.555556
vt 0.666667 0.555556
vt 0.68254 0.555556
vt 0.698413 0.555556
vt 0.714286 0.555556
vt 0.730159 0.555556
vt 0.746032 0.555556
vt 0.761905 0.555556
vt 0.777778 0.555556
vt 0.793651 0.555556
vt 0.809524 0.555556
vt 0.825397 0.555556
vt 0.84127 0.555556
vt 0.857143 0.555556
vt 0.873016 0.555556
vt 0.888889 0.555556
vt 0.904762 0.555556
vt 0.920635 0.555556
vt 0.936508 0.555556
vt 0.952381 0.555556
vt 0.968254 0.555556
vt 0.984127 0.555556
vt 1 0.555556
vt 0 0.539683
vt 0.015873 0.539683
vt 0.031746 0.539683
vt 0.047619 0.539683
vt 0.0634921 0.539683
vt 0.0793651 0.539683
vt 0.0952381 0.539683
vt 0.111111 0.539683
vt 0.126984 0.539683
vt 0.142857 0.539683
vt 0.15873 0.539683
vt 0.174603 0.539683
vt 0.190476 0.539683
vt 0.206349 0.539683
vt 0.222222 0.539683
vt 0.238095 0.539683
vt 0.253968 0.539683
vt 0.269841 0.539683
vt 0.285714 0.539683
vt 0.301587 0.539683
vt 0.31746 0.539683
vt 0.333333 0.539683
vt 0.349206 0.539683
vt 0.365079 0.539683
vt 0.380952 0.539683
vt 0.396825 0.539683
vt 0.412698 0.539683
vt 0.428571 0.539683
vt 0.444444 0.539683
vt 0.460317 0.539683
vt 0.47619 0.539683
vt 0.492063 0.539683
vt 0.507937 0.539683
vt 0.52381 0.539683
vt 0.539683 0.539683
vt 0.555556 0.539683
vt 0.571429 0.539683
vt 0.587302 0.539683
vt 0.603175 0.539683
vt 0.619048 0.539683
vt 0.634921 0.539683
vt 0.650794 0.539683
vt 0.666667 0.539683
vt 0.68254 0.539683
vt 0.698413 0.539683
vt 0.714286 0.539683
vt 0.730159 0.539683
vt 0.746032 0.539683
vt 0.761905 0.539683
vt 0.777778 0.539683
vt 0.793651 0.539683
vt 0.809524 0.539683
vt 0.825397 0.539683
vt 0.84127 0.539683
vt 0.857143 0.539683
vt 0.873016 0.539683
vt 0.888889 0.539683
vt 0.904762 0.539683
vt 0.920635 0.539683
vt 0.936508 0.539683
vt 0.952381 0.539683
vt 0.968254 0.539683
vt 0.984127 0.539683
vt 1 0.539683
vt 0 0.52381
vt 0.015873 0.52381
vt 0.031746 0.52381
vt 0.047619 0.52381
vt 0.0634921 0.52381
vt 0.0793651 0.52381
vt 0.0952381 0.52381
vt 0.111111 0.52381
vt 0.126984 0.52381
vt 0.142857 0.52381
vt 0.15873 0.52381
vt 0.174603 0.52381
vt 0.190476 0.52381
vt 0.206349 0.52381
vt 0.222222 0.52381
vt 0.238095 0.52381
vt 0.253968 0.52381
vt 0.269841 0.52381
vt 0.285714 0.52381
vt 0.301587 0.52381
vt 0.31746 0.52381
vt 0.333333 0.52381
vt 0.349206 0.52381
vt 0.365079 0.52381
vt 0.380952 0.52381
vt 0.396825 0.52381
vt 0.412698 0.52381
vt 0.428571 0.52381
vt 0.444444 0.52381
vt 0.460317 0.52381
vt 0.47619 0.52381
vt 0.492063 0.52381
vt 0.507937 0.52381
vt 0.52381 0.52381
vt 0.539683 0.52381
vt 0.555556 0.52381
vt 0.571429 0.52381
vt 0.587302 0.52381
vt 0.603175 0.52381
vt 0.619048 0.52381
vt 0.634921 0.52381
vt 0.650794 0.52381
vt 0.666667 0.52381
vt 0.68254 0.52381
vt 0.698413 0.52381
vt 0.714286 0.52381
vt 0.730159 0.52381
vt 0.746032 0.52381
vt 0.761905 0.52381
vt 0.777778 0.52381
vt 0.793651 0.52381
vt 0.809524 0.52381
vt 0.825397 0.52381
vt 0.84127 0.52381
vt 0.857143 0.52381
vt 0.873016 0.52381
vt 0.888889 0.52381
vt 0.904762 0.52381
vt 0.920635 0.52381
vt 0.936508 0.52381
vt 0.952381 0.52381
vt 0.968254 0.52381
vt 0.984127 0.52381
vt 1 0.52381
vt 0 0.507936
vt 0.015873 0.507936
vt 0.031746 0.507936
vt 0.047619 0.507936
vt 0.0634921 0.507936
vt 0.0793651 0.507936
vt 0.0952381 0.507936
vt 0.111111 0.507936
vt 0.126984 0.507936
vt 0.142857 0.507936
vt 0.15873 0.507936
vt 0.174603 0.507936
vt 0.190476 0.507936
vt 0.206349 0.507936
vt 0.222222 0.507936
vt 0.238095 0.507936
vt 0.253968 0.507936
vt 0.269841 0.507936
vt 0.285714 0.507936
vt 0.301587 0.507936
vt 0.31746 0.507936
vt 0.333333 0.507936
vt 0.349206 0.507936
vt 0.365079 0.507936
vt 0.380952 0.507936
vt 0.396825 0.507936
vt 0.412698 0.507936
vt 0.428571 0.507936
vt 0.444444 0.507936
vt 0.460317 0.507936
vt 0.47619 0.507936
vt 0.492063 0.507936
vt 0.507937 0.507936
vt 0.52381 0.507936
vt 0.539683 0.507936
vt 0.555556 0.507936
vt 0.571429 0.507936
vt 0.587302 0.507936
vt 0.603175 0.507936
vt 0.619048 0.507936
vt 0.634921 0.507936
vt 0.650794 0.507936
vt 0.666667 0.507936
vt 0.68254 0.507936
vt 0.698413 0.507936
vt 0.714286 0.507936
vt 0.730159 0.507936
vt 0.746032 0.507936
vt 0.761905 0.507936
vt 0.777778 0.507936
vt 0.793651 0.507936
vt 0.809524 0.507936
vt 0.825397 0.507936
vt 0.84127 0.507936
vt 0.857143 0.507936
vt 0.873016 0.507936
vt 0.888889 0.507936
vt 0.904762 0.507936
vt 0.920635 0.507936
vt 0.936508 0.507936
vt 0.952381 0.507936
vt 0.968254 0.507936
vt 0.984127 0.507936
vt 1 0.507936
vt 0 0.492063
vt 0.015873 0.492063
vt 0.031746 0.492063
vt 0.047619 0.492063
vt 0.0634921 0.492063
vt 0.0793651 0.492063
vt 0.0952381 0.492063
vt 0.111111 0.492063
vt 0.126984 0.492063
vt 0.142857 0.492063
vt 0.15873 0.492063
vt 0.174603 0.492063
vt 0.190476 0.492063
vt 0.206349 0.492063
vt 0.222222 0.492063
vt 0.238095 0.492063
vt 0.253968 0.492063
vt 0.269841 0.492063
vt 0.285714 0.492063
vt 0.301587 0.492063
vt 0.31746 0.492063
vt 0.333333 0.492063
vt 0.349206 0.492063
vt 0.365079 0.492063
vt 0.380952 0.492063
vt 0.396825 0.492063
vt 0.412698 0.492063
vt 0.428571 0.492063
vt 0.444444 0.492063
vt 0.460317 0.492063
vt 0.47619 0.492063
vt 0.492063 0.492063
vt 0.507937 0.492063
vt 0.52381 0.492063
vt 0.539683 0.492063
vt 0.555556 0.492063
vt 0.571429 0.492063
vt 0.587302 0.492063
vt 0.603175 0.492063
vt 0.619048 0.492063
vt 0.634921 0.492063
vt 0.650794 0.492063
vt 0.666667 0.492063
vt 0.68254 0.492063
vt 0.698413 0.492063
vt 0.714286 0.492063
vt 0.730159 0.492063
vt 0.746032 0.492063
vt 0.761905 0.492063
vt 0.777778 0.492063
vt 0.793651 0.492063
vt 0.809524 0.492063
vt 0.825397 0.492063
vt 0.84127 0.492063
vt 0.857143 0.492063
vt 0.873016 0.492063
vt 0.888889 0.492063
vt 0.904762 0.492063
vt 0.920635 0.492063
vt 0.936508 0.492063
vt 0.952381 0.492063
vt 0.968254 0.492063
vt 0.984127 0.492063
vt 1 0.492063
vt 0 0.47619
vt 0.015873 0.47619
vt 0.031746 0.47619
vt 0.047619 0.47619
vt 0.0634921 0.47619
vt 0.0793651 0.47619
vt 0.0952381 0.47619
vt 0.111111 0.47619
vt 0.126984 0.47619
vt 0.142857 0.47619
vt 0.15873 0.47619
vt 0.174603 0.47619
vt 0.190476 0.47619
vt 0.206349 0.47619
vt 0.222222 0.47619
vt 0.238095 0.47619
vt 0.253968 0.47619
vt 0.269841 0.47619
vt 0.285714 0.47619
vt 0.301587 0.47619
vt 0.31746 0.47619
vt 0.333333 0.47619
vt 0.349206 0.47619
vt 0.365079 0.47619
vt 0.380952 0.47619
vt 0.396825 0.47619
vt 0.412698 0.47619
vt 0.428571 0.47619
vt 0.444444 0.47619
vt 0.460317 0.47619
vt 0.47619 0.47619
vt 0.492063 0.47619
vt 0.507937 0.47619
vt 0.52381 0.47619
vt 0.539683 0.47619
vt 0.555556 0.47619
vt 0.571429 0.47619
vt 0.587302 0.47619
vt 0.603175 0.47619
vt 0.619048 0.47619
vt 0.634921 0.47619
vt 0.650794 0.47619
vt 0.666667 0.47619
vt 0.68254 0.47619
vt 0.698413 0.47619
vt 0.714286 0.47619
vt 0.730159 0.47619
vt 0.746032 0.47619
vt 0.761905 0.47619
vt 0.777778 0.47619
vt 0.793651 0.47619
vt 0.809524 0.47619
vt 0.825397 0.47619
vt 0.84127 0.47619
vt 0.857143 0.47619
vt 0.873016 0.47619
vt 0.888889 0.47619
vt 0.904762 0.47619
vt 0.920635 0.47619
vt 0.936508 0.47619
vt 0.952381 0.47619
vt 0.968254 0.47619
vt 0.984127 0.47619
vt 1 0.47619
vt 0 0.460317
vt 0.015873 0.460317
vt 0.031746 0.460317
vt 0.047619 0.460317
vt 0.0634921 0.460317
vt 0.0793651 0.460317
vt 0.0952381 0.460317
vt 0.111111 0.460317
vt 0.126984 0.460317
vt 0.142857 0.460317
vt 0.15873 0.460317
vt 0.174603 0.460317
vt 0.190476 0.460317
vt 0.206349 0.460317
vt 0.222222 0.460317
vt 0.238095 0.460317
vt 0.253968 0.460317
vt 0.269841 0.460317
vt 0.285714 0.460317
vt 0.301587 0.460317
vt 0.31746 0.460317
vt 0.333333 0.460317
vt 0.349206 0.460317
vt 0.365079 0.460317
vt 0.380952 0.460317
vt 0.396825 0.460317
vt 0.412698 0.460317
vt 0.428571 0.460317
vt 0.444444 0.460317
vt 0.460317 0.460317
vt 0.47619 0.460317
vt 0.492063 0.460317
vt 0.507937 0.460317
vt 0.52381 0.460317
vt 0.539683 0.460317
vt 0.555556 0.460317
vt 0.571429 0.460317
vt 0.587302 0.460317
vt 0.603175 0.460317
vt 0.619048 0.460317
vt 0.634921 0.460317
vt 0.650794 0.460317
vt 0.666667 0.460317
vt 0.68254 0.460317
vt 0.698413 0.460317
vt 0.714286 0.460317
vt 0.730159 0.460317
vt 0.746032 0.460317
vt 0.761905 0.460317
vt 0.777778 0.460317
vt 0.793651 0.460317
vt 0.809524 0.460317
vt 0.825397 0.460317
vt 0.84127 0.460317
vt 0.857143 0.460317
vt 0.873016 0.460317
vt 0.888889 0.460317
vt 0.904762 0.460317
vt 0.920635 0.460317
vt 0.936508 0.460317
vt 0.952381 0.460317
vt 0.968254 0.460317
vt 0.984127 0.460317
vt 1 0.460317
vt 0 0.444444
vt 0.015873 0.444444
vt 0.031746 0.444444
vt 0.047619 0.444444
vt 0.0634921 0.444444
vt 0.0793651 0.444444
vt 0.0952381 0.444444
vt 0.111111 0.444444
vt 0.126984 0.444444
vt 0.142857 0.444444
vt 0.15873 0.444444
vt 0.174603 0.444444
vt 0.190476 0.444444
vt 0.206349 0.444444
vt 0.222222 0.444444
vt 0.238095 0.444444
vt 0.253968 0.444444
vt 0.269841 0.444444
vt 0.285714 0.444444
vt 0.301587 0.444444
vt 0.31746 0.444444
vt 0.333333 0.444444
vt 0.349206 0.444444
vt 0.365079 0.444444
vt 0.380952 0.444444
vt 0.396825 0.444444
vt 0.412698 0.444444
vt 0.428571 0.444444
vt 0.444444 0.444444
vt 0.460317 0.444444
vt 0.47619 0.444444
vt 0.492063 0.444444
vt 0.507937 0.444444
vt 0.52381 0.444444
vt 0.539683 0.444444
vt 0.555556 0.444444
vt 0.571429 0.444444
vt 0.587302 0.444444
vt 0.603175 0.444444
vt 0.619048 0.444444
vt 0.634921 0.444444
vt 0.650794 0.444444
vt 0.666667 0.444444
vt 0.68254 0.444444
vt 0.698413 0.444444
vt 0.714286 0.444444
vt 0.730159 0.444444
vt 0.746032 0.444444
vt 0.761905 0.444444
vt 0.777778 0.444444
vt 0.793651 0.444444
vt 0.809524 0.444444
vt 0.825397 0.444444
vt 0.84127 0.444444
vt 0.857143 0.444444
vt 0.873016 0.444444
vt 0.888889 0.444444
vt 0.904762 0.444444
vt 0.920635 0.444444
vt 0.936508 0.444444
vt 0.952381 0.444444
vt 0.968254 0.444444
vt 0.984127 0.444444
vt 1 0.444444
vt 0 0.428571
vt 0.015873 0.428571
vt 0.031746 0.428571
vt 0.047619 0.428571
vt 0.0634921 0.428571
vt 0.0793651 0.428571
vt 0.0952381 0.428571
vt 0.111111 0.428571
vt 0.126984 0.428571
vt 0.142857 0.428571
vt 0.15873 0.428571
vt 0.174603 0.428571
vt 0.190476 0.428571
vt 0.206349 0.428571
vt 0.222222 0.428571
vt 0.238095 0.428571
vt 0.253968 0.428571
vt 0.269841 0.428571
vt 0.285714 0.428571
vt 0.301587 0.428571
vt 0.31746 0.428571
vt 0.333333 0.428571
vt 0.349206 0.428571
vt 0.365079 0.428571
vt 0.380952 0.428571
vt 0.396825 0.428571
vt 0.412698 0.428571
vt 0.428571 0.428571
vt 0.444444 0.428571
vt 0.460317 0.428571
vt 0.47619 0.428571
vt 0.492063 0.428571
vt 0.507937 0.428571
vt 0.52381 0.428571
vt 0.539683 0.428571
vt 0.555556 0.428571
vt 0.571429 0.428571
vt 0.587302 0.428571
vt 0.603175 0.428571
vt 0.619048 0.428571
vt 0.634921 0.428571
vt 0.650794 0.428571
vt 0.666667 0.428571
vt 0.68254 0.428571
vt 0.698413 0.428571
vt 0.714286 0.428571
vt 0.730159 0.428571
vt 0.746032 0.428571
vt 0.761905 0.428571
vt 0.777778 0.428571
vt 0.793651 0.428571
vt 0.809524 0.428571
vt 0.825397 0.428571
vt 0.84127 0.428571
vt 0.857143 0.428571
vt 0.873016 0.428571
vt 0.888889 0.428571
vt 0.904762 0.428571
vt 0.920635 0.428571
vt 0.936508 0.428571
vt 0.952381 0.428571
vt 0.968254 0.428571
vt 0.984127 0.428571
vt 1 0.428571
vt 0 0.412698
vt 0.015873 0.412698
vt 0.031746 0.412698
vt 0.047619 0.412698
vt 0.0634921 0.412698
vt 0.0793651 0.412698
vt 0.0952381 0.412698
vt 0.111111 0.412698
vt 0.126984 0.412698
vt 0.142857 0.412698
vt 0.15873 0.412698
vt 0.174603 0.412698
vt 0.190476 0.412698
vt 0.206349 0.412698
vt 0.222222 0.412698
vt 0.238095 0.412698
vt 0.253968 0.412698
vt 0.269841 0.412698
vt 0.285714 0.412698
vt 0.301587 0.412698
vt 0.31746 0.412698
vt 0.333333 0.412698
vt 0.349206 0.412698
vt 0.365079 0.412698
vt 0.380952 0.412698
vt 0.396825 0.412698
vt 0.412698 0.412698
vt 0.428571 0.412698
vt 0.444444 0.412698
vt 0.460317 0.412698
vt 0.47619 0.412698
vt 0.492063 0.412698
vt 0.507937 0.412698
vt 0.52381 0.412698
vt 0.539683 0.412698
vt 0.555556 0.412698
vt 0.571429 0.412698
vt 0.587302 0.412698
vt 0.603175 0.412698
vt 0.619048 0.412698
vt 0.634921 0.412698
vt 0.650794 0.412698
vt 0.666667 0.412698
vt 0.68254 0.412698
vt 0.698413 0.412698
vt 0.714286 0.412698
vt 0.730159 0.412698
vt 0.746032 0.412698
vt 0.761905 0.412698
vt 0.777778 0.412698
vt 0.793651 0.412698
vt 0.809524 0.412698
vt 0.825397 0.412698
vt 0.84127 0.412698
vt 0.857143 0.412698
vt 0.873016 0.412698
vt 0.888889 0.412698
vt 0.904762 0.412698
vt 0.920635 0.412698
vt 0.936508 0.412698
vt 0.952381 0.412698
vt 0.968254 0.412698
vt 0.984127 0.412698
vt 1 0.412698
vt 0 0.396825
vt 0.015873 0.396825
vt 0.031746 0.396825
vt 0.047619 0.396825
vt 0.0634921 0.396825
vt 0.0793651 0.396825
vt 0.0952381 0.396825
vt 0.111111 0.396825
vt 0.126984 0.396825
vt 0.142857 0.396825
vt 0.15873 0.396825
vt 0.174603 0.396825
vt 0.190476 0.396825
vt 0.206349 0.396825
vt 0.222222 0.396825
vt 0.238095 0.396825
vt 0.253968 0.396825
vt 0.269841 0.396825
vt 0.285714 0.396825
vt 0.301587 0.396825
vt 0.31746 0.396825
vt 0.333333 0.396825
vt 0.349206 0.396825
vt 0.365079 0.396825
vt 0.380952 0.396825
vt 0.396825 0.396825
vt 0.412698 0.396825
vt 0.428571 0.396825
vt 0.444444 0.396825
vt 0.460317 0.396825
vt 0.47619 0.396825
vt 0.492063 0.396825
vt 0.507937 0.396825
vt 0.52381 0.396825
vt 0.539683 0.396825
vt 0.555556 0.396825
vt 0.571429 0.396825
vt 0.587302 0.396825
vt 0.603175 0.396825
vt 0.619048 0.396825
vt 0.634921 0.396825
vt 0.650794 0.396825
vt 0.666667 0.396825
vt 0.68254 0.396825
vt 0.698413 0.396825
vt 0.714286 0.396825
vt 0.730159 0.396825
vt 0.746032 0.396825
vt 0.761905 0.396825
vt 0.777778 0.396825
vt 0.793651 0.396825
vt 0.809524 0.396825
vt 0.825397 0.396825
vt 0.84127 0.396825
vt 0.857143 0.396825
vt 0.873016 0.396825
vt 0.888889 0.396825
vt 0.904762 0.396825
vt 0.920635 0.396825
vt 0.936508 0.396825
vt 0.952381 0.396825
vt 0.968254 0.396825
vt 0.984127 0.396825
vt 1 0.396825
vt 0 0.380952
vt 0.015873 0.380952
vt 0.031746 0.380952
vt 0.047619 0.380952
vt 0.0634921 0.380952
vt 0.0793651 0.380952
vt 0.0952381 0.380952
vt 0.111111 0.380952
vt 0.126984 0.380952
vt 0.142857 0.380952
vt 0.15873 0.380952
vt 0.174603 0.380952
vt 0.190476 0.380952
vt 0.206349 0.380952
vt 0.222222 0.380952
vt 0.238095 0.380952
vt 0.253968 0.380952
vt 0.269841 0.380952
vt 0.285714 0.380952
vt 0.301587 0.380952
vt 0.31746 0.380952
vt 0.333333 0.380952
vt 0.349206 0.380952
vt 0.365079 0.380952
vt 0.380952 0.380952
vt 0.396825 0.380952
vt 0.412698 0.380952
vt 0.428571 0.380952
vt 0.444444 0.380952
vt 0.460317 0.380952
vt 0.47619 0.380952
vt 0.492063 0.380952
vt 0.507937 0.380952
vt 0.52381 0.380952
vt 0.539683 0.380952
vt 0.555556 0.380952
vt 0.571429 0.380952
vt 0.587302 0.380952
vt 0.603175 0.380952
vt 0.619048 0.380952
vt 0.634921 0.380952
vt 0.650794 0.380952
vt 0.666667 0.380952
vt 0.68254 0.380952
vt 0.698413 0.380952
vt 0.714286 0.380952
vt 0.730159 0.380952
vt 0.746032 0.380952
vt 0.761905 0.380952
vt 0.777778 0.380952
vt 0.793651 0.380952
vt 0.809524 0.380952
vt 0.825397 0.380952
vt 0.84127 0.380952
vt 0.857143 0.380952
vt 0.873016 0.380952
vt 0.888889 0.380952
vt 0.904762 0.380952
vt 0.920635 0.380952
vt 0.936508 0.380952
vt 0.952381 0.380952
vt 0.968254 0.380952
vt 0.984127 0.380952
vt 1 0.380952
vt 0 0.365079
vt 0.015873 0.365079
vt 0.031746 0.365079
vt 0.047619 0.365079
vt 0.0634921 0.365079
vt 0.0793651 0.365079
vt 0.0952381 0.365079
vt 0.111111 0.365079
vt 0.126984 0.365079
vt 0.142857 0.365079
vt 0.15873 0.365079
vt 0.174603 0.365079
vt 0.190476 0.365079
vt 0.206349 0.365079
vt 0.222222 0.365079
vt 0.238095 0.365079
vt 0.253968 0.365079
vt 0.269841 0.365079
vt 0.285714 0.365079
vt 0.301587 0.365079
vt 0.31746 0.365079
vt 0.333333 0.365079
vt 0.349206 0.365079
vt 0.365079 0.365079
vt 0.380952 0.365079
vt 0.396825 0.365079
vt 0.412698 0.365079
vt 0.428571 0.365079
vt 0.444444 0.365079
vt 0.460317 0.365079
vt 0.47619 0.365079
vt 0.492063 0.365079
vt 0.507937 0.365079
vt 0.52381 0.365079
vt 0.539683 0.365079
vt 0.555556 0.365079
vt 0.571429 0.365079
vt 0.587302 0.365079
vt 0.603175 0.365079
vt 0.619048 0.365079
vt 0.634921 0.365079
vt 0.650794 0.365079
vt 0.666667 0.365079
vt 0.68254 0.365079
vt 0.698413 0.365079
vt 0.714286 0.365079
vt 0.730159 0.365079
vt 0.746032 0.365079
vt 0.761905 0.365079
vt 0.777778 0.365079
vt 0.793651 0.365079
vt 0.809524 0.365079
vt 0.825397 0.365079
vt 0.84127 0.365079
vt 0.857143 0.365079
vt 0.873016 0.365079
vt 0.888889 0.365079
vt 0.904762 0.365079
vt 0.920635 0.365079
vt 0.936508 0.365079
vt 0.952381 0.365079
vt 0.968254 0.365079
vt 0.984127 0.365079
vt 1 0.365079
vt 0 0.349206
vt 0.015873 0.349206
vt 0.031746 0.349206
vt 0.047619 0.349206
vt 0.0634921 0.349206
vt 0.0793651 0.349206
vt 0.0952381 0.349206
vt 0.111111 0.349206
vt 0.126984 0.349206
vt 0.142857 0.349206
vt 0.15873 0.349206
vt 0.174603 0.349206
vt 0.190476 0.349206
vt 0.206349 0.349206
vt 0.222222 0.349206
vt 0.238095 0.349206
vt 0.253968 0.349206
vt 0.269841 0.349206
vt 0.285714 0.349206
vt 0.301587 0.349206
vt 0.31746 0.349206
vt 0.333333 0.349206
vt 0.349206 0.349206
vt 0.365079 0.349206
vt 0.380952 0.349206
vt 0.396825 0.349206
vt 0.412698 0.349206
vt 0.428571 0.349206
vt 0.444444 0.349206
vt 0.460317 0.349206
vt 0.47619 0.349206
vt 0.492063 0.349206
vt 0.507937 0.349206
vt 0.52381 0.349206
vt 0.539683 0.349206
vt 0.555556 0.349206
vt 0.571429 0.349206
vt 0.587302 0.349206
vt 0.603175 0.349206
vt 0.619048 0.349206
vt 0.634921 0.349206
vt 0.650794 0.349206
vt 0.666667 0.349206
vt 0.68254 0.349206
vt 0.698413 0.349206
vt 0.714286 0.349206
vt 0.730159 0.349206
vt 0.746032 0.349206
vt 0.761905 0.349206
vt 0.777778 0.349206
vt 0.793651 0.349206
vt 0.809524 0.349206
vt 0.825397 0.349206
vt 0.84127 0.349206
vt 0.857143 0.349206
vt 0.873016 0.349206
vt 0.888889 0.349206
vt 0.904762 0.349206
vt 0.920635 0.349206
vt 0.936508 0.349206
vt 0.952381 0.349206
vt 0.968254 0.349206
vt 0.984127 0.349206
vt 1 0.349206
vt 0 0.333333
vt 0.015873 0.333333
vt 0.031746 0.333333
vt 0.047619 0.333333
vt 0.0634921 0.333333
vt 0.0793651 0.333333
vt 0.0952381 0.333333
vt 0.111111 0.333333
vt 0.126984 0.333333
vt 0.142857 0.333333
vt 0.15873 0.333333
vt 0.174603 0.333333
vt 0.190476 0.333333
vt 0.206349 0.333333
vt 0.222222 0.333333
vt 0.238095 0.333333
vt 0.253968 0.333333
vt 0.269841 0.333333
vt 0.285714 0.333333
vt 0.301587 0.333333
vt 0.31746 0.333333
vt 0.333333 0.333333
vt 0.349206 0.333333
vt 0.365079 0.333333
vt 0.380952 0.333333
vt 0.396825 0.333333
vt 0.412698 0.333333
vt 0.428571 0.333333
vt 0.444444 0.333333
vt 0.460317 0.333333
vt 0.47619 0.333333
vt 0.492063 0.333333
vt 0.507937 0.333333
vt 0.52381 0.333333
vt 0.539683 0.333333
vt 0.555556 0.333333
vt 0.571429 0.333333
vt 0.587302 0.333333
vt 0.603175 0.333333
vt 0.619048 0.333333
vt 0.634921 0.333333
vt 0.650794 0.333333
vt 0.666667 0.333333
vt 0.68254 0.333333
vt 0.698413 0.333333
vt 0.714286 0.333333
vt 0.730159 0.333333
vt 0.746032 0.333333
vt 0.761905 0.333333
vt 0.777778 0.333333
vt 0.793651 0.333333
vt 0.809524 0.333333
vt 0.825397 0.333333
vt 0.84127 0.333333
vt 0.857143 0.333333
vt 0.873016 0.333333
vt 0.888889 0.333333
vt 0.904762 0.333333
vt 0.920635 0.333333
vt 0.936508 0.333333
vt 0.952381 0.333333
vt 0.968254 0.333333
vt 0.984127 0.333333
vt 1 0.333333
vt 0 0.31746
vt 0.015873 0.31746
vt 0.031746 0.31746
vt 0.047619 0.31746
vt 0.0634921 0.31746
vt 0.0793651 0.31746
vt 0.0952381 0.31746
vt 0.111111 0.31746
vt 0.126984 0.31746
vt 0.142857 0.31746
vt 0.15873 0.31746
vt 0.174603 0.31746
vt 0.190476 0.31746
vt 0.206349 0.31746
vt 0.222222 0.31746
vt 0.238095 0.31746
vt 0.253968 0.31746
vt 0.269841 0.31746
vt 0.285714 0.31746
vt 0.301587 0.31746
vt 0.31746 0.31746
vt 0.333333 0.31746
vt 0.349206 0.31746
vt 0.365079 0.31746
vt 0.380952 0.31746
vt 0.396825 0.31746
vt 0.412698 0.31746
vt 0.428571 0.31746
vt 0.444444 0.31746
vt 0.460317 0.31746
vt 0.47619 0.31746
vt 0.492063 0.31746
vt 0.507937 0.31746
vt 0.52381 0.31746
vt 0.539683 0.31746
vt 0.555556 0.31746
vt 0.571429 0.31746
vt 0.587302 0.31746
vt 0.603175 0.31746
vt 0.619048 0.31746
vt 0.634921 0.31746
vt 0.650794 0.31746
vt 0.666667 0.31746
vt 0.68254 0.31746
vt 0.698413 0.31746
vt 0.714286 0.31746
vt 0.730159 0.31746
vt 0.746032 0.31746
vt 0.761905 0.31746
vt 0.777778 0.31746
vt 0.793651 0.31746
vt 0.809524 0.31746
vt 0.825397 0.31746
vt 0.84127 0.31746
vt 0.857143 0.31746
vt 0.873016 0.31746
vt 0.888889 0.31746
vt 0.904762 0.31746
vt 0.920635 0.31746
vt 0.936508 0.31746
vt 0.952381 0.31746
vt 0.968254 0.31746
vt 0.984127 0.31746
vt 1 0.31746
vt 0 0.301587
vt 0.015873 0.301587
vt 0.031746 0.301587
vt 0.047619 0.301587
vt 0.0634921 0.301587
vt 0.0793651 0.301587
vt 0.0952381 0.301587
vt 0.111111 0.301587
vt 0.126984 0.301587
vt 0.142857 0.301587
vt 0.15873 0.301587
vt 0.174603 0.301587
vt 0.190476 0.301587
vt 0.206349 0.301587
vt 0.222222 0.301587
vt 0.238095 0.301587
vt 0.253968 0.301587
vt 0.269841 0.301587
vt 0.285714 0.301587
vt 0.301587 0.301587
vt 0.31746 0.301587
vt 0.333333 0.301587
vt 0.349206 0.301587
vt 0.365079 0.301587
vt 0.380952 0.301587
vt 0.396825 0.301587
vt 0.412698 0.301587
vt 0.428571 0.301587
vt 0.444444 0.301587
vt 0.460317 0.301587
vt 0.47619 0.301587
vt 0.492063 0.301587
vt 0.507937 0.301587
vt 0.52381 0.301587
vt 0.539683 0.301587
vt 0.555556 0.301587
vt 0.571429 0.301587
vt 0.587302 0.301587
vt 0.603175 0.301587
vt 0.619048 0.301587
vt 0.634921 0.301587
vt 0.650794 0.301587
vt 0.666667 0.301587
vt 0.68254 0.301587
vt 0.698413 0.301587
vt 0.714286 0.301587
vt 0.730159 0.301587
vt 0.746032 0.301587
vt 0.761905 0.301587
vt 0.777778 0.301587
vt 0.793651 0.301587
vt 0.809524 0.301587
vt 0.825397 0.301587
vt 0.84127 0.301587
vt 0.857143 0.301587
vt 0.873016 0.301587
vt 0.888889 0.301587
vt 0.904762 0.301587
vt 0.920635 0.301587
vt 0.936508 0.301587
vt 0.952381 0.301587
vt 0.968254 0.301587
vt 0.984127 0.301587
vt 1 0.301587
vt 0 0.285714
vt 0.015873 0.285714
vt 0.031746 0.285714
vt 0.047619 0.285714
vt 0.0634921 0.285714
vt 0.0793651 0.285714
vt 0.0952381 0.285714
vt 0.111111 0.285714
vt 0.126984 0.285714
vt 0.142857 0.285714
vt 0.15873 0.285714
vt 0.174603 0.285714
vt 0.190476 0.285714
vt 0.206349 0.285714
vt 0.222222 0.285714
vt 0.238095 0.285714
vt 0.253968 0.285714
vt 0.269841 0.285714
vt 0.285714 0.285714
vt 0.301587 0.285714
vt 0.31746 0.285714
vt 0.333333 0.285714
vt 0.349206 0.285714
vt 0.365079 0.285714
vt 0.380952 0.285714
vt 0.396825 0.285714
vt 0.412698 0.285714
vt 0.428571 0.285714
vt 0.444444 0.285714
vt 0.460317 0.285714
vt 0.47619 0.285714
vt 0.492063 0.285714
vt 0.507937 0.285714
vt 0.52381 0.285714
vt 0.539683 0.285714
vt 0.555556 0.285714
vt 0.571429 0.285714
vt 0.587302 0.285714
vt 0.603175 0.285714
vt 0.619048 0.285714
vt 0.634921 0.285714
vt 0.650794 0.285714
vt 0.666667 0.285714
vt 0.68254 0.285714
vt 0.698413 0.285714
vt 0.714286 0.285714
vt 0.730159 0.285714
vt 0.746032 0.285714
vt 0.761905 0.285714
vt 0.777778 0.285714
vt 0.793651 0.285714
vt 0.809524 0.285714
vt 0.825397 0.285714
vt 0.84127 0.285714
vt 0.857143 0.285714
vt 0.873016 0.285714
vt 0.888889 0.285714
vt 0.904762 0.285714
vt 0.920635 0.285714
vt 0.936508 0.285714
vt 0.952381 0.285714
vt 0.968254 0.285714
vt 0.984127 0.285714
vt 1 0.285714
vt 0 0.269841
vt 0.015873 0.269841
vt 0.031746 0.269841
vt 0.047619 0.269841
vt 0.0634921 0.269841
vt 0.0793651 0.269841
vt 0.0952381 0.269841
vt 0.111111 0.269841
vt 0.126984 0.269841
vt 0.142857 0.269841
vt 0.15873 0.269841
vt 0.174603 0.269841
vt 0.190476 0.269841
vt 0.206349 0.269841
vt 0.222222 0.269841
vt 0.238095 0.269841
vt 0.253968 0.269841
vt 0.269841 0.269841
vt 0.285714 0.269841
vt 0.301587 0.269841
vt 0.31746 0.269841
vt 0.333333 0.269841
vt 0.349206 0.269841
vt 0.365079 0.269841
vt 0.380952 0.269841
vt 0.396825 0.269841
vt 0.412698 0.269841
vt 0.428571 0.269841
vt 0.444444 0.269841
vt 0.460317 0.269841
vt 0.47619 0.269841
vt 0.492063 0.269841
vt 0.507937 0.269841
vt 0.52381 0.269841
vt 0.539683 0.269841
vt 0.555556 0.269841
vt 0.571429 0.269841
vt 0.587302 0.269841
vt 0.603175 0.269841
vt 0.619048 0.269841
vt 0.634921 0.269841
vt 0.650794 0.269841
vt 0.666667 0.269841
vt 0.68254 0.269841
vt 0.698413 0.269841
vt 0.714286 0.269841
vt 0.730159 0.269841
vt 0.746032 0.269841
vt 0.761905 0.269841
vt 0.777778 0.269841
vt 0.793651 0.269841
vt 0.809524 0.269841
vt 0.825397 0.269841
vt 0.84127 0.269841
vt 0.857143 0.269841
vt 0.873016 0.269841
vt 0.888889 0.269841
vt 0.904762 0.269841
vt 0.920635 0.269841
vt 0.936508 0.269841
vt 0.952381 0.269841
vt 0.968254 0.269841
vt 0.984127 0.269841
vt 1 0.269841
vt 0 0.253968
vt 0.015873 0.253968
vt 0.031746 0.253968
vt 0.047619 0.253968
vt 0.0634921 0.253968
vt 0.0793651 0.253968
vt 0.0952381 0.253968
vt 0.111111 0.253968
vt 0.126984 0.253968
vt 0.142857 0.253968
vt 0.15873 0.253968
vt 0.174603 0.253968
vt 0.190476 0.253968
vt 0.206349 0.253968
vt 0.222222 0.253968
vt 0.238095 0.253968
vt 0.253968 0.253968
vt 0.269841 0.253968
vt 0.285714 0.253968
vt 0.301587 0.253968
vt 0.31746 0.253968
vt 0.333333 0.253968
vt 0.349206 0.253968
vt 0.365079 0.253968
vt 0.380952 0.253968
vt 0.396825 0.253968
vt 0.412698 0.253968
vt 0.428571 0.253968
vt 0.444444 0.253968
vt 0.460317 0.253968
vt 0.47619 0.253968
vt 0.492063 0.253968
vt 0.507937 0.253968
vt 0.52381 0.253968
vt 0.539683 0.253968
vt 0.555556 0.253968
vt 0.571429 0.253968
vt 0.587302 0.253968
vt 0.603175 0.253968
vt 0.619048 0.253968
vt 0.634921 0.253968
vt 0.650794 0.253968
vt 0.666667 0.253968
vt 0.68254 0.253968
vt 0.698413 0.253968
vt 0.714286 0.253968
vt 0.730159 0.253968
vt 0.746032 0.253968
vt 0.761905 0.253968
vt 0.777778 0.253968
vt 0.793651 0.253968
vt 0.809524 0.253968
vt 0.825397 0.253968
vt 0.84127 0.253968
vt 0.857143 0.253968
vt 0.873016 0.253968
vt 0.888889 0.253968
vt 0.904762 0.253968
vt 0.920635 0.253968
vt 0.936508 0.253968
vt 0.952381 0.253968
vt 0.968254 0.253968
vt 0.984127 0.253968
vt 1 0.253968
vt 0 0.238095
vt 0.015873 0.238095
vt 0.031746 0.238095
vt 0.047619 0.238095
vt 0.0634921 0.238095
vt 0.0793651 0.238095
vt 0.0952381 0.238095
vt 0.111111 0.238095
vt 0.126984 0.238095
vt 0.142857 0.238095
vt 0.15873 0.238095
vt 0.174603 0.238095
vt 0.190476 0.238095
vt 0.206349 0.238095
vt 0.222222 0.238095
vt 0.238095 0.238095
vt 0.253968 0.238095
vt 0.269841 0.238095
vt 0.285714 0.238095
vt 0.301587 0.238095
vt 0.31746 0.238095
vt 0.333333 0.238095
vt 0.349206 0.238095
vt 0.365079 0.238095
vt 0.380952 0.238095
vt 0.396825 0.238095
vt 0.412698 0.238095
vt 0.428571 0.238095
vt 0.444444 0.238095
vt 0.460317 0.238095
vt 0.47619 0.238095
vt 0.492063 0.238095
vt 0.507937 0.238095
vt 0.52381 0.238095
vt 0.539683 0.238095
vt 0.555556 0.238095
vt 0.571429 0.238095
vt 0.587302 0.238095
vt 0.603175 0.238095
vt 0.619048 0.238095
vt 0.634921 0.238095
vt 0.650794 0.238095
vt 0.666667 0.238095
vt 0.68254 0.238095
vt 0.698413 0.238095
vt 0.714286 0.238095
vt 0.730159 0.238095
vt 0.746032 0.238095
vt 0.761905 0.238095
vt 0.777778 0.238095
vt 0.793651 0.238095
vt 0.809524 0.238095
vt 0.825397 0.238095
vt 0.84127 0.238095
vt 0.857143 0.238095
vt 0.873016 0.238095
vt 0.888889 0.238095
vt 0.904762 0.238095
vt 0.920635 0.238095
vt 0.936508 0.238095
vt 0.952381 0.238095
vt 0.968254 0.238095
vt 0.984127 0.238095
vt 1 0.238095
vt 0 0.222222
vt 0.015873 0.222222
vt 0.031746 0.222222
vt 0.047619 0.222222
vt 0.0634921 0.222222
vt 0.0793651 0.222222
vt 0.0952381 0.222222
vt 0.111111 0.222222
vt 0.126984 0.222222
vt 0.142857 0.222222
vt 0.15873 0.222222
vt 0.174603 0.222222
vt 0.190476 0.222222
vt 0.206349 0.222222
vt 0.222222 0.222222
vt 0.238095 0.222222
vt 0.253968 0.222222
vt 0.269841 0.222222
vt 0.285714 0.222222
vt 0.301587 0.222222
vt 0.31746 0.222222
vt 0.333333 0.222222
vt 0.349206 0.222222
vt 0.365079 0.222222
vt 0.380952 0.222222
vt 0.396825 0.222222
vt 0.412698 0.222222
vt 0.428571 0.222222
vt 0.444444 0.222222
vt 0.460317 0.222222
vt 0.47619 0.222222
vt 0.492063 0.222222
vt 0.507937 0.222222
vt 0.52381 0.222222
vt 0.539683 0.222222
vt 0.555556 0.222222
vt 0.571429 0.222222
vt 0.587302 0.222222
vt 0.603175 0.222222
vt 0.619048 0.222222
vt 0.634921 0.222222
vt 0.650794 0.222222
vt 0.666667 0.222222
vt 0.68254 0.222222
vt 0.698413 0.222222
vt 0.714286 0.222222
vt 0.730159 0.222222
vt 0.746032 0.222222
vt 0.761905 0.222222
vt 0.777778 0.222222
vt 0.793651 0.222222
vt 0.809524 0.222222
vt 0.825397 0.222222
vt 0.84127 0.222222
vt 0.857143 0.222222
vt 0.873016 0.222222
vt 0.888889 0.222222
vt 0.904762 0.222222
vt 0.920635 0.222222
vt 0.936508 0.222222
vt 0.952381 0.222222
vt 0.968254 0.222222
vt 0.984127 0.222222
vt 1 0.222222
vt 0 0.206349
vt 0.015873 0.206349
vt 0.031746 0.206349
vt 0.047619 0.206349
vt 0.0634921 0.206349
vt 0.0793651 0.206349
vt 0.0952381 0.206349
vt 0.111111 0.206349
vt 0.126984 0.206349
vt 0.142857 0.206349
vt 0.15873 0.206349
vt 0.174603 0.206349
vt 0.190476 0.206349
vt 0.206349 0.206349
vt 0.222222 0.206349
vt 0.238095 0.206349
vt 0.253968 0.206349
vt 0.269841 0.206349
vt 0.285714 0.206349
vt 0.301587 0.206349
vt 0.31746 0.206349
vt 0.333333 0.206349
vt 0.349206 0.206349
vt 0.365079 0.206349
vt 0.380952 0.206349
vt 0.396825 0.206349
vt 0.412698 0.206349
vt 0.428571 0.206349
vt 0.444444 0.206349
vt 0.460317 0.206349
vt 0.47619 0.206349
vt 0.492063 0.206349
vt 0.507937 0.206349
vt 0.52381 0.206349
vt 0.539683 0.206349
vt 0.555556 0.206349
vt 0.571429 0.206349
vt 0.587302 0.206349
vt 0.603175 0.206349
vt 0.619048 0.206349
vt 0.634921 0.206349
vt 0.650794 0.206349
vt 0.666667 0.206349
vt 0.68254 0.206349
vt 0.698413 0.206349
vt 0.714286 0.206349
vt 0.730159 0.206349
vt 0.746032 0.206349
vt 0.761905 0.206349
vt 0.777778 0.206349
vt 0.793651 0.206349
vt 0.809524 0.206349
vt 0.825397 0.206349
vt 0.84127 0.206349
vt 0.857143 0.206349
vt 0.873016 0.206349
vt 0.888889 0.206349
vt 0.904762 0.206349
vt 0.920635 0.206349
vt 0.936508 0.206349
vt 0.952381 0.206349
vt 0.968254 0.206349
vt 0.984127 0.206349
vt 1 0.206349
vt 0 0.190476
vt 0.015873 0.190476
vt 0.031746 0.190476
vt 0.047619 0.190476
vt 0.0634921 0.190476
vt 0.0793651 0.190476
vt 0.0952381 0.190476
vt 0.111111 0.190476
vt 0.126984 0.190476
vt 0.142857 0.190476
vt 0.15873 0.190476
vt 0.174603 0.190476
vt 0.190476 0.190476
vt 0.206349 0.190476
vt 0.222222 0.190476
vt 0.238095 0.190476
vt 0.253968 0.190476
vt 0.269841 0.190476
vt 0.285714 0.190476
vt 0.301587 0.190476
vt 0.31746 0.190476
vt 0.333333 0.190476
vt 0.349206 0.190476
vt 0.365079 0.190476
vt 0.380952 0.190476
vt 0.396825 0.190476
vt 0.412698 0.190476
vt 0.428571 0.190476
vt 0.444444 0.190476
vt 0.460317 0.190476
vt 0.47619 0.190476
vt 0.492063 0.190476
vt 0.507937 0.190476
vt 0.52381 0.190476
vt 0.539683 0.190476
vt 0.555556 0.190476
vt 0.571429 0.190476
vt 0.587302 0.190476
vt 0.603175 0.190476
vt 0.619048 0.190476
vt 0.634921 0.190476
vt 0.650794 0.190476
vt 0.666667 0.190476
vt 0.68254 0.190476
vt 0.698413 0.190476
vt 0.714286 0.190476
vt 0.730159 0.190476
vt 0.746032 0.190476
vt 0.761905 0.190476
vt 0.777778 0.190476
vt 0.793651 0.190476
vt 0.809524 0.190476
vt 0.825397 0.190476
vt 0.84127 0.190476
vt 0.857143 0.190476
vt 0.873016 0.190476
vt 0.888889 0.190476
vt 0.904762 0.190476
vt 0.920635 0.190476
vt 0.936508 0.190476
vt 0.952381 0.190476
vt 0.968254 0.190476
vt 0.984127 0.190476
vt 1 0.190476
vt 0 0.174603
vt 0.015873 0.174603
vt 0.031746 0.174603
vt 0.047619 0.174603
vt 0.0634921 0.174603
vt 0.0793651 0.174603
vt 0.0952381 0.174603
vt 0.111111 0.174603
vt 0.126984 0.174603
vt 0.142857 0.174603
vt 0.15873 0.174603
vt 0.174603 0.174603
vt 0.190476 0.174603
vt 0.206349 0.174603
vt 0.222222 0.174603
vt 0.238095 0.174603
vt 0.253968 0.174603
vt 0.269841 0.174603
vt 0.285714 0.174603
vt 0.301587 0.174603
vt 0.31746 0.174603
vt 0.333333 0.174603
vt 0.349206 0.174603
vt 0.365079 0.174603
vt 0.380952 0.174603
vt 0.396825 0.174603
vt 0.412698 0.174603
vt 0.428571 0.174603
vt 0.444444 0.174603
vt 0.460317 0.174603
vt 0.47619 0.174603
vt 0.492063 0.174603
vt 0.507937 0.174603
vt 0.52381 0.174603
vt 0.539683 0.174603
vt 0.555556 0.174603
vt 0.571429 0.174603
vt 0.587302 0.174603
vt 0.603175 0.174603
vt 0.619048 0.174603
vt 0.634921 0.174603
vt 0.650794 0.174603
vt 0.666667 0.174603
vt 0.68254 0.174603
vt 0.698413 0.174603
vt 0.714286 0.174603
vt 0.730159 0.174603
vt 0.746032 0.174603
vt 0.761905 0.174603
vt 0.777778 0.174603
vt 0.793651 0.174603
vt 0.809524 0.174603
vt 0.825397 0.174603
vt 0.84127 0.174603
vt 0.857143 0.174603
vt 0.873016 0.174603
vt 0.888889 0.174603
vt 0.904762 0.174603
vt 0.920635 0.174603
vt 0.936508 0.174603
vt 0.952381 0.174603
vt 0.968254 0.174603
vt 0.984127 0.174603
vt 1 0.174603
vt 0 0.15873
vt 0.015873 0.15873
vt 0.031746 0.15873
vt 0.047619 0.15873
vt 0.0634921 0.15873
vt 0.0793651 0.15873
vt 0.0952381 0.15873
vt 0.111111 0.15873
vt 0.126984 0.15873
vt 0.142857 0.15873
vt 0.15873 0.15873
vt 0.174603 0.15873
vt 0.190476 0.15873
vt 0.206349 0.15873
vt 0.222222 0.15873
vt 0.238095 0.15873
vt 0.253968 0.15873
vt 0.269841 0.15873
vt 0.285714 0.15873
vt 0.301587 0.15873
vt 0.31746 0.15873
vt 0.333333 0.15873
vt 0.349206 0.15873
vt 0.365079 0.15873
vt 0.380952 0.15873
vt 0.396825 0.15873
vt 0.412698 0.15873
vt 0.428571 0.15873
vt 0.444444 0.15873
vt 0.460317 0.15873
vt 0.47619 0.15873
vt 0.492063 0.15873
vt 0.507937 0.15873
vt 0.52381 0.15873
vt 0.539683 0.15873
vt 0.555556 0.15873
vt 0.571429 0.15873
vt 0.587302 0.15873
vt 0.603175 0.15873
vt 0.619048 0.15873
vt 0.634921 0.15873
vt 0.650794 0.15873
vt 0.666667 0.15873
vt 0.68254 0.15873
vt 0.698413 0.15873
vt 0.714286 0.15873
vt 0.730159 0.15873
vt 0.746032 0.15873
vt 0.761905 0.15873
vt 0.777778 0.15873
vt 0.793651 0.15873
vt 0.809524 0.15873
vt 0.825397 0.15873
vt 0.84127 0.15873
vt 0.857143 0.15873
vt 0.873016 0.15873
vt 0.888889 0.15873
vt 0.904762 0.15873
vt 0.920635 0.15873
vt 0.936508 0.15873
vt 0.952381 0.15873
vt 0.968254 0.15873
vt 0.984127 0.15873
vt 1 0.15873
vt 0 0.142857
vt 0.015873 0.142857
vt 0.031746 0.142857
vt 0.047619 0.142857
vt 0.0634921 0.142857
vt 0.0793651 0.142857
vt 0.0952381 0.142857
vt 0.111111 0.142857
vt 0.126984 0.142857
vt 0.142857 0.142857
vt 0.15873 0.142857
vt 0.174603 0.142857
vt 0.190476 0.142857
vt 0.206349 0.142857
vt 0.222222 0.142857
vt 0.238095 0.142857
vt 0.253968 0.142857
vt 0.269841 0.142857
vt 0.285714 0.142857
vt 0.301587 0.142857
vt 0.31746 0.142857
vt 0.333333 0.142857
vt 0.349206 0.142857
vt 0.365079 0.142857
vt 0.380952 0.142857
vt 0.396825 0.142857
vt 0.412698 0.142857
vt 0.428571 0.142857
vt 0.444444 0.142857
vt 0.460317 0.142857
vt 0.47619 0.142857
vt 0.492063 0.142857
vt 0.507937 0.142857
vt 0.52381 0.142857
vt 0.539683 0.142857
vt 0.555556 0.142857
vt 0.571429 0.142857
vt 0.587302 0.142857
vt 0.603175 0.142857
vt 0.619048 0.142857
vt 0.634921 0.142857
vt 0.650794 0.142857
vt 0.666667 0.142857
vt 0.68254 0.142857
vt 0.698413 0.142857
vt 0.714286 0.142857
vt 0.730159 0.142857
vt 0.746032 0.142857
vt 0.761905 0.142857
vt 0.777778 0.142857
vt 0.793651 0.142857
vt 0.809524 0.142857
vt 0.825397 0.142857
vt 0.84127 0.142857
vt 0.857143 0.142857
vt 0.873016 0.142857
vt 0.888889 0.142857
vt 0.904762 0.142857
vt 0.920635 0.142857
vt 0.936508 0.142857
vt 0.952381 0.142857
vt 0.968254 0.142857
vt 0.984127 0.142857
vt 1 0.142857
vt 0 0.126984
vt 0.015873 0.126984
vt 0.031746 0.126984
vt 0.047619 0.126984
vt 0.0634921 0.126984
vt 0.0793651 0.126984
vt 0.0952381 0.126984
vt 0.111111 0.126984
vt 0.126984 0.126984
vt 0.142857 0.126984
vt 0.15873 0.126984
vt 0.174603 0.126984
vt 0.190476 0.126984
vt 0.206349 0.126984
vt 0.222222 0.126984
vt 0.238095 0.126984
vt 0.253968 0.126984
vt 0.269841 0.126984
vt 0.285714 0.126984
vt 0.301587 0.126984
vt 0.31746 0.126984
vt 0.333333 0.126984
vt 0.349206 0.126984
vt 0.365079 0.126984
vt 0.380952 0.126984
vt 0.396825 0.126984
vt 0.412698 0.126984
vt 0.428571 0.126984
vt 0.444444 0.126984
vt 0.460317 0.126984
vt 0.47619 0.126984
vt 0.492063 0.126984
vt 0.507937 0.126984
vt 0.52381 0.126984
vt 0.539683 0.126984
vt 0.555556 0.126984
vt 0.571429 0.126984
vt 0.587302 0.126984
vt 0.603175 0.126984
vt 0.619048 0.126984
vt 0.634921 0.126984
vt 0.650794 0.126984
vt 0.666667 0.126984
vt 0.68254 0.126984
vt 0.698413 0.126984
vt 0.714286 0.126984
vt 0.730159 0.126984
vt 0.746032 0.126984
vt 0.761905 0.126984
vt 0.777778 0.126984
vt 0.793651 0.126984
vt 0.809524 0.126984
vt 0.825397 0.126984
vt 0.84127 0.126984
vt 0.857143 0.126984
vt 0.873016 0.126984
vt 0.888889 0.126984
vt 0.904762 0.126984
vt 0.920635 0.126984
vt 0.936508 0.126984
vt 0.952381 0.126984
vt 0.968254 0.126984
vt 0.984127 0.126984
vt 1 0.126984
vt 0 0.111111
vt 0.015873 0.111111
vt 0.031746 0.111111
vt 0.047619 0.111111
vt 0.0634921 0.111111
vt 0.0793651 0.111111
vt 0.0952381 0.111111
vt 0.111111 0.111111
vt 0.126984 0.111111
vt 0.142857 0.111111
vt 0.15873 0.111111
vt 0.174603 0.111111
vt 0.190476 0.111111
vt 0.206349 0.111111
vt 0.222222 0.111111
vt 0.238095 0.111111
vt 0.253968 0.111111
vt 0.269841 0.111111
vt 0.285714 0.111111
vt 0.301587 0.111111
vt 0.31746 0.111111
vt 0.333333 0.111111
vt 0.349206 0.111111
vt 0.365079 0.111111
vt 0.380952 0.111111
vt 0.396825 0.111111
vt 0.412698 0.111111
vt 0.428571 0.111111
vt 0.444444 0.111111
vt 0.460317 0.111111
vt 0.47619 0.111111
vt 0.492063 0.111111
vt 0.507937 0.111111
vt 0.52381 0.111111
vt 0.539683 0.111111
vt 0.555556 0.111111
vt 0.571429 0.111111
vt 0.587302 0.111111
vt 0.603175 0.111111
vt 0.619048 0.111111
vt 0.634921 0.111111
vt 0.650794 0.111111
vt 0.666667 0.111111
vt 0.68254 0.111111
vt 0.698413 0.111111
vt 0.714286 0.111111
vt 0.730159 0.111111
vt 0.746032 0.111111
vt 0.761905 0.111111
vt 0.777778 0.111111
vt 0.793651 0.111111
vt 0.809524 0.111111
vt 0.825397 0.111111
vt 0.84127 0.111111
vt 0.857143 0.111111
vt 0.873016 0.111111
vt 0.888889 0.111111
vt 0.904762 0.111111
vt 0.920635 0.111111
vt 0.936508 0.111111
vt 0.952381 0.111111
vt 0.968254 0.111111
vt 0.984127 0.111111
vt 1 0.111111
vt 0 0.0952381
vt 0.015873 0.0952381
vt 0.031746 0.0952381
vt 0.047619 0.0952381
vt 0.0634921 0.0952381
vt 0.0793651 0.0952381
vt 0.0952381 0.0952381
vt 0.111111 0.0952381
vt 0.126984 0.0952381
vt 0.142857 0.0952381
vt 0.15873 0.0952381
vt 0.174603 0.0952381
vt 0.190476 0.0952381
vt 0.206349 0.0952381
vt 0.222222 0.0952381
vt 0.238095 0.0952381
vt 0.253968 0.0952381
vt 0.269841 0.0952381
vt 0.285714 0.0952381
vt 0.301587 0.0952381
vt 0.31746 0.0952381
vt 0.333333 0.0952381
vt 0.349206 0.0952381
vt 0.365079 0.0952381
vt 0.380952 0.0952381
vt 0.396825 0.0952381
vt 0.412698 0.0952381
vt 0.428571 0.0952381
vt 0.444444 0.0952381
vt 0.460317 0.0952381
vt 0.47619 0.0952381
vt 0.492063 0.0952381
vt 0.507937 0.0952381
vt 0.52381 0.0952381
vt 0.539683 0.0952381
vt 0.555556 0.0952381
vt 0.571429 0.0952381
vt 0.587302 0.0952381
vt 0.603175 0.0952381
vt 0.619048 0.0952381
vt 0.634921 0.0952381
vt 0.650794 0.0952381
vt 0.666667 0.0952381
vt 0.68254 0.0952381
vt 0.698413 0.0952381
vt 0.714286 0.0952381
vt 0.730159 0.0952381
vt 0.746032 0.0952381
vt 0.761905 0.0952381
vt 0.777778 0.0952381
vt 0.793651 0.0952381
vt 0.809524 0.0952381
vt 0.825397 0.0952381
vt 0.84127 0.0952381
vt 0.857143 0.0952381
vt 0.873016 0.0952381
vt 0.888889 0.0952381
vt 0.904762 0.0952381
vt 0.920635 0.0952381
vt 0.936508 0.0952381
vt 0.952381 0.0952381
vt 0.968254 0.0952381
vt 0.984127 0.0952381
vt 1 0.0952381
vt 0 0.0793651
vt 0.015873 0.0793651
vt 0.031746 0.0793651
vt 0.047619 0.0793651
vt 0.0634921 0.0793651
vt 0.0793651 0.0793651
vt 0.0952381 0.0793651
vt 0.111111 0.0793651
vt 0.126984 0.0793651
vt 0.142857 0.0793651
vt 0.15873 0.0793651
vt 0.174603 0.0793651
vt 0.190476 0.0793651
vt 0.206349 0.0793651
vt 0.222222 0.0793651
vt 0.238095 0.0793651
vt 0.253968 0.0793651
vt 0.269841 0.0793651
vt 0.285714 0.0793651
vt 0.301587 0.0793651
vt 0.31746 0.0793651
vt 0.333333 0.0793651
vt 0.349206 0.0793651
vt 0.365079 0.0793651
vt 0.380952 0.0793651
vt 0.396825 0.0793651
vt 0.412698 0.0793651
vt 0.428571 0.0793651
vt 0.444444 0.0793651
vt 0.460317 0.0793651
vt 0.47619 0.0793651
vt 0.492063 0.0793651
vt 0.507937 0.0793651
vt 0.52381 0.0793651
vt 0.539683 0.0793651
vt 0.555556 0.0793651
vt 0.571429 0.0793651
vt 0.587302 0.0793651
vt 0.603175 0.0793651
vt 0.619048 0.0793651
vt 0.634921 0.0793651
vt 0.650794 0.0793651
vt 0.666667 0.0793651
vt 0.68254 0.0793651
vt 0.698413 0.0793651
vt 0.714286 0.0793651
vt 0.730159 0.0793651
vt 0.746032 0.0793651
vt 0.761905 0.0793651
vt 0.777778 0.0793651
vt 0.793651 0.0793651
vt 0.809524 0.0793651
vt 0.825397 0.0793651
vt 0.84127 0.0793651
vt 0.857143 0.0793651
vt 0.873016 0.0793651
vt 0.888889 0.0793651
vt 0.904762 0.0793651
vt 0.920635 0.0793651
vt 0.936508 0.0793651
vt 0.952381 0.0793651
vt 0.968254 0.0793651
vt 0.984127 0.0793651
vt 1 0.0793651
vt 0 0.0634921
vt 0.015873 0.0634921
vt 0.031746 0.0634921
vt 0.047619 0.0634921
vt 0.0634921 0.0634921
vt 0.0793651 0.0634921
vt 0.0952381 0.0634921
vt 0.111111 0.0634921
vt 0.126984 0.0634921
vt 0.142857 0.0634921
vt 0.15873 0.0634921
vt 0.174603 0.0634921
vt 0.190476 0.0634921
vt 0.206349 0.0634921
vt 0.222222 0.0634921
vt 0.238095 0.0634921
vt 0.253968 0.0634921
vt 0.269841 0.0634921
vt 0.285714 0.0634921
vt 0.301587 0.0634921
vt 0.31746 0.0634921
vt 0.333333 0.0634921
vt 0.349206 0.0634921
vt 0.365079 0.0634921
vt 0.380952 0.0634921
vt 0.396825 0.0634921
vt 0.412698 0.0634921
vt 0.428571 0.0634921
vt 0.444444 0.0634921
vt 0.460317 0.0634921
vt 0.47619 0.0634921
vt 0.492063 0.0634921
vt 0.507937 0.0634921
vt 0.52381 0.0634921
vt 0.539683 0.0634921
vt 0.555556 0.0634921
vt 0.571429 0.0634921
vt 0.587302 0.0634921
vt 0.603175 0.0634921
vt 0.619048 0.0634921
vt 0.634921 0.0634921
vt 0.650794 0.0634921
vt 0.666667 0.0634921
vt 0.68254 0.0634921
vt 0.698413 0.0634921
vt 0.714286 0.0634921
vt 0.730159 0.0634921
vt 0.746032 0.0634921
vt 0.761905 0.0634921
vt 0.777778 0.0634921
vt 0.793651 0.0634921
vt 0.809524 0.0634921
vt 0.825397 0.0634921
vt 0.84127 0.0634921
vt 0.857143 0.0634921
vt 0.873016 0.0634921
vt 0.888889 0.0634921
vt 0.904762 0.0634921
vt 0.920635 0.0634921
vt 0.936508 0.0634921
vt 0.952381 0.0634921
vt 0.968254 0.0634921
vt 0.984127 0.0634921
vt 1 0.0634921
vt 0 0.047619
vt 0.015873 0.047619
vt 0.031746 0.047619
vt 0.047619 0.047619
vt 0.0634921 0.047619
vt 0.0793651 0.047619
vt 0.0952381 0.047619
vt 0.111111 0.047619
vt 0.126984 0.047619
vt 0.142857 0.047619
vt 0.15873 0.047619
vt 0.174603 0.047619
vt 0.190476 0.047619
vt 0.206349 0.047619
vt 0.222222 0.047619
vt 0.238095 0.047619
vt 0.253968 0.047619
vt 0.269841 0.047619
vt 0.285714 0.047619
vt 0.301587 0.047619
vt 0.31746 0.047619
vt 0.333333 0.047619
vt 0.349206 0.047619
vt 0.365079 0.047619
vt 0.380952 0.047619
vt 0.396825 0.047619
vt 0.412698 0.047619
vt 0.428571 0.047619
vt 0.444444 0.047619
vt 0.460317 0.047619
vt 0.47619 0.047619
vt 0.492063 0.047619
vt 0.507937 0.047619
vt 0.52381 0.047619
vt 0.539683 0.047619
vt 0.555556 0.047619
vt 0.571429 0.047619
vt 0.587302 0.047619
vt 0.603175 0.047619
vt 0.619048 0.047619
vt 0.634921 0.047619
vt 0.650794 0.047619
vt 0.666667 0.047619
vt 0.68254 0.047619
vt 0.698413 0.047619
vt 0.714286 0.047619
vt 0.730159 0.047619
vt 0.746032 0.047619
vt 0.761905 0.047619
vt 0.777778 0.047619
vt 0.793651 0.047619
vt 0.809524 0.047619
vt 0.825397 0.047619
vt 0.84127 0.047619
vt 0.857143 0.047619
vt 0.873016 0.047619
vt 0.888889 0.047619
vt 0.904762 0.047619
vt 0.920635 0.047619
vt 0.936508 0.047619
vt 0.952381 0.047619
vt 0.968254 0.047619
vt 0.984127 0.047619
vt 1 0.047619
vt 0 0.031746
vt 0.015873 0.031746
vt 0.031746 0.031746
vt 0.047619 0.031746
vt 0.0634921 0.031746
vt 0.0793651 0.031746
vt 0.0952381 0.031746
vt 0.111111 0.031746
vt 0.126984 0.031746
vt 0.142857 0.031746
vt 0.15873 0.031746
vt 0.174603 0.031746
vt 0.190476 0.031746
vt 0.206349 0.031746
vt 0.222222 0.031746
vt 0.238095 0.031746
vt 0.253968 0.031746
vt 0.269841 0.031746
vt 0.285714 0.031746
vt 0.301587 0.031746
vt 0.31746 0.031746
vt 0.333333 0.031746
vt 0.349206 0.031746
vt 0.365079 0.031746
vt 0.380952 0.031746
vt 0.396825 0.031746
vt 0.412698 0.031746
vt 0.428571 0.031746
vt 0.444444 0.031746
vt 0.460317 0.031746
vt 0.47619 0.031746
vt 0.492063 0.031746
vt 0.507937 0.031746
vt 0.52381 0.031746
vt 0.539683 0.031746
vt 0.555556 0.031746
vt 0.571429 0.031746
vt 0.587302 0.031746
vt 0.603175 0.031746
vt 0.619048 0.031746
vt 0.634921 0.031746
vt 0.650794 0.031746
vt 0.666667 0.031746
vt 0.68254 0.031746
vt 0.698413 0.031746
vt 0.714286 0.031746
vt 0.730159 0.031746
vt 0.746032 0.031746
vt 0.761905 0.031746
vt 0.777778 0.031746
vt 0.793651 0.031746
vt 0.809524 0.031746
vt 0.825397 0.031746
vt 0.84127 0.031746
vt 0.857143 0.031746
vt 0.873016 0.031746
vt 0.888889 0.031746
vt 0.904762 0.031746
vt 0.920635 0.031746
vt 0.936508 0.031746
vt 0.952381 0.031746
vt 0.968254 0.031746
vt 0.984127 0.031746
vt 1 0.031746
vt 0 0.015873
vt 0.015873 0.015873
vt 0.031746 0.015873
vt 0.047619 0.015873
vt 0.0634921 0.015873
vt 0.0793651 0.015873
vt 0.0952381 0.015873
vt 0.111111 0.015873
vt 0.126984 0.015873
vt 0.142857 0.015873
vt 0.15873 0.015873
vt 0.174603 0.015873
vt 0.190476 0.015873
vt 0.206349 0.015873
vt 0.222222 0.015873
vt 0.238095 0.015873
vt 0.253968 0.015873
vt 0.269841 0.015873
vt 0.285714 0.015873
vt 0.301587 0.015873
vt 0.31746 0.015873
vt 0.333333 0.015873
vt 0.349206 0.015873
vt 0.365079 0.015873
vt 0.380952 0.015873
vt 0.396825 0.015873
vt 0.412698 0.015873
vt 0.428571 0.015873
vt 0.444444 0.015873
vt 0.460317 0.015873
vt 0.47619 0.015873
vt 0.492063 0.015873
vt 0.507937 0.015873
vt 0.52381 0.015873
vt 0.539683 0.015873
vt 0.555556 0.015873
vt 0.571429 0.015873
vt 0.587302 0.015873
vt 0.603175 0.015873
vt 0.619048 0.015873
vt 0.634921 0.015873
vt 0.650794 0.015873
vt 0.666667 0.015873
vt 0.68254 0.015873
vt 0.698413 0.015873
vt 0.714286 0.015873
vt 0.730159 0.015873
vt 0.746032 0.015873
vt 0.761905 0.015873
vt 0.777778 0.015873
vt 0.793651 0.015873
vt 0.809524 0.015873
vt 0.825397 0.015873
vt 0.84127 0.015873
vt 0.857143 0.015873
vt 0.873016 0.015873
vt 0.888889 0.015873
vt 0.904762 0.015873
vt 0.920635 0.015873
vt 0.936508 0.015873
vt 0.952381 0.015873
vt 0.968254 0.015873
vt 0.984127 0.015873
vt 1 0.015873
vt 0 0
vt 0.015873 0
vt 0.031746 0
vt 0.047619 0
vt 0.0634921 0
vt 0.0793651 0
vt 0.0952381 0
vt 0.111111 0
vt 0.126984 0
vt 0.142857 0
vt 0.15873 0
vt 0.174603 0
vt 0.190476 0
vt 0.206349 0
vt 0.222222 0
vt 0.238095 0
vt 0.253968 0
vt 0.269841 0
vt 0.285714 0
vt 0.301587 0
vt 0.31746 0
vt 0.333333 0
vt 0.349206 0
vt 0.365079 0
vt 0.380952 0
vt 0.396825 0
vt 0.412698 0
vt 0.428571 0
vt 0.444444 0
vt 0.460317 0
vt 0.47619 0
vt 0.492063 0
vt 0.507937 0
vt 0.52381 0
vt 0.539683 0
vt 0.555556 0
vt 0.571429 0
vt 0.587302 0
vt 0.603175 0
vt 0.619048 0
vt 0.634921 0
vt 0.650794 0
vt 0.666667 0
vt 0.68254 0
vt 0.698413 0
vt 0.714286 0
vt 0.730159 0
vt 0.746032 0
vt 0.761905 0
vt 0.777778 0
vt 0.793651 0
vt 0.809524 0
vt 0.825397 0
vt 0.84127 0
vt 0.857143 0
vt 0.873016 0
vt 0.888889 0
vt 0.904762 0
vt 0.920635 0
vt 0.936508 0
vt 0.952381 0
vt 0.968254 0
vt 0.984127 0
vt 1 0
vn 0.640261 0.74535 -0.185793
vn 0.591678 0.76456 -0.255667
vn 0.40292 0.867991 -0.290254
vn 0.399284 0.86835 -0.294177
vn -0.0338303 0.946583 -0.320681
vn 0.0673282 0.971545 -0.227086
vn -0.383212 0.899418 -0.210228
vn -0.223364 0.974069 -0.0360226
vn -0.470618 0.881734 -0.0326079
vn -0.284825 0.94102 0.182636
vn -0.332192 0.925934 0.179708
vn -0.147118 0.920568 0.361815
vn -0.0688722 0.928485 0.364927
vn 0.0474125 0.885955 0.461341
vn 0.0929761 0.883111 0.45986
vn 0.147696 0.852294 0.501777
vn 0.110891 0.85643 0.504212
vn 0.0268592 0.897961 0.439254
vn 0.150204 0.888095 0.434427
vn 0.0330531 0.941826 0.334473
vn 0.240316 0.914725 0.324848
vn 0.0959284 0.977801 0.186289
vn 0.28274 0.942248 0.179516
vn 0.139067 0.989809 0.0306327
vn 0.188843 0.981537 0.0303767
vn 0.0806222 0.993547 -0.0797825
vn -0.0600035 0.994995 -0.0798988
vn -0.0947349 0.988895 -0.114508
vn -0.34436 0.932606 -0.10799
vn -0.313438 0.946761 -0.0734811
vn -0.528394 0.846454 -0.065696
vn -0.47415 0.880415 0.00711251
vn -0.531903 0.846778 0.00684077
vn -0.475871 0.875749 0.0813046
vn -0.37678 0.922336 0.0856298
vn -0.334685 0.932895 0.133018
vn -0.157011 0.977708 0.139408
vn -0.152744 0.977764 0.143692
vn 0.0571383 0.987757 0.145161
vn 0.0174882 0.994203 0.106085
vn 0.195306 0.975206 0.104058
vn 0.127334 0.991257 0.0345839
vn 0.257532 0.965682 0.0336917
vn 0.178762 0.982671 -0.0490163
vn 0.290193 0.95578 -0.047675
vn 0.212868 0.968463 -0.129484
vn 0.343349 0.930924 -0.124465
vn 0.269287 0.941266 -0.203723
vn 0.331898 0.921968 -0.199547
vn 0.3122 0.924082 -0.220463
vn 0.204482 0.952148 -0.227159
vn 0.204843 0.952156 -0.226801
vn 0.0385964 0.972059 -0.231542
vn 0.0483661 0.973789 -0.222253
vn -0.101118 0.969933 -0.221373
vn -0.103065 0.969299 -0.223242
vn -0.161589 0.961682 -0.221487
vn -0.187461 0.950793 -0.246681
vn -0.145205 0.957694 -0.248472
vn -0.192753 0.936259 -0.293709
vn -0.0988565 0.949479 -0.297855
vn -0.15251 0.92557 -0.346498
vn -0.0806863 0.933472 -0.349456
vn -0.122763 0.91429 -0.38601
vn -0.0783281 0.918428 -0.387757
vn -0.0148575 0.942967 -0.332554
vn -0.0869375 0.939501 -0.331331
vn 0.00568836 0.969147 -0.246417
vn -0.117456 0.962454 -0.244715
vn 0.00963517 0.992532 -0.121601
vn -0.126367 0.984622 -0.120632
vn 0.0182068 0.999545 0.024029
vn -0.0745856 0.996927 0.0239661
vn 0.0565664 0.986438 0.154081
vn 0.0380472 0.987304 0.154217
vn 0.125703 0.96285 0.238995
vn 0.167531 0.956831 0.237501
vn 0.203734 0.940339 0.272499
vn 0.267802 0.925401 0.26817
vn 0.269503 0.924412 0.26987
vn 0.264291 0.925798 0.270275
vn 0.197781 0.958789 0.203978
vn 0.13159 0.969605 0.206279
vn 0.0635666 0.988154 0.139685
vn -0.0613117 0.988293 0.139704
vn -0.109871 0.989731 0.0914371
vn -0.20445 0.974726 0.0900508
vn -0.221992 0.972401 0.0718056
vn -0.222115 0.972373 0.0718035
vn -0.217885 0.972993 0.0762209
vn -0.116895 0.990111 0.0775618
vn -0.106694 0.990406 0.0878211
vn 0.0421369 0.995207 0.0882468
vn 0.0430159 0.995092 0.0891205
vn 0.152333 0.984389 0.088162
vn 0.140394 0.987171 0.0760413
vn 0.148704 0.985961 0.0759481
vn 0.11811 0.991984 0.0449094
vn 0.00284963 0.998973 0.0452258
vn -0.000205453 0.99911 0.0421765
vn -0.213679 0.976035 0.0412024
vn -0.161886 0.982262 0.0946227
vn -0.340444 0.935932 0.0901596
vn -0.238624 0.950564 0.198711
vn -0.290473 0.936637 0.1958
vn -0.15886 0.932232 0.325126
vn -0.054731 0.942807 0.328814
vn 0.0551142 0.90443 0.423047
vn 0.238378 0.879695 0.411477
vn 0.281805 0.848095 0.448687
vn 0.42173 0.801469 0.424019
vn 0.422502 0.800655 0.424788
vn 0.415683 0.803435 0.426263
vn 0.327833 0.881648 0.339444
vn 0.167755 0.919997 0.354208
vn 0.0458769 0.96912 0.242286
vn -0.266015 0.935186 0.233802
vn -0.363512 0.922538 0.129545
vn -0.519456 0.846195 0.118825
vn -0.572025 0.818962 0.0457148
vn -0.506954 0.860633 0.0480409
vn -0.556791 0.830379 -0.0213058
vn -0.205431 0.97835 -0.0251024
vn -0.296694 0.947132 -0.12212
vn 0.290815 0.948924 -0.122351
vn 0.165671 0.95404 -0.249722
vn 0.605213 0.782051 -0.148704
vn 0.506316 0.815633 -0.279975
vn 0.398824 0.867351 -0.297728
vn 0.35203 0.869568 -0.346303
vn 0.0642494 0.927118 -0.369222
vn 0.131971 0.942034 -0.308475
vn -0.212927 0.928552 -0.30406
vn -0.0582764 0.986184 -0.155066
vn -0.286472 0.94646 -0.14882
vn -0.101723 0.99389 0.0428273
vn -0.157667 0.986577 0.0425121
vn -0.00182534 0.980382 0.197097
vn 0.0523939 0.979037 0.196827
vn 0.128997 0.954244 0.269772
vn 0.164485 0.949178 0.26834
vn 0.187927 0.938214 0.290583
vn 0.0285606 0.954844 0.295733
vn -0.0329808 0.97056 0.23859
vn 0.0340603 0.970525 0.238581
vn -0.0475908 0.98594 0.160178
vn 0.0963858 0.982463 0.159613
vn -0.00391809 0.998171 0.0603204
vn 0.138884 0.988505 0.0597363
vn 0.0460073 0.998365 -0.0339297
vn 0.0808337 0.996152 -0.0338545
vn 0.029476 0.995929 -0.0851865
vn -0.0950183 0.991854 -0.0848379
vn -0.0804907 0.994274 -0.0702854
vn -0.313583 0.947197 -0.0669575
vn -0.243841 0.969776 0.00866296
vn -0.474147 0.88041 0.00786466
vn -0.380948 0.916657 0.120908
vn -0.474277 0.872816 0.115126
vn -0.406395 0.89238 0.196219
vn -0.330678 0.921725 0.202672
vn -0.287417 0.925163 0.247922
vn -0.149205 0.955107 0.255946
vn -0.140706 0.954189 0.264055
vn 0.0169506 0.963639 0.26667
vn -0.00410313 0.969005 0.247007
vn 0.123523 0.961592 0.245117
vn 0.0850179 0.974378 0.208229
vn 0.175147 0.962802 0.205755
vn 0.126101 0.979477 0.157239
vn 0.212084 0.964897 0.154899
vn 0.151921 0.98395 0.0936065
vn 0.273912 0.957432 0.0910838
vn 0.197823 0.98018 0.010651
vn 0.320058 0.947342 0.0102942
vn 0.243744 0.967127 -0.0724893
vn 0.209762 0.975018 -0.0730807
vn 0.156553 0.979398 -0.12756
vn 0.0491923 0.990424 -0.128996
vn 0.0252242 0.987978 -0.152524
vn -0.10451 0.98288 -0.151737
vn -0.111032 0.981148 -0.158176
vn -0.191064 0.969065 -0.156228
vn -0.20061 0.965522 -0.165902
vn -0.19885 0.965875 -0.165963
vn -0.223711 0.955724 -0.191169
vn -0.159505 0.968022 -0.193629
vn -0.197341 0.952748 -0.230927
vn -0.129396 0.96369 -0.233579
vn -0.167257 0.948286 -0.269775
vn -0.015153 0.961725 -0.273598
vn 0.020493 0.970481 -0.240305
vn 0.00569729 0.970669 -0.240352
vn 0.0691288 0.981305 -0.179616
vn 0.00954858 0.983613 -0.180039
vn 0.108633 0.990668 -0.0823145
vn 0.0181495 0.996402 -0.0827909
vn 0.137451 0.989811 0.0371781
vn 0.0572099 0.997659 0.0374729
vn 0.166161 0.9751 0.146871
vn 0.128035 0.980708 0.147715
vn 0.199281 0.955283 0.218451
vn 0.20665 0.953794 0.21811
vn 0.232665 0.941457 0.243978
vn 0.271608 0.931633 0.241432
vn 0.265339 0.935065 0.235052
vn 0.196171 0.950984 0.239054
vn 0.125693 0.977436 0.169768
vn 0.0632528 0.983276 0.170782
vn -0.00129322 0.994212 0.107432
vn -0.109703 0.988212 0.106784
vn -0.149804 0.98649 0.0663054
vn -0.222091 0.972831 0.0653873
vn -0.235696 0.970483 0.0510883
vn -0.218233 0.974547 0.0513022
vn -0.220829 0.974102 0.0485831
vn -0.106976 0.993027 0.049527
vn -0.117826 0.992285 0.0385609
vn 0.0431553 0.998315 0.0387952
vn 0.0121734 0.999895 0.00780644
vn 0.140797 0.990008 0.00772925
vn 0.0927854 0.994844 -0.0409328
vn 0.118131 0.992159 -0.0408223
vn 0.0829802 0.993633 -0.0762093
vn -0.000205034 0.997072 -0.0764731
vn 0.00620638 0.997521 -0.070096
vn -0.162226 0.984326 -0.0691688
vn -0.0912093 0.995827 0.00293477
vn -0.243479 0.969902 0.00285837
vn -0.11983 0.984227 0.130145
vn -0.166577 0.97752 0.129258
vn -0.0282477 0.964228 0.263565
vn 0.0586803 0.962951 0.263216
vn 0.149169 0.926328 0.345926
vn 0.297216 0.894475 0.33403
vn 0.317 0.880195 0.353226
vn 0.439821 0.833476 0.334478
vn 0.419358 0.852673 0.311588
vn 0.329722 0.886728 0.324033
vn 0.223079 0.950345 0.216981
vn 0.046102 0.973875 0.222354
vn -0.0594881 0.991006 0.119864
vn -0.364302 0.924543 0.111825
vn -0.412481 0.909257 0.0557746
vn -0.5719 0.818784 0.0502249
vn -0.584405 0.810843 0.0316869
vn -0.556624 0.830131 0.0324406
vn -0.570274 0.821359 0.0125664
vn -0.298899 0.954173 0.0145984
vn -0.353559 0.934251 -0.0466062
vn 0.170885 0.984067 -0.0490914
vn 0.0533839 0.984561 -0.166703
vn 0.523741 0.843704 -0.117726
vn 0.345897 0.880674 -0.323679
vn 0.355202 0.877405 -0.322478
vn 0.255939 0.871895 -0.417485
vn 0.125357 0.894821 -0.428463
vn 0.152951 0.901447 -0.404969
vn -0.0538252 0.910857 -0.409197
vn 0.0709099 0.951232 -0.300214
vn -0.097141 0.949123 -0.299548
vn 0.053653 0.986194 -0.15666
vn -0.00183881 0.987615 -0.156886
vn 0.101343 0.993352 -0.0546045
vn 0.133766 0.989519 -0.0543938
vn 0.159065 0.986854 -0.0285874
vn 0.196323 0.980128 -0.0283926
vn 0.178856 0.982777 -0.0464671
vn -0.0339237 0.998309 -0.0472015
vn -0.0442271 0.997366 -0.0574924
vn -0.0481336 0.997186 -0.057482
vn -0.0557365 0.996323 -0.0650768
vn -0.00391689 0.997866 -0.0651777
vn -0.00749792 0.997606 -0.0687427
vn 0.0459252 0.996582 -0.0686721
vn 0.0586387 0.996709 -0.0559732
vn 0.029537 0.997991 -0.0560453
vn 0.0751394 0.997119 -0.0103681
vn -0.0806859 0.996686 -0.0103636
vn 0.00657498 0.997016 0.0769206
vn -0.243171 0.96711 0.0746133
vn -0.125132 0.972879 0.194548
vn -0.377383 0.908079 0.18159
vn -0.248261 0.915871 0.315509
vn -0.395472 0.868394 0.299154
vn -0.351812 0.870404 0.344421
vn -0.277526 0.893322 0.35349
vn -0.260069 0.891909 0.369948
vn -0.134963 0.915242 0.379627
vn -0.127084 0.913484 0.386518
vn -0.00389962 0.920945 0.389674
vn 0.0104458 0.915681 0.40177
vn 0.0796469 0.912822 0.400516
vn 0.0986834 0.903816 0.416387
vn 0.11614 0.902103 0.415598
vn 0.123425 0.898329 0.421629
vn 0.138424 0.896536 0.420788
vn 0.11251 0.909975 0.399107
vn 0.181749 0.900538 0.394967
vn 0.110393 0.936733 0.332181
vn 0.231105 0.916979 0.325176
vn 0.070895 0.982596 0.171697
vn 0.155544 0.973085 0.170035
vn 0.023353 0.998996 0.0382292
vn 0.0255041 0.998944 0.0382272
vn -0.046268 0.998365 -0.0335523
vn -0.112385 0.993104 -0.0333755
vn -0.124368 0.991192 -0.0455104
vn -0.203224 0.978102 -0.0449093
vn -0.191403 0.980969 -0.0326238
vn -0.227795 0.973171 -0.0323645
vn -0.230369 0.972471 -0.035079
vn -0.202697 0.978605 -0.0353003
vn -0.236752 0.968972 -0.0710036
vn -0.173247 0.982245 -0.0719762
vn -0.229439 0.964604 -0.129987
vn 0.0209226 0.990825 -0.13352
vn -0.00333721 0.98755 -0.157269
vn 0.0694014 0.985174 -0.156891
vn 0.0801935 0.985987 -0.146286
vn 0.107836 0.983404 -0.145902
vn 0.16572 0.982263 -0.087724
vn 0.137011 0.986643 -0.0881151
vn 0.229284 0.973333 0.00719513
vn 0.167978 0.985764 0.00728702
vn 0.264029 0.958473 0.107786
vn 0.202987 0.973048 0.109426
vn 0.273768 0.94423 0.182978
vn 0.235779 0.954058 0.184882
vn 0.269559 0.937625 0.219538
vn 0.266314 0.938504 0.219744
vn 0.271864 0.935557 0.225439
vn 0.12405 0.964664 0.232453
vn 0.0670011 0.981867 0.177337
vn -0.00128004 0.984077 0.177736
vn -0.0543568 0.99056 0.125839
vn -0.148964 0.980959 0.124619
vn -0.18589 0.978706 0.0870649
vn -0.235127 0.968141 0.0861251
vn -0.259809 0.963794 0.060001
vn -0.220684 0.973461 0.0606028
vn -0.251503 0.96745 0.0280468
vn -0.117865 0.992613 0.0287763
vn -0.174097 0.984311 -0.0286828
vn 0.0121686 0.999502 -0.0291255
vn -0.0750972 0.990404 -0.116015
vn 0.0922379 0.988975 -0.115848
vn -0.0161784 0.975063 -0.221337
vn 0.0811713 0.971973 -0.220636
vn 0.0370661 0.964262 -0.262347
vn 0.00600347 0.964907 -0.262522
vn 0.0214344 0.9685 -0.248091
vn -0.0883795 0.964931 -0.247177
vn 0.00359874 0.987292 -0.158879
vn -0.119345 0.980242 -0.157744
vn 0.0278671 0.999548 -0.0112882
vn -0.0292813 0.999508 -0.0112878
vn 0.116685 0.984033 0.1344
vn 0.157558 0.978426 0.133634
vn 0.238588 0.946923 0.215435
vn 0.331336 0.920003 0.20931
vn 0.339822 0.914758 0.218491
vn 0.431528 0.877418 0.209572
vn 0.399569 0.900464 0.171783
vn 0.224681 0.957171 0.182601
vn 0.131177 0.987466 0.087765
vn -0.0596857 0.994298 0.0883722
vn -0.128988 0.991471 0.0186485
vn -0.413063 0.910541 0.0171263
vn -0.431647 0.902026 -0.00548026
vn -0.584691 0.811241 -0.00492869
vn -0.581289 0.813697 0.000228411
vn -0.570319 0.821423 0.00023058
vn -0.570182 0.821518 0.000432862
vn -0.353943 0.935267 0.000492797
vn -0.38681 0.921391 -0.0376322
vn 0.0540965 0.997704 -0.040749
vn -0.0379577 0.990507 -0.132119
vn 0.364567 0.928208 -0.0743017
vn 0.109674 0.936488 -0.33311
vn 0.266561 0.908082 -0.323006
vn 0.124648 0.884489 -0.449602
vn 0.149553 0.881416 -0.44804
vn 0.14031 0.879025 -0.455662
vn 0.0660374 0.88587 -0.45921
vn 0.15049 0.909071 -0.388514
vn 0.0499644 0.918394 -0.392499
vn 0.154018 0.941551 -0.299601
vn 0.096762 0.948449 -0.301796
vn 0.150305 0.956121 -0.251477
vn 0.154022 0.955568 -0.251332
vn 0.139596 0.954058 -0.265117
vn 0.172711 0.949013 -0.263715
vn 0.129182 0.943626 -0.304767
vn -0.0421601 0.950753 -0.307069
vn -0.00416665 0.962212 -0.272268
vn -0.053751 0.96083 -0.271877
vn 0.00493339 0.976228 -0.216689
vn -0.00733713 0.976214 -0.216685
vn 0.0773101 0.987888 -0.134542
vn 0.0581954 0.989174 -0.134717
vn 0.164289 0.986015 -0.0280075
vn 0.0751133 0.996773 -0.028313
vn 0.194394 0.976498 0.093071
vn 0.00656476 0.995467 0.0948789
vn 0.131905 0.967062 0.217699
vn -0.124503 0.967995 0.217909
vn -0.0041883 0.944057 0.329757
vn -0.247914 0.914593 0.319465
vn -0.139939 0.898001 0.417147
vn -0.344178 0.851516 0.395554
vn -0.353436 0.851844 0.38658
vn -0.256631 0.88012 0.399412
vn -0.27261 0.881855 0.384727
vn -0.126489 0.909209 0.396661
vn -0.111783 0.905545 0.409259
vn 0.0103948 0.911207 0.411818
vn 0.0688928 0.885717 0.459086
vn 0.0964852 0.883684 0.458032
vn 0.169741 0.840948 0.513804
vn 0.116445 0.847526 0.517823
vn 0.166722 0.816163 0.553247
vn 0.101812 0.823447 0.558184
vn 0.096247 0.826665 0.554403
vn 0.0974104 0.826571 0.55434
vn 0.0209151 0.865985 0.499633
vn 0.0623734 0.864488 0.498769
vn -0.167391 0.937282 0.305751
vn 0.0222184 0.950461 0.31005
vn -0.161841 0.977646 0.134223
vn -0.0458648 0.989664 0.135873
vn -0.131899 0.990006 0.0499021
vn -0.124341 0.990981 0.0499512
vn -0.112694 0.991711 0.0617267
vn -0.191148 0.979665 0.060977
vn -0.138106 0.983711 0.115061
vn -0.229032 0.966828 0.113086
vn -0.203988 0.969066 0.138922
vn -0.235083 0.962139 0.137929
vn -0.27384 0.956859 0.0971244
vn -0.230282 0.968149 0.0982704
vn -0.319285 0.947656 0.0023122
vn -0.00337926 0.999991 0.00243989
vn -0.103455 0.989824 -0.0976955
vn 0.0806761 0.991921 -0.0979024
vn 0.0270507 0.988186 -0.150855
vn 0.164508 0.975079 -0.148855
vn 0.173667 0.974856 -0.139625
vn 0.227094 0.964035 -0.138075
vn 0.287788 0.954839 -0.0738979
vn 0.26484 0.961417 -0.074407
vn 0.345817 0.938186 0.0147671
vn 0.278437 0.960335 0.0151157
vn 0.350294 0.931831 0.0947877
vn 0.274988 0.956511 0.0972982
vn 0.323768 0.934133 0.150235
vn 0.275778 0.949026 0.15263
vn 0.306976 0.933393 0.185857
vn 0.0667753 0.978557 0.19485
vn 0.0498175 0.98269 0.178433
vn -0.0539134 0.982481 0.178395
vn -0.075596 0.984664 0.157229
vn -0.184344 0.970566 0.154978
vn -0.205479 0.969517 0.133476
vn -0.258008 0.957115 0.131768
vn -0.285466 0.952883 0.102587
vn -0.250247 0.962619 0.103635
vn -0.30091 0.952382 0.0492087
vn -0.173944 0.983444 0.0508136
vn -0.263127 0.963809 -0.0428571
vn -0.0755335 0.996159 -0.0442955
vn -0.203304 0.963696 -0.173084
vn -0.0163287 0.98412 -0.176752
vn -0.167226 0.932789 -0.319281
vn 0.0363443 0.945486 -0.323627
vn -0.0258503 0.925377 -0.378166
vn 0.0204826 0.925492 -0.378213
vn 0.0261504 0.927328 -0.373336
vn 0.0033813 0.92764 -0.373461
vn 0.0876988 0.950406 -0.298392
vn 0.0265901 0.953744 -0.299441
vn 0.162284 0.971992 -0.169985
vn 0.116017 0.978398 -0.171105
vn 0.244039 0.968928 -0.0403037
vn 0.244127 0.968905 -0.0403028
vn 0.314547 0.948555 0.0360914
vn 0.348014 0.936811 0.0356446
vn 0.35916 0.932021 0.0483882
vn 0.405142 0.913024 0.0474019
vn 0.385451 0.922415 0.0240313
vn 0.131641 0.990961 0.0258171
vn 0.0967702 0.995261 -0.00951315
vn -0.129005 0.991599 -0.00947814
vn -0.151261 0.98797 -0.0321717
vn -0.431467 0.901651 -0.0293609
vn -0.438108 0.898137 -0.0375683
vn -0.580953 0.813226 -0.0340165
vn -0.582698 0.811861 -0.0366799
vn -0.56979 0.820953 -0.0370906
vn -0.575311 0.816674 -0.0453881
vn -0.386577 0.920836 -0.0511771
vn -0.406457 0.910604 -0.0747846
vn -0.0381651 0.995918 -0.0817912
vn -0.0788322 0.989373 -0.122172
vn 0.116316 0.99321 0.00231069
vn -0.156607 0.951225 -0.265794
vn 0.134494 0.954358 -0.266669
vn -0.0254469 0.912225 -0.408899
vn 0.144135 0.902992 -0.404761
vn 0.107777 0.893721 -0.435484
vn 0.147195 0.889166 -0.433264
vn 0.197755 0.899553 -0.389485
vn 0.148449 0.907507 -0.392929
vn 0.218786 0.918568 -0.32919
vn 0.146392 0.931233 -0.333729
vn 0.177182 0.935654 -0.305218
vn 0.137778 0.941629 -0.307168
vn 0.116295 0.937883 -0.32688
vn 0.128206 0.936498 -0.326398
vn 0.0895092 0.928229 -0.361081
vn -0.00403565 0.931962 -0.362533
vn 0.0567186 0.949521 -0.308533
vn 0.00480611 0.951041 -0.309027
vn 0.0912096 0.969232 -0.228626
vn 0.0759476 0.970478 -0.22892
vn 0.191528 0.974764 -0.114686
vn 0.163257 0.979825 -0.115282
vn 0.287871 0.957541 0.0156666
vn 0.195216 0.980629 0.0160443
vn 0.308147 0.941551 0.136115
vn 0.133781 0.980815 0.141791
vn 0.225445 0.945942 0.23317
vn -0.00430752 0.970929 0.239329
vn 0.0577207 0.953163 0.2969
vn -0.147163 0.944359 0.294157
vn -0.113999 0.938898 0.324769
vn -0.365051 0.879838 0.30434
vn -0.414003 0.874822 0.251572
vn -0.284789 0.921255 0.264925
vn -0.312462 0.920016 0.236513
vn -0.11871 0.961661 0.247219
vn -0.0786538 0.955335 0.284868
vn 0.0743325 0.955652 0.284962
vn 0.174558 0.910357 0.375205
vn 0.183449 0.908862 0.374589
vn 0.28353 0.841193 0.460439
vn 0.176379 0.863438 0.472615
vn 0.235986 0.822149 0.518056
vn 0.0980289 0.841969 0.530545
vn 0.0812225 0.851218 0.51849
vn 0.0206223 0.853858 0.520098
vn -0.0884706 0.895809 0.435545
vn -0.158582 0.887955 0.431726
vn -0.38914 0.897501 0.207514
vn -0.159229 0.961866 0.222396
vn -0.318646 0.946173 0.0567529
vn -0.13183 0.989494 0.0593513
vn -0.169152 0.985361 0.0212317
vn -0.112884 0.993378 0.0214044
vn -0.0325242 0.994265 0.101884
vn -0.138319 0.985229 0.100958
vn -0.0198851 0.975939 0.217135
vn -0.201271 0.956156 0.212734
vn -0.140343 0.952043 0.27188
vn -0.265322 0.927097 0.264756
vn -0.306299 0.925482 0.222855
vn -0.311284 0.923908 0.222477
vn -0.423669 0.900646 0.0966527
vn -0.103366 0.988965 0.106131
vn -0.260831 0.963719 -0.0566827
vn 0.0273167 0.997902 -0.0586933
vn -0.0825174 0.982464 -0.167197
vn 0.172974 0.970967 -0.16524
vn 0.132506 0.969695 -0.205265
vn 0.282826 0.938378 -0.198636
vn 0.30418 0.936186 -0.176157
vn 0.340587 0.923998 -0.173864
vn 0.393745 0.912112 -0.114089
vn 0.349491 0.929695 -0.116288
vn 0.408566 0.911462 -0.0480781
vn 0.327079 0.943685 -0.0497779
vn 0.380703 0.924627 0.0114572
vn 0.312398 0.949879 0.0117701
vn 0.364598 0.928474 0.0707448
vn 0.0504841 0.995838 0.0758777
vn 0.0917218 0.988895 0.116938
vn -0.0760216 0.990207 0.117094
vn -0.0460498 0.988115 0.146657
vn -0.205183 0.968118 0.143689
vn -0.185742 0.968914 0.163417
vn -0.283306 0.945673 0.159497
vn -0.283434 0.945658 0.159362
vn -0.297459 0.94146 0.158655
vn -0.331733 0.935516 0.121502
vn -0.261326 0.957211 0.124319
vn -0.340963 0.93933 0.0374782
vn -0.206262 0.977719 0.0390099
vn -0.329014 0.939707 -0.0932779
vn -0.175625 0.979643 -0.0972421
vn -0.32431 0.911948 -0.251344
vn -0.026921 0.963705 -0.265608
vn -0.118369 0.929749 -0.348647
vn 0.0263951 0.936006 -0.350993
vn -0.00358671 0.926198 -0.37702
vn 0.0851552 0.92284 -0.375653
vn 0.121645 0.931285 -0.343381
vn 0.154763 0.926948 -0.341782
vn 0.232365 0.934858 -0.268417
vn 0.235288 0.934182 -0.268223
vn 0.312195 0.930915 -0.189555
vn 0.309034 0.931928 -0.189761
vn 0.356646 0.924005 -0.137908
vn 0.356144 0.924194 -0.137936
vn 0.375188 0.919606 -0.11644
vn 0.382958 0.916449 -0.11604
vn 0.394029 0.913281 -0.103244
vn 0.0961677 0.989065 -0.111811
vn 0.13677 0.988055 -0.0709964
vn -0.150959 0.985998 -0.0708486
vn -0.126166 0.990958 -0.0456524
vn -0.438042 0.898002 -0.04137
vn -0.439311 0.897308 -0.0429463
vn -0.58265 0.811794 -0.0388535
vn -0.595449 0.801244 -0.058719
vn -0.574874 0.816054 -0.0598043
vn -0.589084 0.803935 -0.0816627
vn -0.405856 0.909258 -0.0923613
vn -0.410725 0.906456 -0.0981963
vn -0.0789681 0.991079 -0.107363
vn -0.0520075 0.995395 -0.0805266
vn -0.161543 0.981203 0.105567
vn -0.378921 0.916327 -0.129472
vn -0.0276105 0.989787 -0.139852
vn -0.17735 0.94222 -0.284197
vn 0.114694 0.951079 -0.286869
vn 0.06205 0.940201 -0.33492
vn 0.202787 0.922444 -0.328595
vn 0.229576 0.92486 -0.303198
vn 0.220747 0.926799 -0.303834
vn 0.27431 0.928277 -0.251107
vn 0.179818 0.949571 -0.256867
vn 0.214178 0.950964 -0.223147
vn 0.119848 0.966539 -0.226802
vn 0.120185 0.966573 -0.226477
vn 0.0934762 0.969368 -0.227131
vn 0.0826391 0.967872 -0.237474
vn 0.0579159 0.969564 -0.237889
vn 0.111658 0.976155 -0.186158
vn 0.0920467 0.978127 -0.186534
vn 0.158645 0.97996 -0.120457
vn 0.191412 0.974178 -0.119747
vn 0.267119 0.962816 -0.0404109
vn 0.287674 0.956886 -0.040162
vn 0.353219 0.934962 0.0328937
vn 0.310868 0.949866 0.0334181
vn 0.352114 0.932556 0.0797205
vn 0.231038 0.969409 0.082871
vn 0.237503 0.967239 0.0896671
vn 0.0601891 0.993925 0.092141
vn 0.0239025 0.998145 0.05599
vn -0.120347 0.991174 0.055599
vn -0.185602 0.982561 -0.0111857
vn -0.427737 0.903845 -0.0102896
vn -0.470549 0.880043 -0.064094
vn -0.320824 0.944637 -0.0687984
vn -0.324207 0.943199 -0.0725657
vn -0.0818134 0.993711 -0.0764519
vn -0.000722728 0.999989 0.00467262
vn 0.188314 0.982098 0.00458903
vn 0.312764 0.939909 0.136931
vn 0.316401 0.938716 0.136757
vn 0.409924 0.879539 0.241605
vn 0.266754 0.92934 0.255285
vn 0.300584 0.908798 0.289369
vn 0.0905479 0.948949 0.302154
vn 0.0223706 0.970799 0.238849
vn -0.0954627 0.966607 0.237817
vn -0.253031 0.964193 0.0794169
vn -0.396668 0.914864 0.0753539
vn -0.523817 0.847418 -0.0865936
vn -0.317675 0.943288 -0.0963901
vn -0.381173 0.909129 -0.167902
vn -0.166455 0.969651 -0.179079
vn -0.106451 0.987135 -0.119303
vn -0.0324584 0.992253 -0.119922
vn 0.143829 0.987974 0.056743
vn -0.0203377 0.998148 0.0573273
vn 0.166086 0.956335 0.240497
vn -0.141523 0.960043 0.24143
vn -0.0407548 0.941419 0.334769
vn -0.297695 0.899483 0.319856
vn -0.328393 0.899244 0.288994
vn -0.40873 0.868888 0.279238
vn -0.51591 0.843113 0.151649
vn -0.2574 0.951043 0.171063
vn -0.42266 0.906174 -0.0144116
vn -0.083685 0.996366 -0.015846
vn -0.220462 0.963018 -0.154894
vn 0.133702 0.978446 -0.157375
vn 0.050056 0.96986 -0.238467
vn 0.300895 0.926075 -0.227701
vn 0.274523 0.927227 -0.25473
vn 0.384297 0.890227 -0.244565
vn 0.392721 0.889045 -0.235307
vn 0.397607 0.887013 -0.234769
vn 0.422304 0.882531 -0.206877
vn 0.372087 0.903701 -0.211839
vn 0.408186 0.896699 -0.171215
vn 0.359874 0.916445 -0.174985
vn 0.411986 0.903838 -0.115517
vn 0.0916166 0.98776 -0.126243
vn 0.187698 0.981803 -0.0288476
vn -0.0465331 0.998486 -0.0293377
vn 0.0430153 0.99726 0.0601896
vn -0.187943 0.980396 0.0591717
vn -0.106123 0.98417 0.141943
vn -0.284402 0.948887 0.136854
vn -0.22371 0.953957 0.199797
vn -0.327882 0.924656 0.193661
vn -0.305101 0.927078 0.217808
vn -0.333175 0.917874 0.215645
vn -0.360278 0.91406 0.186262
vn -0.324508 0.926836 0.188866
vn -0.401343 0.910142 0.102784
vn -0.333186 0.936906 0.105806
vn -0.443876 0.895763 -0.0241613
vn -0.126249 0.991638 -0.0267473
vn -0.248954 0.956355 -0.152993
vn -0.00382386 0.987437 -0.157966
vn -0.0888211 0.966767 -0.239736
vn 0.125773 0.962895 -0.238776
vn 0.0830053 0.956645 -0.279178
vn 0.232088 0.933746 -0.272495
vn 0.221034 0.933222 -0.283266
vn 0.305558 0.911125 -0.276559
vn 0.309228 0.911015 -0.272819
vn 0.346807 0.898512 -0.269075
vn 0.355687 0.897797 -0.259705
vn 0.364896 0.894381 -0.258717
vn 0.382226 0.892364 -0.239981
vn 0.384595 0.891414 -0.239725
vn 0.419503 0.885323 -0.200551
vn 0.133789 0.966521 -0.218945
vn 0.231607 0.965295 -0.120679
vn -0.125337 0.984451 -0.123074
vn -0.0598108 0.996551 -0.0575197
vn -0.439128 0.896932 -0.0517698
vn -0.429315 0.902284 -0.0396464
vn -0.596108 0.802131 -0.0352457
vn -0.608701 0.79147 -0.0552931
vn -0.590122 0.805352 -0.0562629
vn -0.600468 0.796349 -0.072577
vn -0.411305 0.907736 -0.0827285
vn -0.389844 0.919106 -0.0571517
vn -0.0520766 0.996718 -0.0619777
vn 0.0436446 0.998478 0.0337261
vn -0.37436 0.905297 0.20073
vn -0.519676 0.854058 0.0228648
vn -0.184914 0.982403 0.0263008
vn -0.308325 0.945463 -0.105053
vn 0.0654522 0.991752 -0.110196
vn 0.00386196 0.985324 -0.170648
vn 0.237584 0.957119 -0.165763
vn 0.245083 0.956538 -0.158018
vn 0.279899 0.947192 -0.156474
vn 0.321358 0.940329 -0.111854
vn 0.218254 0.96906 -0.115272
vn 0.262347 0.962509 -0.0689244
vn 0.123081 0.989862 -0.0708832
vn 0.15239 0.987465 -0.0411043
vn 0.0849996 0.995519 -0.0414395
vn 0.10598 0.994161 -0.0202868
vn 0.113621 0.993317 -0.0202695
vn 0.138149 0.990401 0.00465138
vn 0.159807 0.987137 0.00463606
vn 0.177735 0.983808 0.0230876
vn 0.267269 0.963357 0.0226077
vn 0.270889 0.962246 0.0265096
vn 0.353293 0.935158 0.0257634
vn 0.331993 0.94328 0.00161947
vn 0.353238 0.935532 0.00160617
vn 0.294995 0.953396 -0.0633515
vn 0.237968 0.969136 -0.0643973
vn 0.132187 0.976124 -0.172359
vn 0.0235755 0.984492 -0.173837
vn -0.107152 0.948724 -0.297392
vn -0.17739 0.939084 -0.29437
vn -0.29235 0.868396 -0.400525
vn -0.436772 0.816873 -0.376761
vn -0.445999 0.807186 -0.386699
vn -0.296094 0.86141 -0.412676
vn -0.259169 0.888203 -0.379378
vn -0.000664646 0.919624 -0.392799
vn 0.115833 0.950193 -0.289336
vn 0.303331 0.911561 -0.277573
vn 0.422694 0.894242 -0.147173
vn 0.417816 0.896472 -0.14754
vn 0.478963 0.874817 -0.0727362
vn 0.313045 0.946473 -0.078694
vn 0.287378 0.951867 -0.106594
vn 0.0228944 0.993528 -0.111259
vn -0.108414 0.965018 -0.238717
vn -0.246864 0.940696 -0.232701
vn -0.386223 0.843392 -0.373525
vn -0.492035 0.796002 -0.352536
vn -0.522871 0.75794 -0.390042
vn -0.34932 0.833157 -0.428749
vn -0.326004 0.853112 -0.407335
vn -0.0968567 0.898169 -0.428849
vn 0.0649708 0.955374 -0.288166
vn 0.138043 0.948231 -0.286012
vn 0.380099 0.924347 -0.0332745
vn 0.171 0.984633 -0.0354447
vn 0.384413 0.902281 0.195235
vn -0.0422738 0.976508 0.211296
vn 0.0920532 0.937531 0.335502
vn -0.325152 0.890368 0.318624
vn -0.330047 0.890318 0.313693
vn -0.499861 0.816884 0.287819
vn -0.575862 0.794993 0.190709
vn -0.413055 0.885581 0.21244
vn -0.544824 0.837258 0.0465398
vn -0.222829 0.973355 0.0541049
vn -0.353498 0.931235 -0.0885482
vn 0.0513121 0.994198 -0.0945351
vn -0.0634502 0.976349 -0.206679
vn 0.278215 0.939695 -0.19892
vn 0.198555 0.939668 -0.278566
vn 0.389982 0.882846 -0.261721
vn 0.339684 0.88636 -0.314613
vn 0.411084 0.859085 -0.304931
vn 0.382299 0.86104 -0.335346
vn 0.390497 0.85784 -0.3341
vn 0.386306 0.858031 -0.338452
vn 0.390378 0.856435 -0.337823
vn 0.41622 0.854626 -0.310443
vn 0.176856 0.925094 -0.33604
vn 0.300913 0.929263 -0.214295
vn 0.0419933 0.973566 -0.224512
vn 0.177732 0.979908 -0.0905097
vn -0.10676 0.990071 -0.0914484
vn 0.0414988 0.997516 0.0569251
vn -0.227961 0.972089 0.0554741
vn -0.0875305 0.976453 0.197177
vn -0.307009 0.932877 0.188378
vn -0.201482 0.934146 0.294579
vn -0.351865 0.892715 0.281514
vn -0.301313 0.893602 0.332695
vn -0.381927 0.866113 0.32246
vn -0.390996 0.865558 0.31294
vn -0.422394 0.852411 0.308187
vn -0.476625 0.843815 0.246588
vn -0.242413 0.931225 0.272132
vn -0.37806 0.916816 0.128523
vn -0.0906104 0.986243 0.138255
vn -0.224262 0.974527 0.00188513
vn 0.0864421 0.996255 0.00192716
vn -0.0395795 0.991531 -0.123694
vn 0.228795 0.965987 -0.120507
vn 0.123097 0.966248 -0.226299
vn 0.313796 0.924474 -0.216516
vn 0.236982 0.925912 -0.294155
vn 0.353239 0.891619 -0.283261
vn 0.310999 0.892661 -0.326244
vn 0.373232 0.871367 -0.318462
vn 0.369797 0.871523 -0.322021
vn 0.406159 0.857162 -0.316715
vn 0.438126 0.853615 -0.281757
vn 0.22215 0.925879 -0.305609
vn 0.339809 0.921974 -0.185724
vn -0.0587343 0.978616 -0.197134
vn 0.0369172 0.993929 -0.103648
vn -0.427761 0.899017 -0.0937507
vn -0.392126 0.918504 -0.0508759
vn -0.609047 0.79192 -0.0438644
vn -0.601269 0.798428 -0.0314414
vn -0.601758 0.79806 -0.0314269
vn -0.58769 0.80903 -0.0095193
vn -0.390459 0.920556 -0.0108316
vn -0.323305 0.943991 0.0659873
vn 0.0435634 0.996619 0.0696661
vn 0.182588 0.960988 0.207758
vn -0.500605 0.822716 0.26932
vn -0.599995 0.788094 0.137529
vn -0.30586 0.937902 0.163672
vn -0.40842 0.911536 0.0479127
vn 0.00391405 0.998614 0.0524897
vn -0.0672421 0.997561 -0.0187177
vn 0.248161 0.968548 -0.0181733
vn 0.236003 0.971255 -0.031075
vn 0.323239 0.945833 -0.0302617
vn 0.348832 0.937184 -0.00143595
vn 0.262972 0.964802 -0.00147827
vn 0.304713 0.951431 0.0439283
vn 0.152361 0.987273 0.0455831
vn 0.193542 0.97715 0.0878593
vn 0.105581 0.990415 0.089052
vn 0.140703 0.982217 0.124311
vn 0.137078 0.982721 0.124375
vn 0.136954 0.982754 0.124251
vn 0.176422 0.976541 0.123465
vn 0.156118 0.98237 0.102845
vn 0.269619 0.957733 0.100266
vn 0.214921 0.975711 0.042389
vn 0.331715 0.94249 0.0409458
vn 0.231039 0.970538 -0.0683842
vn 0.294921 0.953158 -0.0671596
vn 0.138287 0.963827 -0.227846
vn 0.130658 0.964835 -0.228085
vn -0.0580829 0.915358 -0.398429
vn -0.103007 0.912029 -0.39698
vn -0.256051 0.815566 -0.518931
vn -0.273226 0.81159 -0.516401
vn -0.374352 0.716234 -0.588956
vn -0.392525 0.710406 -0.584164
vn -0.372894 0.731897 -0.570331
vn -0.224297 0.768691 -0.599003
vn -0.149137 0.821891 -0.549776
vn 0.100809 0.826952 -0.553161
vn 0.237408 0.863321 -0.445324
vn 0.387302 0.819367 -0.422652
vn 0.486295 0.813811 -0.318166
vn 0.454267 0.82971 -0.324382
vn 0.475318 0.826851 -0.300649
vn 0.272961 0.904113 -0.328742
vn 0.184819 0.893306 -0.409691
vn -0.101588 0.904262 -0.414716
vn -0.240976 0.816992 -0.523884
vn -0.359693 0.785458 -0.503664
vn -0.453512 0.678514 -0.577881
vn -0.464967 0.674005 -0.57404
vn -0.455666 0.686416 -0.566747
vn -0.282657 0.739677 -0.610723
vn -0.200643 0.805337 -0.557831
vn 0.0558172 0.820772 -0.568523
vn 0.284568 0.878519 -0.383699
vn 0.352628 0.857541 -0.374537
vn 0.588014 0.803454 -0.0932868
vn 0.389738 0.91478 -0.106213
vn 0.575487 0.805995 0.138514
vn 0.0963183 0.98097 0.168584
vn 0.247694 0.916137 0.315184
vn -0.330806 0.892365 0.307005
vn -0.301925 0.892235 0.335794
vn -0.561143 0.774673 0.291549
vn -0.601533 0.762608 0.237879
vn -0.527679 0.810909 0.252946
vn -0.623624 0.772461 0.119988
vn -0.351208 0.925202 0.143714
vn -0.464665 0.885441 0.00898698
vn -0.0648471 0.997844 0.0101278
vn -0.199889 0.971568 -0.126888
vn 0.205071 0.970505 -0.126749
vn 0.0725112 0.963693 -0.25698
vn 0.347253 0.906109 -0.241624
vn 0.233632 0.90531 -0.354726
vn 0.382038 0.860452 -0.33715
vn 0.293829 0.857302 -0.422726
vn 0.374429 0.831649 -0.410077
vn 0.32239 0.82804 -0.45871
vn 0.391934 0.80476 -0.445813
vn 0.37992 0.804141 -0.457185
vn 0.270971 0.8368 -0.475752
vn 0.396107 0.845411 -0.358301
vn 0.164716 0.908146 -0.384889
vn 0.321136 0.917617 -0.234201
vn 0.0402772 0.968153 -0.247099
vn 0.235028 0.970539 -0.0530567
vn -0.0891513 0.994533 -0.0543684
vn 0.120732 0.980506 0.155025
vn -0.208363 0.966051 0.152739
vn -0.0234488 0.943907 0.329377
vn -0.30336 0.899674 0.313941
vn -0.178661 0.885501 0.428916
vn -0.376612 0.833716 0.403833
vn -0.323761 0.830352 0.453535
vn -0.444144 0.78631 0.42948
vn -0.446049 0.786285 0.427546
vn -0.340608 0.825992 0.449137
vn -0.468084 0.823857 0.31962
vn -0.209771 0.911555 0.353643
vn -0.362885 0.910187 0.199683
vn -0.0389607 0.976028 0.214128
vn -0.218642 0.975205 0.0342336
vn 0.126299 0.991382 0.0348015
vn -0.05428 0.987875 -0.145454
vn 0.245467 0.959065 -0.141212
vn 0.0960431 0.952772 -0.288098
vn 0.316356 0.908036 -0.274571
vn 0.219569 0.903392 -0.368336
vn 0.365693 0.861851 -0.351399
vn 0.327256 0.861068 -0.389185
vn 0.423658 0.825426 -0.373075
vn 0.430764 0.825078 -0.365633
vn 0.319321 0.866386 -0.383939
vn 0.430688 0.861582 -0.268672
vn 0.0354364 0.954061 -0.297511
vn 0.152138 0.970589 -0.186577
vn -0.386639 0.90565 -0.174093
vn -0.309909 0.94671 -0.0877277
vn -0.599925 0.796643 -0.0738216
vn -0.553432 0.832887 -0.00339386
vn -0.587714 0.809062 -0.00329678
vn -0.526632 0.845894 0.0843896
vn -0.322578 0.941868 0.0939642
vn -0.192396 0.954091 0.229552
vn 0.181655 0.956079 0.23003
vn 0.32025 0.874406 0.364492
vn -0.58657 0.77046 0.249656
vn -0.547945 0.780983 0.299702
vn -0.385909 0.861295 0.330522
vn -0.383181 0.861421 0.333355
vn -0.0627397 0.930767 0.360191
vn -0.113083 0.942301 0.315088
vn 0.22456 0.924163 0.309023
vn 0.154728 0.957793 0.242265
vn 0.339426 0.911913 0.23066
vn 0.281737 0.944475 0.169087
vn 0.300669 0.938802 0.168072
vn 0.265861 0.955074 0.130966
vn 0.192559 0.972188 0.133313
vn 0.182321 0.975532 0.12287
vn 0.140714 0.982289 0.123721
vn 0.138499 0.982882 0.121496
vn 0.137 0.983089 0.121522
vn 0.101282 0.991162 0.0856767
vn 0.156381 0.984027 0.08506
vn 0.0942826 0.995299 0.0221442
vn 0.215064 0.976358 0.0217228
vn 0.0988731 0.990338 -0.0972359
vn 0.230532 0.968408 -0.0950828
vn 0.05809 0.962362 -0.265491
vn 0.137006 0.954899 -0.263433
vn -0.0539288 0.900478 -0.431546
vn -0.0571285 0.900317 -0.431469
vn -0.198626 0.818568 -0.538975
vn -0.253643 0.807896 -0.531949
vn -0.320027 0.75029 -0.578488
vn -0.382453 0.731732 -0.56418
vn -0.40068 0.711414 -0.577361
vn -0.367863 0.722022 -0.58597
vn -0.267167 0.815442 -0.513494
vn -0.151769 0.836398 -0.526691
vn -0.021392 0.904148 -0.426683
vn 0.24134 0.877623 -0.414166
vn 0.308211 0.883828 -0.351929
vn 0.485379 0.812278 -0.323439
vn 0.452059 0.815937 -0.360402
vn 0.465417 0.809628 -0.357616
vn 0.357252 0.809598 -0.46575
vn 0.176519 0.853188 -0.490827
vn 0.0440522 0.807808 -0.587798
vn -0.231992 0.786532 -0.572317
vn -0.290745 0.73732 -0.609776
vn -0.457898 0.685076 -0.566569
vn -0.465984 0.674242 -0.572937
vn -0.451394 0.679981 -0.577814
vn -0.356053 0.787841 -0.502526
vn -0.205563 0.825088 -0.526283
vn -0.0428352 0.915997 -0.398893
vn 0.28469 0.878899 -0.382738
vn 0.426078 0.873105 -0.23695
vn 0.576916 0.78829 -0.213933
vn 0.640963 0.758183 -0.119681
vn 0.576352 0.807207 -0.12742
vn 0.623088 0.78007 -0.0570242
vn 0.260349 0.962945 -0.0703926
vn 0.341015 0.939882 0.0181953
vn -0.320483 0.947077 0.0183346
vn -0.208591 0.968246 0.1378
vn -0.61548 0.78029 0.11105
vn -0.520866 0.818768 0.241491
vn -0.612247 0.758368 0.223677
vn -0.56919 0.7723 0.28209
vn -0.442134 0.842507 0.307734
vn -0.439326 0.842837 0.310835
vn -0.189531 0.921223 0.339744
vn -0.265756 0.926464 0.26653
vn 0.072122 0.958519 0.275752
vn -0.0794051 0.988258 0.130542
vn 0.247862 0.960452 0.126869
vn 0.0612419 0.996054 -0.0642357
vn 0.323621 0.944225 -0.0608933
vn 0.139952 0.95803 -0.250183
vn 0.352525 0.905438 -0.236449
vn 0.198507 0.900382 -0.387178
vn 0.398142 0.842712 -0.362379
vn 0.273199 0.83397 -0.479433
vn 0.376337 0.803215 -0.461753
vn 0.390532 0.804011 -0.448388
vn 0.2923 0.835222 -0.465794
vn 0.355743 0.841013 -0.407608
vn 0.21292 0.879245 -0.426138
vn 0.333769 0.889312 -0.312606
vn 0.115389 0.937111 -0.329407
vn 0.283188 0.944725 -0.165223
vn -0.0244635 0.984754 -0.172223
vn 0.167692 0.985641 0.0197995
vn -0.197739 0.980057 0.0196873
vn -0.0122224 0.978706 0.204904
vn -0.356551 0.914449 0.191451
vn -0.201909 0.91589 0.346957
vn -0.468637 0.826102 0.312944
vn -0.34099 0.828977 0.44331
vn -0.447943 0.788408 0.421616
vn -0.443746 0.788482 0.425893
vn -0.331015 0.830251 0.448455
vn -0.377621 0.83298 0.40441
vn -0.197706 0.881828 0.428126
vn -0.30666 0.893673 0.327579
vn -0.051521 0.937664 0.343704
vn -0.209844 0.958281 0.194071
vn 0.0983194 0.975354 0.197529
vn -0.0788991 0.996629 0.0224746
vn 0.236117 0.971478 0.0219074
vn 0.0724754 0.986758 -0.145104
vn 0.351955 0.926058 -0.136177
vn 0.218395 0.936275 -0.275124
vn 0.447865 0.857832 -0.252073
vn 0.336339 0.865925 -0.370202
vn 0.417633 0.835467 -0.357181
vn 0.409987 0.835811 -0.365145
vn 0.14218 0.907058 -0.396272
vn 0.211288 0.918584 -0.334006
vn -0.294047 0.898254 -0.326614
vn -0.137049 0.975444 -0.172414
vn -0.547534 0.82401 -0.145648
vn -0.366124 0.926602 0.0857979
vn -0.526892 0.846312 0.0783635
vn -0.311512 0.892332 0.326656
vn -0.186058 0.92266 0.337758
vn -0.0062691 0.872289 0.48895
vn 0.304327 0.830931 0.465767
vn 0.347888 0.791967 0.501758
vn -0.567639 0.809053 0.152379
vn -0.499447 0.83212 0.241099
vn -0.392894 0.883256 0.255915
vn -0.361468 0.886281 0.289563
vn -0.113338 0.944428 0.308561
vn -0.149911 0.949855 0.274412
vn 0.153364 0.949346 0.274265
vn 0.0683837 0.978806 0.193037
vn 0.280881 0.941606 0.1857
vn 0.189715 0.977623 0.090894
vn 0.267102 0.95953 0.0892118
vn 0.195342 0.980642 0.0135385
vn 0.183696 0.982889 0.0135695
vn 0.143437 0.989269 -0.0277939
vn 0.139478 0.989835 -0.0278098
vn 0.117964 0.991776 -0.049652
vn 0.10153 0.993588 -0.0497427
vn 0.093736 0.99393 -0.057589
vn 0.0941492 0.993891 -0.0575867
vn 0.0723797 0.994211 -0.079405
vn 0.0990316 0.991926 -0.0792225
vn 0.0422906 0.989862 -0.135593
vn 0.0596968 0.988981 -0.135472
vn -0.0297623 0.974572 -0.222088
vn -0.0582928 0.973346 -0.221808
vn -0.148187 0.940375 -0.306163
vn -0.224823 0.92653 -0.301656
vn -0.276798 0.894537 -0.350978
vn -0.36904 0.8652 -0.339468
vn -0.374733 0.860422 -0.345324
vn -0.463229 0.822471 -0.330092
vn -0.436961 0.848091 -0.299677
vn -0.295154 0.900863 -0.318323
vn -0.177937 0.962938 -0.202703
vn -0.0231462 0.978292 -0.205935
vn 0.064058 0.99058 -0.121026
vn 0.327107 0.938012 -0.114604
vn 0.31713 0.940037 -0.125534
vn 0.481355 0.868813 -0.116022
vn 0.39757 0.891868 -0.215659
vn 0.394182 0.893288 -0.216002
vn 0.265451 0.898907 -0.348572
vn 0.0507786 0.931153 -0.361076
vn -0.044211 0.896538 -0.440755
vn -0.333602 0.846006 -0.415912
vn -0.339806 0.840705 -0.4216
vn -0.525583 0.760475 -0.381366
vn -0.49161 0.801893 -0.339539
vn -0.384222 0.850169 -0.359981
vn -0.243555 0.945392 -0.216599
vn -0.0455352 0.973733 -0.223092
vn 0.0862337 0.991772 -0.0946126
vn 0.436964 0.895414 -0.0854202
vn 0.463558 0.884512 -0.0524669
vn 0.644943 0.76289 -0.0452526
vn 0.621369 0.779061 -0.0834556
vn 0.621929 0.778619 -0.0834083
vn 0.585736 0.798703 -0.137795
vn 0.336673 0.927914 -0.160087
vn 0.330286 0.928982 -0.167045
vn -0.20742 0.96281 -0.173128
vn -0.126903 0.987665 -0.0917259
vn -0.535112 0.841161 -0.0781199
vn -0.427613 0.901811 0.0623289
vn -0.592369 0.80375 0.0555514
vn -0.501381 0.846144 0.180714
vn -0.45415 0.871276 0.186081
vn -0.394277 0.883024 0.254587
vn -0.265715 0.92632 0.26707
vn -0.280574 0.926133 0.252102
vn -0.0772957 0.962004 0.261867
vn -0.176166 0.970277 0.165913
vn 0.0604939 0.983888 0.16824
vn -0.0919977 0.995613 0.0170327
vn 0.144528 0.989356 0.0169256
vn -0.0183349 0.989128 -0.145908
vn 0.213099 0.966571 -0.142581
vn 0.0702909 0.956887 -0.281826
vn 0.299789 0.915139 -0.26953
vn 0.176591 0.905205 -0.386548
vn 0.407861 0.839688 -0.358571
vn 0.397337 0.840035 -0.369411
vn 0.361083 0.853638 -0.375394
vn 0.382659 0.853503 -0.353701
vn 0.327587 0.87284 -0.361715
vn 0.376195 0.872211 -0.31261
vn 0.271575 0.905984 -0.324714
vn 0.339872 0.905021 -0.255783
vn 0.161571 0.949661 -0.2684
vn 0.248824 0.951315 -0.181896
vn -0.0122652 0.982133 -0.187789
vn 0.0956419 0.992061 -0.081656
vn -0.21459 0.973413 -0.0801211
vn -0.0902593 0.994801 0.0471638
vn -0.380048 0.923929 0.0438037
vn -0.244175 0.950556 0.191891
vn -0.483032 0.858288 0.173265
vn -0.407001 0.875019 0.262089
vn -0.398335 0.878672 0.263183
vn -0.3605 0.881995 0.30352
vn -0.30863 0.899415 0.309515
vn -0.319743 0.899312 0.298331
vn -0.203493 0.929279 0.308272
vn -0.260214 0.931828 0.252954
vn -0.0761789 0.962269 0.261218
vn -0.165817 0.970595 0.174498
vn 0.0721008 0.981659 0.176488
vn -0.033818 0.996818 0.0721807
vn 0.226599 0.971445 0.0703434
vn 0.116577 0.992249 -0.0430249
vn 0.361768 0.931393 -0.0403861
vn 0.247135 0.954807 -0.165129
vn 0.435182 0.887173 -0.153432
vn 0.373547 0.900227 -0.223728
vn 0.217863 0.947167 -0.235393
vn 0.228265 0.947238 -0.225025
vn -0.135435 0.963959 -0.228997
vn -0.00567733 0.994745 -0.102227
vn -0.365812 0.925813 -0.0951429
vn -0.165706 0.978791 0.120452
vn -0.32739 0.937814 0.11541
vn -0.114676 0.937672 0.328057
vn -0.0067836 0.943877 0.330228
vn 0.112359 0.894903 0.431885
vn 0.367869 0.837453 0.404159
vn 0.364298 0.840657 0.400727
vn -0.514535 0.857256 0.0191259
vn -0.43572 0.892097 0.119629
vn -0.374769 0.918893 0.123222
vn -0.330739 0.927892 0.172129
vn -0.153343 0.971597 0.180237
vn -0.184643 0.971462 0.14889
vn 0.068894 0.98611 0.151135
vn -0.0359343 0.998233 0.0473174
vn 0.190298 0.980625 0.0464827
vn 0.055825 0.994375 -0.0900069
vn 0.194595 0.97689 -0.0884242
vn 0.0768021 0.975568 -0.205834
vn 0.140463 0.968758 -0.204397
vn 0.0679939 0.959451 -0.273553
vn 0.113643 0.955446 -0.272411
vn 0.0787275 0.949161 -0.304787
vn 0.0894328 0.948301 -0.304511
vn 0.141808 0.956357 -0.255482
vn 0.0701614 0.96374 -0.257454
vn 0.123856 0.970658 -0.206111
vn 0.0417555 0.977337 -0.207529
vn 0.0862309 0.982617 -0.164401
vn -0.0301065 0.985844 -0.164941
vn 0.00722 0.991694 -0.128414
vn -0.154404 0.979827 -0.126878
vn -0.107581 0.990993 -0.0797409
vn -0.294734 0.952501 -0.0766435
vn -0.223474 0.97471 -0.000298039
vn -0.399297 0.916822 -0.000280338
vn -0.30124 0.947072 0.110941
vn -0.455547 0.884166 0.103572
vn -0.335389 0.910839 0.240598
vn -0.175873 0.951768 0.251409
vn -0.107857 0.942809 0.315402
vn 0.0612115 0.946563 0.316658
vn 0.0475252 0.951397 0.304277
vn 0.30592 0.906809 0.290017
vn 0.206782 0.959771 0.189949
vn 0.400657 0.898795 0.177881
vn 0.255039 0.966808 0.0154045
vn 0.28318 0.958945 0.0152792
vn 0.143211 0.981004 -0.130853
vn -0.0488218 0.990039 -0.132058
vn -0.0823343 0.982857 -0.164967
vn -0.370282 0.916105 -0.153763
vn -0.288266 0.955513 -0.0624332
vn -0.521852 0.851221 -0.0556188
vn -0.380989 0.916619 0.121064
vn -0.247461 0.960556 0.126867
vn -0.0938081 0.955796 0.278665
vn 0.0831844 0.956702 0.278929
vn 0.120121 0.942163 0.312891
vn 0.445331 0.849733 0.282195
vn 0.365228 0.911264 0.190279
vn 0.615399 0.771575 0.161111
vn 0.484067 0.874488 -0.030813
vn 0.591138 0.80607 -0.0284023
vn 0.421101 0.872109 -0.249197
vn 0.323475 0.909823 -0.259973
vn 0.195106 0.902606 -0.383714
vn -0.117428 0.913925 -0.388526
vn -0.0976848 0.923259 -0.371552
vn -0.402652 0.849169 -0.341735
vn -0.302873 0.923182 -0.236648
vn -0.497813 0.840122 -0.215356
vn -0.348247 0.936812 -0.0332816
vn -0.407496 0.912631 -0.0324226
vn -0.2796 0.953528 0.112281
vn -0.288115 0.951025 0.111987
vn -0.235362 0.95738 0.167414
vn -0.176055 0.969666 0.169562
vn -0.214973 0.967926 0.130025
vn -0.0911988 0.986967 0.132583
vn -0.193741 0.980636 0.0286047
vn -0.0185254 0.999403 0.0291522
vn -0.138828 0.986054 -0.0917873
vn 0.0729468 0.993043 -0.0924379
vn -0.0321588 0.980195 -0.195404
vn 0.187911 0.963233 -0.192022
vn 0.0991045 0.955517 -0.277786
vn 0.41354 0.874289 -0.254171
vn 0.404067 0.875608 -0.264652
vn 0.394379 0.879646 -0.265872
vn 0.387097 0.880459 -0.273765
vn 0.380827 0.882949 -0.274539
vn 0.351658 0.884976 -0.305213
vn 0.334561 0.89088 -0.307249
vn 0.278971 0.889514 -0.361856
vn 0.235466 0.900244 -0.36622
vn 0.180565 0.891572 -0.415325
vn 0.0870587 0.90303 -0.420662
vn 0.0771141 0.900042 -0.428927
vn -0.0816322 0.899717 -0.428772
vn -0.0196455 0.92603 -0.376938
vn -0.23146 0.901057 -0.366773
vn -0.103637 0.963131 -0.248271
vn -0.410676 0.882919 -0.227594
vn -0.236012 0.971133 -0.0346388
vn -0.378143 0.925159 -0.032999
vn -0.222816 0.965151 0.137247
vn -0.332031 0.933873 0.132799
vn -0.213699 0.942867 0.255608
vn -0.260237 0.931907 0.252637
vn -0.188358 0.927737 0.32222
vn -0.159323 0.932579 0.323902
vn -0.134888 0.92842 0.346182
vn -0.031772 0.93651 0.349198
vn -0.0516544 0.94202 0.331557
vn 0.110149 0.937539 0.32998
vn 0.0496078 0.960232 0.27476
vn 0.241481 0.932963 0.266958
vn 0.14381 0.974819 0.170429
vn 0.378361 0.911828 0.159416
vn 0.25287 0.967281 0.0206107
vn 0.234223 0.971962 0.0207104
vn 0.17016 0.984339 -0.0460711
vn -0.00570099 0.99889 -0.0467522
vn 0.0559678 0.998321 0.0149399
vn -0.166903 0.985863 0.0147535
vn -0.00921916 0.985005 0.172279
vn -0.119605 0.977976 0.17105
vn 0.0345102 0.948042 0.316269
vn 0.118266 0.941949 0.314236
vn 0.163265 0.920581 0.35479
vn 0.374872 0.865056 0.333391
vn 0.303946 0.916526 0.259996
vn -0.436663 0.894027 -0.100209
vn -0.384608 0.922318 -0.0375075
vn -0.335504 0.941261 -0.0382779
vn -0.306949 0.951704 -0.00642501
vn -0.18672 0.982391 -0.00663218
vn -0.21711 0.975395 -0.038304
vn -0.035947 0.998584 -0.0392146
vn -0.133765 0.981501 -0.136977
vn 0.0555161 0.988874 -0.138006
vn -0.0763419 0.961365 -0.26448
vn 0.0756877 0.961413 -0.264493
vn -0.0404641 0.928542 -0.369015
vn 0.0657151 0.927295 -0.368519
vn -0.00131086 0.905117 -0.425159
vn 0.0748637 0.902578 -0.423967
vn 0.0556078 0.896375 -0.439794
vn 0.131956 0.889914 -0.436624
vn 0.240325 0.909025 -0.340466
vn 0.11865 0.929856 -0.348268
vn 0.233921 0.942353 -0.239273
vn 0.0847513 0.965757 -0.245215
vn 0.204523 0.970576 -0.12709
vn 0.00721866 0.99151 -0.129832
vn 0.135898 0.990722 -0.00104352
vn -0.107924 0.994159 -0.00104714
vn 0.0406527 0.988315 0.146902
vn -0.221165 0.964639 0.143382
vn -0.0502188 0.949823 0.308729
vn -0.28954 0.910287 0.295879
vn -0.109934 0.882371 0.457531
vn -0.310709 0.843813 0.437538
vn -0.137874 0.805472 0.576373
vn -0.0926345 0.809741 0.579429
vn -0.0962775 0.811107 0.576919
vn 0.0406727 0.814218 0.579132
vn -0.0425155 0.852385 0.521184
vn 0.180783 0.839099 0.513061
vn 0.0176445 0.923446 0.383323
vn 0.236714 0.897341 0.372487
vn 0.0458303 0.979911 0.194097
vn 0.141756 0.971036 0.192339
vn 0.0150892 0.997635 0.0670583
vn -0.0832914 0.994282 0.0668329
vn -0.0549588 0.993948 0.0951151
vn -0.287625 0.953388 0.0912337
vn -0.113094 0.956983 0.267194
vn -0.371659 0.894171 0.249656
vn -0.123282 0.868468 0.480173
vn -0.0855772 0.871933 0.482089
vn 0.0173546 0.829894 0.557651
vn 0.105235 0.82541 0.554638
vn 0.0793893 0.840005 0.536739
vn 0.319978 0.798362 0.51013
vn 0.155705 0.914465 0.37351
vn 0.456053 0.823879 0.33651
vn 0.183101 0.982256 0.0405784
vn 0.434518 0.899896 0.0371759
vn 0.11071 0.945346 -0.3067
vn 0.201395 0.931703 -0.302273
vn -0.0106581 0.875141 -0.48375
vn -0.0922045 0.871463 -0.481717
vn -0.120298 0.855947 -0.502875
vn -0.272189 0.829655 -0.487428
vn -0.19341 0.885217 -0.423064
vn -0.317991 0.855421 -0.408824
vn -0.121135 0.967072 -0.223824
vn -0.274687 0.936771 -0.216811
vn -0.105429 0.993451 -0.0440508
vn -0.23851 0.970187 -0.0430193
vn -0.149685 0.987504 0.0492957
vn -0.216556 0.975056 0.0486743
vn -0.218942 0.974645 0.0461768
vn -0.193611 0.979979 0.0464295
vn -0.251854 0.967651 -0.0148331
vn -0.1394 0.99012 -0.0151775
vn -0.205331 0.975168 -0.0829837
vn -0.0326729 0.995867 -0.0847451
vn -0.0736209 0.989377 -0.125354
vn 0.102355 0.986858 -0.125035
vn 0.0868364 0.986277 -0.140419
vn 0.415549 0.90049 -0.128206
vn 0.431955 0.895323 -0.108679
vn 0.400011 0.909832 -0.11044
vn 0.382634 0.914636 -0.130512
vn 0.366073 0.921254 -0.131457
vn 0.268375 0.933955 -0.236014
vn 0.290912 0.92759 -0.234406
vn 0.113753 0.908977 -0.401024
vn 0.182192 0.899603 -0.396888
vn 0.00468972 0.842972 -0.537937
vn 0.0720377 0.840791 -0.536545
vn -0.0243122 0.79812 -0.602008
vn -0.0169345 0.798241 -0.6021
vn -0.000268773 0.806379 -0.591399
vn -0.0864448 0.80336 -0.589186
vn 0.0349596 0.862525 -0.504806
vn -0.205279 0.844672 -0.494358
vn 0.0682373 0.962847 -0.261285
vn -0.217471 0.941998 -0.255628
vn 0.0419934 0.999117 0.00152263
vn -0.221042 0.975263 0.00148627
vn -0.00150222 0.975267 0.221026
vn -0.194237 0.956693 0.216817
vn -0.0342885 0.930222 0.365392
vn -0.134009 0.922374 0.362309
vn -0.0377753 0.895255 0.443951
vn -0.049066 0.894815 0.443733
vn -0.012967 0.881296 0.472387
vn 0.0454865 0.880458 0.471937
vn 0.0246946 0.889805 0.455673
vn 0.130191 0.882501 0.451932
vn 0.055911 0.918747 0.390868
vn 0.233886 0.894664 0.380622
vn 0.061385 0.973335 0.221023
vn 0.166231 0.961606 0.21836
vn 0.051864 0.993045 0.105698
vn 0.0556606 0.992842 0.105676
vn 0.0592938 0.992241 0.109279
vn -0.00930285 0.993947 0.109467
vn 0.087224 0.975131 0.203745
vn 0.0356095 0.97824 0.204395
vn 0.123674 0.949749 0.287543
vn 0.167348 0.9436 0.285682
vn 0.15176 0.950551 0.270966
vn 0.303845 0.916222 0.26118
vn 0.155068 0.981833 0.109348
vn -0.380497 0.912458 -0.150476
vn -0.381402 0.911907 -0.151521
vn -0.303188 0.940043 -0.156196
vn -0.306852 0.938186 -0.16015
vn -0.214315 0.962837 -0.164358
vn -0.240524 0.951636 -0.191149
vn -0.13244 0.971781 -0.195195
vn -0.189221 0.949436 -0.250532
vn -0.0765564 0.964066 -0.254393
vn -0.14844 0.93538 -0.320984
vn -0.0411837 0.945056 -0.324305
vn -0.0991666 0.921599 -0.375261
vn -0.00134134 0.926164 -0.377119
vn -0.0200989 0.919283 -0.393085
vn 0.0569478 0.917976 -0.392526
vn 0.0844904 0.925679 -0.368755
vn 0.238517 0.902188 -0.359397
vn 0.364361 0.901597 -0.233161
vn 0.233671 0.941347 -0.243441
vn 0.350624 0.928781 -0.120119
vn 0.204563 0.970768 -0.125549
vn 0.312867 0.949743 -0.0100952
vn 0.13589 0.990668 -0.0105303
vn 0.24576 0.96381 0.103309
vn 0.0408649 0.993474 0.106489
vn 0.168 0.958268 0.231299
vn -0.051328 0.970802 0.234324
vn 0.0978384 0.92398 0.369714
vn -0.114907 0.922285 0.369035
vn 0.0407195 0.867435 0.495881
vn -0.14699 0.858725 0.490902
vn -0.00330817 0.804329 0.594176
vn -0.0950412 0.800692 0.591489
vn -0.128638 0.812751 0.568232
vn -0.0408441 0.818877 0.572515
vn -0.143956 0.855725 0.497003
vn 0.0165204 0.864614 0.502165
vn -0.157522 0.919883 0.359168
vn 0.0435254 0.93063 0.363364
vn -0.138542 0.970939 0.19515
vn 0.0148268 0.980286 0.197028
vn -0.0793823 0.991313 0.104869
vn -0.0549036 0.992951 0.105042
vn 0.000868256 0.987136 0.159877
vn -0.115872 0.980488 0.158801
vn 0.0714324 0.939628 0.334659
vn -0.132545 0.933723 0.332555
vn 0.108097 0.842491 0.527754
vn 0.0177191 0.847323 0.530781
vn 0.0939009 0.807247 0.582697
vn 0.0764078 0.808459 0.583572
vn 0.0389876 0.828456 0.558696
vn 0.139782 0.820946 0.553632
vn -0.0520597 0.911702 0.407541
vn 0.167768 0.9 0.40231
vn -0.158754 0.982513 0.0972916
vn 0.115758 0.988443 0.0978788
vn -0.214637 0.948789 -0.231799
vn -0.0118299 0.971361 -0.237313
vn -0.204964 0.888227 -0.411149
vn -0.126517 0.900201 -0.416692
vn -0.164653 0.87878 -0.447923
vn -0.191074 0.874525 -0.445754
vn -0.127868 0.910583 -0.393049
vn -0.11425 0.912108 -0.393708
vn 0.0739175 0.97182 -0.223835
vn -0.102868 0.969316 -0.223258
vn 0.0445002 0.995866 -0.0791876
vn -0.149406 0.985665 -0.0783764
vn -0.0807182 0.996697 -0.00889364
vn -0.219167 0.975648 -0.00870582
vn -0.224382 0.974398 -0.0141898
vn -0.251857 0.967662 -0.0140917
vn -0.285754 0.956965 -0.0506165
vn -0.205766 0.977235 -0.0516886
vn -0.221374 0.972816 -0.0679931
vn -0.0740266 0.994829 -0.0695317
vn -0.0411074 0.998484 -0.0365959
vn 0.087647 0.995483 -0.0364859
vn 0.159518 0.98652 0.0365029
vn 0.434288 0.900158 0.0333074
vn 0.474918 0.875942 0.0847239
vn 0.384407 0.918875 0.0888766
vn 0.368319 0.927048 0.0701598
vn 0.27545 0.958574 0.0725457
vn 0.133111 0.988178 -0.0760594
vn 0.123814 0.989379 -0.0761518
vn -0.123901 0.941257 -0.314141
vn 0.0052771 0.948552 -0.316576
vn -0.215033 0.839063 -0.499735
vn -0.0261626 0.858867 -0.51153
vn -0.14576 0.791751 -0.593199
vn -0.000266747 0.800298 -0.599602
vn 0.0125059 0.806324 -0.591342
vn 0.0326668 0.805956 -0.591073
vn 0.172665 0.855005 -0.489033
vn 0.0614024 0.866404 -0.495554
vn 0.358444 0.906248 -0.224126
vn 0.0407674 0.969946 -0.239879
vn 0.302379 0.952814 0.0266894
vn -0.00153971 0.999607 0.0280001
vn 0.204489 0.950835 0.232587
vn -0.035782 0.970739 0.237456
vn 0.104961 0.924949 0.365311
vn -0.0392148 0.929371 0.367057
vn 0.0413508 0.899657 0.434634
vn -0.0132473 0.900349 0.434967
vn 0.0170853 0.888154 0.459229
vn 0.0246449 0.888013 0.459157
vn 0.00823924 0.894928 0.446134
vn 0.0543828 0.893634 0.445489
vn -0.0112237 0.92012 0.391475
vn 0.0579351 0.918633 0.390842
vn -0.117517 0.965501 0.232375
vn 0.050712 0.970987 0.233695
vn -0.0631194 0.990334 0.12351
vn 0.0591941 0.990573 0.123539
vn 0.0535817 0.991568 0.117992
vn 0.0884736 0.9891 0.117698
vn 0.159881 0.968969 0.188511
vn 0.126789 0.973675 0.189426
vn 0.184037 0.951827 0.245268
vn 0.152789 0.956997 0.246601
vn 0.109957 0.972505 0.205288
vn 0.152719 0.966961 0.204118
vn -0.0359134 0.999207 0.0171993
vn -0.382849 0.915364 -0.12464
vn -0.430313 0.884379 -0.180845
vn -0.305154 0.932996 -0.190786
vn -0.335895 0.91494 -0.223741
vn -0.238433 0.943362 -0.230691
vn -0.252869 0.935916 -0.245189
vn -0.189306 0.949863 -0.248843
vn -0.189461 0.949793 -0.248994
vn -0.15173 0.956113 -0.25065
vn -0.136507 0.962106 -0.236047
vn -0.103937 0.965937 -0.236987
vn -0.0676858 0.97699 -0.202258
vn -0.0214048 0.979012 -0.202676
vn 0.0435375 0.989246 -0.139629
vn 0.0900113 0.986166 -0.139194
vn 0.184716 0.98183 -0.0434823
vn 0.374373 0.92637 -0.0410261
vn 0.454909 0.888752 0.0563788
vn 0.352561 0.933912 0.0592435
vn 0.40455 0.906635 0.1198
vn 0.310448 0.942399 0.124525
vn 0.330874 0.93216 0.146972
vn 0.244248 0.95788 0.151027
vn 0.244302 0.957857 0.151083
vn 0.170636 0.973301 0.153519
vn 0.175813 0.971543 0.158727
vn 0.103936 0.98157 0.160365
vn 0.136524 0.971776 0.192389
vn 0.0459999 0.979922 0.194002
vn 0.105764 0.96217 0.251085
vn -0.00397965 0.967589 0.252499
vn 0.0648714 0.946609 0.315789
vn -0.148476 0.938093 0.312948
vn -0.16792 0.940694 0.294784
vn -0.158501 0.942181 0.295249
vn -0.21863 0.946535 0.237217
vn -0.163859 0.956891 0.239812
vn -0.265044 0.954373 0.137565
vn -0.139841 0.980045 0.141265
vn -0.244323 0.96911 0.033646
vn -0.0797747 0.996213 0.034587
vn -0.132623 0.990987 -0.0188612
vn 0.000879411 0.999819 -0.0190293
vn 0.0431473 0.998798 0.0232589
vn 0.0757829 0.996854 0.0232136
vn 0.204772 0.966652 0.153795
vn 0.125708 0.979745 0.155878
vn 0.29045 0.90242 0.31824
vn 0.109047 0.937452 0.330594
vn 0.189324 0.896242 0.401132
vn 0.042915 0.911909 0.408144
vn 0.0410833 0.912674 0.406618
vn -0.0520885 0.912205 0.40641
vn -0.167264 0.937836 0.304117
vn -0.151916 0.940196 0.304882
vn -0.337295 0.934154 0.116568
vn -0.21903 0.968209 0.120817
vn -0.38702 0.919837 -0.0641516
vn -0.22433 0.972152 -0.0678002
vn -0.320022 0.932042 -0.16995
vn -0.181273 0.967481 -0.176412
vn -0.185393 0.965937 -0.18054
vn -0.136738 0.973745 -0.181999
vn -0.0703718 0.990704 -0.116422
vn 0.0753265 0.990344 -0.116379
vn 0.177013 0.984116 -0.0134871
vn 0.0446362 0.998909 -0.0136899
vn 0.103462 0.993595 0.0454461
vn -0.0806376 0.995703 0.0455425
vn -0.0815823 0.995668 0.0445935
vn -0.224191 0.973569 0.0436038
vn -0.261238 0.965265 0.00427232
vn -0.286118 0.958185 0.00424099
vn -0.311712 0.949877 -0.0238705
vn -0.221821 0.97478 -0.0244964
vn -0.195685 0.980663 0.00283072
vn -0.0411347 0.999149 0.00288408
vn 0.0568171 0.993306 0.100579
vn 0.158833 0.982283 0.0994624
vn 0.286327 0.930089 0.230111
vn 0.465743 0.85902 0.212528
vn 0.506287 0.820858 0.264321
vn 0.35373 0.890328 0.286691
vn 0.336958 0.902268 0.26902
vn 0.128025 0.950424 0.283379
vn -0.024878 0.99026 0.136987
vn -0.129298 0.982252 0.135879
vn -0.355271 0.928904 -0.104497
vn -0.246793 0.962994 -0.108332
vn -0.420453 0.85726 -0.297195
vn -0.171369 0.930855 -0.322709
vn -0.258927 0.878388 -0.401736
vn 0.0141032 0.909311 -0.415879
vn 0.0661641 0.92599 -0.371706
vn 0.184204 0.912143 -0.366147
vn 0.352477 0.91437 -0.199218
vn 0.360476 0.911388 -0.198568
vn 0.541226 0.840485 0.0256725
vn 0.302358 0.95275 0.0291017
vn 0.439415 0.878508 0.187452
vn 0.205824 0.957045 0.20421
vn 0.292484 0.910935 0.290948
vn 0.107472 0.947074 0.30249
vn 0.138542 0.933489 0.330763
vn 0.043283 0.941696 0.33367
vn 0.0310739 0.945965 0.322778
vn 0.0182032 0.946265 0.32288
vn -0.0169785 0.956568 0.291016
vn 0.00880766 0.956668 0.291046
vn -0.0418651 0.968877 0.243976
vn -0.011828 0.96966 0.244173
vn -0.0874356 0.981274 0.171631
vn -0.119043 0.978041 0.171066
vn -0.233979 0.970743 0.0539654
vn -0.0635088 0.996443 0.0553941
vn -0.120336 0.992732 -0.00187547
vn 0.0539585 0.998541 -0.00188644
vn 0.0877646 0.995625 0.0320827
vn 0.162718 0.986161 0.0317778
vn 0.248735 0.960966 0.12114
vn 0.188398 0.974381 0.122831
vn 0.25108 0.949697 0.187174
vn 0.110255 0.975145 0.19219
vn 0.0795605 0.983545 0.162201
vn -0.0354406 0.986053 0.162615
vn -0.194317 0.980935 0.00271053
vn -0.436515 0.897125 -0.0679863
vn -0.49793 0.854696 -0.146831
vn -0.340236 0.926764 -0.159212
vn -0.377563 0.903905 -0.201004
vn -0.255021 0.94388 -0.209893
vn -0.248471 0.947088 -0.20319
vn -0.191431 0.959669 -0.205889
vn -0.1292 0.98111 -0.143981
vn -0.139016 0.979796 -0.143788
vn -0.0263872 0.999163 -0.0312531
vn -0.0690806 0.997123 -0.0311893
vn 0.0720702 0.991344 0.109742
vn 0.0437018 0.992979 0.109923
vn 0.183493 0.951498 0.246947
vn 0.179155 0.952272 0.247148
vn 0.299889 0.88226 0.362883
vn 0.427857 0.835901 0.343815
vn 0.446769 0.816971 0.364631
vn 0.377345 0.845666 0.377438
vn 0.357755 0.862528 0.35785
vn 0.311541 0.877692 0.364141
vn 0.229939 0.930327 0.285693
vn 0.236874 0.928735 0.285204
vn 0.0955425 0.984545 0.146777
vn 0.176185 0.973598 0.145145
vn 0.0195043 0.999733 -0.012369
vn 0.139112 0.990201 -0.012251
vn 0.0175845 0.990842 -0.133877
vn 0.108292 0.985167 -0.13311
vn 0.0402041 0.979033 -0.199694
vn 0.0669968 0.977624 -0.199407
vn 0.0339325 0.972354 -0.231035
vn -0.17111 0.958565 -0.227759
vn -0.141038 0.969929 -0.198358
vn -0.220715 0.955561 -0.19542
vn -0.19543 0.965896 -0.169861
vn -0.263828 0.949992 -0.167064
vn -0.257517 0.952857 -0.160461
vn -0.241267 0.956984 -0.161156
vn -0.253986 0.951365 -0.174346
vn -0.130511 0.975207 -0.178715
vn -0.146862 0.969786 -0.194799
vn 0.0423153 0.979539 -0.196758
vn 0.0492202 0.980531 -0.190095
vn 0.203608 0.961157 -0.186339
vn 0.24996 0.958255 -0.138809
vn 0.303507 0.942987 -0.136597
vn 0.379573 0.923725 -0.0515415
vn 0.206374 0.976954 -0.0545115
vn 0.300374 0.952714 0.0459616
vn 0.0449165 0.99783 0.0481381
vn 0.108582 0.987784 0.111771
vn -0.174501 0.978413 0.110711
vn -0.155695 0.979245 0.129759
vn -0.337003 0.933345 0.123677
vn -0.344343 0.931708 0.115529
vn -0.385311 0.915774 0.113554
vn -0.38745 0.915173 0.111087
vn -0.322627 0.939629 0.114055
vn -0.295447 0.944519 0.143508
vn -0.186427 0.971321 0.14758
vn -0.12217 0.969756 0.211299
vn -0.0692372 0.974731 0.212383
vn 0.0110792 0.957638 0.287761
vn 0.169761 0.943796 0.283602
vn 0.169358 0.943983 0.283221
vn 0.0992442 0.95309 0.285953
vn 0.0611526 0.966201 0.25043
vn -0.079068 0.964982 0.250114
vn -0.155246 0.972011 0.176334
vn -0.257325 0.950806 0.172487
vn -0.325255 0.940342 0.099827
vn -0.310226 0.945351 0.100359
vn -0.328718 0.941034 0.0799919
vn -0.195009 0.977277 0.0830727
vn -0.132823 0.980309 0.146121
vn 0.0564847 0.987494 0.147192
vn 0.186191 0.943856 0.27289
vn 0.283595 0.921214 0.266344
vn 0.404421 0.827759 0.38892
vn 0.487427 0.79028 0.371311
vn 0.508871 0.764036 0.39661
vn 0.314627 0.84247 0.437325
vn 0.285768 0.865311 0.411793
vn -0.0226791 0.902734 0.429602
vn -0.162574 0.937655 0.307203
vn -0.341591 0.893135 0.292617
vn -0.497295 0.860129 0.113476
vn -0.437293 0.891594 0.117627
vn -0.537868 0.842925 -0.0132396
vn -0.282715 0.959086 -0.0150641
vn -0.303216 0.952184 -0.0374908
vn 0.0712157 0.996689 -0.0392431
vn 0.179309 0.981259 0.0705599
vn 0.35888 0.93098 0.0669445
vn 0.489971 0.841946 0.225955
vn 0.528127 0.820144 0.220104
vn 0.58206 0.756613 0.297897
vn 0.421949 0.843588 0.332142
vn 0.447483 0.818478 0.360349
vn 0.28194 0.878096 0.386597
vn 0.24994 0.899964 0.357203
vn 0.13665 0.920745 0.365452
vn 0.0347586 0.961211 0.273616
vn 0.0315781 0.961312 0.273644
vn -0.10494 0.984161 0.14288
vn -0.0175625 0.989472 0.143651
vn -0.143791 0.989455 0.0174197
vn -0.043163 0.998913 0.0175862
vn -0.141962 0.986472 -0.0819698
vn -0.0884501 0.99266 -0.0824839
vn -0.173544 0.970441 -0.167711
vn -0.231081 0.958723 -0.165686
vn -0.261925 0.944666 -0.197488
vn -0.117825 0.972021 -0.203207
vn -0.0994857 0.977622 -0.185359
vn 0.0862843 0.978832 -0.185589
vn 0.174843 0.979778 -0.0972933
vn 0.249431 0.963653 -0.0956921
vn 0.358733 0.933118 0.0245458
vn 0.255515 0.966471 0.0254232
vn 0.334067 0.935962 0.111239
vn 0.0800684 0.989823 0.11764
vn 0.0802175 0.989793 0.117788
vn -0.193007 0.974323 0.115947
vn -0.291154 0.956599 0.0121798
vn -0.502994 0.863387 -0.0394918
vn -0.55099 0.827667 -0.106664
vn -0.382733 0.916281 -0.118084
vn -0.407932 0.900986 -0.1477
vn -0.250633 0.955331 -0.156609
vn -0.216779 0.968637 -0.121445
vn -0.129563 0.983868 -0.123355
vn -0.011526 0.99992 -0.00521618
vn -0.0263997 0.999638 -0.00521471
vn 0.153397 0.972723 0.174011
vn 0.0713809 0.981862 0.175646
vn 0.255679 0.900667 0.351322
vn 0.17683 0.916952 0.357674
vn 0.320803 0.815538 0.481646
vn 0.280895 0.826381 0.48805
vn 0.380303 0.732959 0.564039
vn 0.397652 0.727154 0.559572
vn 0.380003 0.746481 0.546227
vn 0.31742 0.765284 0.559986
vn 0.243892 0.82727 0.506104
vn 0.206299 0.83468 0.510638
vn 0.0298727 0.929093 0.368637
vn 0.0898369 0.92575 0.36731
vn -0.175962 0.977419 0.116998
vn 0.0193676 0.992726 0.11883
vn -0.25042 0.955703 -0.154667
vn 0.0175164 0.987005 -0.159733
vn -0.195173 0.912674 -0.359074
vn 0.0381861 0.929891 -0.365848
vn -0.10043 0.871903 -0.479268
vn 0.0305674 0.875925 -0.481479
vn -0.0543804 0.837387 -0.543898
vn -0.121048 0.832461 -0.540699
vn -0.0552153 0.868311 -0.492938
vn -0.173292 0.85648 -0.486222
vn -0.0916689 0.902264 -0.421327
vn -0.237847 0.880077 -0.410966
vn -0.165382 0.923176 -0.346978
vn -0.242446 0.908139 -0.341327
vn -0.200783 0.931845 -0.302244
vn -0.142578 0.941497 -0.305375
vn -0.137322 0.943837 -0.300523
vn 0.0477768 0.951776 -0.303051
vn 0.0291494 0.946997 -0.319916
vn 0.239911 0.919731 -0.310705
vn 0.22813 0.918856 -0.321963
vn 0.361563 0.879896 -0.308311
vn 0.374706 0.879105 -0.294566
vn 0.286422 0.908461 -0.304403
vn 0.381567 0.901398 -0.204664
vn 0.106586 0.969624 -0.220155
vn 0.212349 0.970443 -0.114668
vn -0.155964 0.980939 -0.115908
vn -0.0444255 0.999006 -0.00363179
vn -0.346663 0.937984 -0.00340995
vn -0.237698 0.964478 0.11525
vn -0.387524 0.915348 0.109379
vn -0.270983 0.933291 0.235661
vn -0.290228 0.927836 0.234284
vn -0.162008 0.919615 0.357856
vn -0.116603 0.925569 0.360173
vn -0.000608098 0.889234 0.457452
vn 0.0102872 0.889187 0.457428
vn 0.098167 0.846226 0.523703
vn 0.150811 0.840607 0.520226
vn 0.0975263 0.871537 0.480534
vn 0.0553404 0.874369 0.482095
vn -0.038283 0.912573 0.407118
vn -0.144332 0.90368 0.403151
vn -0.258728 0.918851 0.297946
vn -0.312541 0.903588 0.292997
vn -0.387236 0.896852 0.213788
vn -0.321729 0.921025 0.219551
vn -0.323537 0.920846 0.217637
vn -0.130727 0.964837 0.228034
vn -0.0382274 0.948501 0.314459
vn 0.184046 0.93298 0.309314
vn 0.307247 0.853052 0.421784
vn 0.401174 0.821115 0.405993
vn 0.487193 0.7219 0.491429
vn 0.4823 0.724142 0.492955
vn 0.48153 0.725168 0.4922
vn 0.263588 0.79815 0.541736
vn 0.210502 0.838445 0.502692
vn -0.147087 0.848334 0.508621
vn -0.278954 0.874433 0.396927
vn -0.465849 0.805739 0.365745
vn -0.569802 0.785636 0.241043
vn -0.520778 0.816142 0.250403
vn -0.568036 0.801038 0.188873
vn -0.296049 0.92968 0.219204
vn -0.251898 0.931021 0.264099
vn 0.173142 0.947513 0.268777
vn 0.291314 0.877948 0.379927
vn 0.471106 0.809528 0.350319
vn 0.549741 0.707449 0.444185
vn 0.545884 0.709588 0.445528
vn 0.553232 0.698115 0.454499
vn 0.416541 0.761882 0.496014
vn 0.386374 0.794079 0.469206
vn 0.232547 0.837335 0.494765
vn 0.113525 0.910102 0.39853
vn 0.0331065 0.915522 0.400904
vn -0.171892 0.961507 0.214379
vn -0.103514 0.970791 0.216449
vn -0.315001 0.949089 -0.00219124
vn -0.143813 0.989602 -0.00228478
vn -0.312227 0.933032 -0.178789
vn -0.139947 0.972466 -0.186346
vn -0.256387 0.918766 -0.300224
vn -0.167581 0.937097 -0.306214
vn -0.248849 0.890625 -0.380606
vn -0.247058 0.891047 -0.380786
vn -0.229619 0.902236 -0.365027
vn -0.0939178 0.922908 -0.373391
vn -0.0271403 0.948877 -0.314477
vn 0.167012 0.935895 -0.310175
vn 0.28638 0.938639 -0.192206
vn 0.35246 0.916803 -0.187734
vn 0.465088 0.883523 -0.0554976
vn 0.335567 0.940164 -0.0590554
vn 0.416043 0.908685 0.034634
vn 0.0807216 0.996014 0.0379625
vn 0.0988064 0.993521 0.0561543
vn -0.290751 0.955274 0.0539925
vn -0.348107 0.937403 -0.0098128
vn -0.553738 0.831795 -0.0386028
vn -0.492222 0.869247 0.0461074
vn -0.411975 0.909916 0.0482646
vn -0.338436 0.931577 0.13276
vn -0.216313 0.966558 0.137745
vn -0.118786 0.9648 0.234629
vn -0.0111998 0.971619 0.236287
vn 0.104923 0.933561 0.342716
vn 0.146442 0.928623 0.340903
vn 0.256948 0.861772 0.43741
vn 0.245396 0.864445 0.438766
vn 0.330278 0.795391 0.508201
vn 0.314644 0.79988 0.511069
vn 0.363426 0.753133 0.548372
vn 0.386803 0.745485 0.542803
vn 0.40174 0.728956 0.554281
vn 0.375558 0.737748 0.560967
vn 0.274233 0.831457 0.483193
vn 0.247 0.837814 0.486887
vn 0.0877183 0.931013 0.35429
vn 0.0300367 0.934193 0.3555
vn -0.183638 0.970766 0.154567
vn -0.175043 0.972313 0.154813
vn -0.37394 0.925512 -0.0599615
vn -0.252974 0.965449 -0.0625489
vn -0.412106 0.879321 -0.238668
vn -0.202121 0.945164 -0.25654
vn -0.332652 0.86209 -0.382288
vn -0.104717 0.909125 -0.403145
vn -0.205177 0.850474 -0.484352
vn -0.0563412 0.867581 -0.494095
vn -0.124342 0.830292 -0.543281
vn -0.0531355 0.835604 -0.546756
vn 0.029868 0.873403 -0.486082
vn -0.0884284 0.870369 -0.484394
vn 0.0249459 0.919116 -0.393196
vn -0.162516 0.90718 -0.38809
vn -0.0352924 0.96101 -0.274252
vn -0.202887 0.94161 -0.268715
vn -0.0995761 0.980721 -0.168139
vn -0.141949 0.975639 -0.167268
vn -0.0956946 0.987988 -0.121334
vn 0.0305371 0.99208 -0.121837
vn 0.00359448 0.988936 -0.148297
vn 0.238449 0.960417 -0.14402
vn 0.159464 0.961579 -0.223467
vn 0.383439 0.899593 -0.209062
vn 0.291127 0.906461 -0.305897
vn 0.372257 0.879405 -0.296767
vn 0.362906 0.879961 -0.306541
vn 0.202362 0.924803 -0.322162
vn 0.247572 0.927914 -0.278717
vn -0.0425513 0.956861 -0.287412
vn 0.082342 0.982171 -0.168995
vn -0.236021 0.957675 -0.16478
vn -0.0524734 0.998384 0.0217956
vn -0.278775 0.960128 0.0209604
vn -0.0726534 0.970406 0.230291
vn -0.168945 0.958991 0.227582
vn 0.00876862 0.920956 0.389569
vn -0.000629814 0.920991 0.389584
vn 0.107234 0.872411 0.476865
vn 0.101268 0.87296 0.477165
vn 0.155584 0.841226 0.517816
vn 0.0948651 0.847755 0.521835
vn 0.00970986 0.889144 0.457525
vn -0.0372759 0.888568 0.457229
vn -0.124989 0.914789 0.384108
vn -0.25129 0.892433 0.374721
vn -0.290825 0.895369 0.337246
vn -0.374634 0.867666 0.326811
vn -0.343864 0.868119 0.357948
vn -0.308931 0.879273 0.362547
vn -0.220375 0.868916 0.443193
vn -0.0358795 0.890243 0.454071
vn 0.0578591 0.849048 0.525137
vn 0.292886 0.813178 0.502951
vn 0.33096 0.779213 0.532252
vn 0.486792 0.721306 0.492698
vn 0.486949 0.721095 0.492852
vn 0.480714 0.72394 0.494797
vn 0.393676 0.822909 0.409684
vn 0.21928 0.873409 0.434825
vn 0.0967161 0.939513 0.328575
vn -0.288338 0.903848 0.316102
vn -0.33829 0.902823 0.265464
vn -0.571157 0.787504 0.231555
vn -0.533852 0.798021 0.279581
vn -0.556181 0.78432 0.274781
vn -0.464253 0.798977 0.382237
vn -0.237108 0.876358 0.419257
vn -0.124114 0.849769 0.512337
vn 0.273339 0.823777 0.496666
vn 0.308696 0.793864 0.523914
vn 0.544143 0.700246 0.46213
vn 0.536984 0.711208 0.453687
vn 0.555528 0.701011 0.447183
vn 0.476474 0.805668 0.351953
vn 0.407234 0.836949 0.365618
vn 0.269435 0.936879 0.222851
vn 0.120469 0.965771 0.229723
vn -0.0657776 0.996728 0.0469789
vn -0.175795 0.983335 0.0463476
vn -0.32536 0.93878 -0.113283
vn -0.312956 0.942927 -0.113784
vn -0.412311 0.882597 -0.225882
vn -0.308387 0.921559 -0.235853
vn -0.3779 0.872685 -0.309212
vn -0.25438 0.911574 -0.322991
vn -0.298537 0.881881 -0.364913
vn -0.249982 0.894681 -0.37021
vn -0.268102 0.882384 -0.386677
vn -0.227015 0.892002 -0.390892
vn -0.149159 0.935265 -0.320984
vn -0.0270437 0.9455 -0.324497
vn 0.0529915 0.966516 -0.251073
vn 0.28321 0.92825 -0.241133
vn 0.324018 0.924995 -0.198486
vn 0.45763 0.869354 -0.186546
vn 0.457464 0.869398 -0.186744
vn 0.408574 0.892371 -0.191679
vn 0.390535 0.895834 -0.212047
vn 0.0963265 0.968585 -0.229268
vn 0.091286 0.967921 -0.234085
vn -0.339508 0.914247 -0.221104
vn -0.309293 0.932081 -0.18858
vn -0.491481 0.867939 -0.0716092
vn -0.403655 0.914099 0.0385469
vn -0.34119 0.93916 0.0396037
vn -0.248595 0.958435 0.140014
vn -0.120933 0.982235 0.143491
vn -0.0303277 0.972376 0.231442
vn 0.108688 0.96706 0.230177
vn 0.181126 0.936959 0.298833
vn 0.273254 0.916459 0.292294
vn 0.318813 0.885801 0.337217
vn 0.361783 0.871263 0.331683
vn 0.379675 0.85632 0.350091
vn 0.407831 0.845154 0.345526
vn 0.396224 0.85558 0.33315
vn 0.456835 0.828927 0.322772
vn 0.416524 0.866073 0.276453
vn 0.299755 0.908838 0.290104
vn 0.167433 0.973286 0.157098
vn 0.0926145 0.98298 0.158662
vn -0.0353132 0.99887 0.0318023
vn -0.185781 0.982094 0.0312682
vn -0.269945 0.961156 -0.057523
vn -0.374039 0.925756 -0.0554044
vn -0.416045 0.903243 -0.10516
vn -0.422031 0.900499 -0.10484
vn -0.448461 0.883183 -0.13737
vn -0.356264 0.923284 -0.143607
vn -0.385754 0.905423 -0.17721
vn -0.230389 0.954979 -0.186909
vn -0.269027 0.936144 -0.226404
vn -0.144043 0.961842 -0.232619
vn -0.183217 0.945193 -0.270261
vn 0.0328619 0.960949 -0.274766
vn 0.0673761 0.967821 -0.242452
vn 0.0263185 0.969689 -0.24292
vn 0.0877438 0.978988 -0.184076
vn -0.0360683 0.982139 -0.184669
vn 0.0540756 0.993882 -0.0963017
vn -0.100548 0.990294 -0.095954
vn -0.00638507 0.999978 -0.00174602
vn -0.0964067 0.99534 -0.00173792
vn -0.0333924 0.997549 0.0614865
vn 0.00362778 0.998099 0.0615204
vn 0.00916213 0.997709 0.0670321
vn 0.163244 0.984367 0.0661357
vn 0.111317 0.993696 0.0132885
vn 0.30576 0.952023 0.0127312
vn 0.221616 0.972044 -0.0775751
vn 0.380227 0.921962 -0.0735782
vn 0.320297 0.936794 -0.140809
vn 0.255111 0.956171 -0.143721
vn 0.237412 0.95779 -0.162095
vn 0.0823803 0.982628 -0.166299
vn 0.134162 0.984272 -0.114933
vn -0.0521327 0.991901 -0.115824
vn 0.0582902 0.998283 -0.00581055
vn -0.0746589 0.997192 -0.0058042
vn 0.0527198 0.991232 0.121163
vn 0.00945045 0.992568 0.121326
vn 0.105197 0.971011 0.214643
vn 0.119164 0.969471 0.214302
vn 0.160021 0.953971 0.253638
vn 0.175951 0.951348 0.25294
vn 0.177031 0.95087 0.253981
vn 0.01055 0.966076 0.258043
vn -0.0594119 0.97968 0.191566
vn -0.132903 0.972708 0.190203
vn -0.171385 0.973415 0.151955
vn -0.305573 0.940775 0.14686
vn -0.277857 0.94431 0.176277
vn -0.362841 0.916028 0.170997
vn -0.270764 0.924572 0.268054
vn -0.23667 0.933163 0.270544
vn -0.109606 0.915188 0.387838
vn 0.0626211 0.918928 0.389423
vn 0.148995 0.8752 0.460245
vn 0.351883 0.828473 0.435673
vn 0.366352 0.815092 0.448788
vn 0.509139 0.753955 0.415126
vn 0.486571 0.782242 0.389032
vn 0.393745 0.823053 0.409328
vn 0.267152 0.920675 0.284584
vn 0.0978792 0.950812 0.2939
vn -0.0235205 0.983523 0.179244
vn -0.345879 0.923075 0.168227
vn -0.357696 0.920855 0.155174
vn -0.55065 0.823131 0.138707
vn -0.48404 0.845808 0.224308
vn -0.489695 0.842761 0.2235
vn -0.378953 0.857881 0.347036
vn -0.134173 0.91864 0.371615
vn -0.0491142 0.894881 0.443593
vn 0.329002 0.846084 0.419404
vn 0.319679 0.853793 0.410905
vn 0.562503 0.745006 0.358549
vn 0.516557 0.803216 0.296668
vn 0.485118 0.820285 0.302973
vn 0.347265 0.927043 0.141413
vn 0.273463 0.950883 0.14505
vn 0.11203 0.993458 -0.0221321
vn -0.065834 0.997583 -0.022224
vn -0.182191 0.973297 -0.139642
vn -0.3245 0.936298 -0.134334
vn -0.376488 0.906216 -0.192432
vn -0.415628 0.889697 -0.188924
vn -0.437992 0.87274 -0.215609
vn -0.38754 0.894947 -0.221095
vn -0.401625 0.884577 -0.237109
vn -0.310788 0.91807 -0.246087
vn -0.321377 0.911368 -0.257149
vn -0.280667 0.923739 -0.260639
vn -0.280646 0.923751 -0.260618
vn -0.151714 0.951289 -0.268387
vn -0.0829384 0.975741 -0.20261
vn 0.053605 0.977707 -0.203018
vn 0.106317 0.982705 -0.151619
vn 0.327146 0.933923 -0.144092
vn 0.335036 0.932419 -0.135443
vn 0.461855 0.877743 -0.127501
vn 0.438428 0.885143 -0.155896
vn 0.394514 0.904961 -0.159387
vn 0.365034 0.910878 -0.192488
vn 0.0918833 0.974254 -0.205881
vn 0.0958561 0.974676 -0.202037
vn -0.30902 0.931259 -0.193037
vn -0.253908 0.957814 -0.134618
vn -0.400039 0.90591 -0.138908
vn -0.301942 0.952937 -0.0272558
vn -0.250972 0.967599 -0.0276751
vn -0.150668 0.985598 0.0767822
vn -0.0310801 0.996498 0.0776313
vn 0.0516757 0.985888 0.15923
vn 0.187456 0.969707 0.156616
vn 0.224396 0.954988 0.194024
vn 0.332626 0.924178 0.187764
vn 0.315841 0.933547 0.169511
vn 0.399855 0.901832 0.163752
vn 0.328172 0.94107 0.0817965
vn 0.418929 0.904608 0.0786273
vn 0.289883 0.954556 -0.0692078
vn 0.432493 0.899277 -0.0651999
vn 0.255039 0.931225 -0.260335
vn 0.163449 0.950122 -0.265618
vn 0.0417748 0.925591 -0.376214
vn -0.0327336 0.925903 -0.376341
vn -0.0592862 0.915085 -0.398879
vn -0.249328 0.887748 -0.386963
vn -0.176139 0.930748 -0.320441
vn -0.399298 0.866883 -0.298454
vn -0.267112 0.950873 -0.156497
vn -0.447955 0.882188 -0.145192
vn -0.299089 0.953807 0.0282537
vn -0.391812 0.919642 0.0272417
vn -0.274226 0.948594 0.15802
vn -0.272725 0.949014 0.15809
vn -0.224904 0.952074 0.2073
vn -0.186095 0.960038 0.209034
vn -0.193395 0.960148 0.201779
vn 0.0679706 0.97636 0.205186
vn 0.00252523 0.989914 0.141646
vn 0.0883762 0.986044 0.141092
vn 0.0507346 0.993299 0.103838
vn 0.0540345 0.993127 0.10382
vn 0.071975 0.989966 0.121602
vn -0.00633745 0.99252 0.121916
vn 0.0660865 0.97905 0.192599
vn -0.0328272 0.980666 0.192917
vn 0.0572214 0.958889 0.277953
vn 0.00881975 0.960425 0.278398
vn 0.0677035 0.940915 0.331806
vn 0.105062 0.93786 0.330728
vn 0.104577 0.938067 0.330294
vn 0.210242 0.922157 0.324692
vn 0.158511 0.94795 0.276162
vn 0.311888 0.912198 0.265746
vn 0.194653 0.970008 0.145587
vn 0.238081 0.960488 0.144158
vn 0.141455 0.988933 0.0447511
vn 0.134922 0.989843 0.0447923
vn 0.0853427 0.996337 -0.00537805
vn 0.0582903 0.998285 -0.00538857
vn 0.0528151 0.998545 -0.0108804
vn 0.0531079 0.99853 -0.0108802
vn 0.0566989 0.998365 -0.00727874
vn 0.107704 0.994156 -0.00724806
vn 0.0823235 0.996064 -0.0328492
vn 0.165343 0.9857 -0.0325074
vn 0.0971576 0.990073 -0.101571
vn 0.182109 0.978145 -0.100347
vn 0.083961 0.97659 -0.198046
vn -0.0593296 0.978324 -0.198397
vn -0.0992959 0.9665 -0.236683
vn -0.168566 0.957401 -0.234455
vn -0.144696 0.966668 -0.211223
vn -0.276272 0.938926 -0.205161
vn -0.167997 0.981327 -0.0936745
vn -0.279877 0.955692 -0.0912274
vn -0.0995486 0.990395 0.0959516
vn -0.118367 0.988342 0.0957527
vn 0.0676123 0.958959 0.275366
vn 0.161481 0.948544 0.272375
vn 0.254922 0.89751 0.359849
vn 0.385017 0.856621 0.343456
vn 0.386665 0.855187 0.345173
vn 0.499648 0.803265 0.324217
vn 0.454933 0.848746 0.269568
vn 0.266551 0.918602 0.291755
vn 0.115944 0.98292 0.142913
vn -0.0236591 0.989318 0.143843
vn -0.119229 0.991673 0.0486726
vn -0.361703 0.931172 0.0457032
vn -0.340826 0.937563 0.0693762
vn -0.495676 0.86614 0.0640911
vn -0.404151 0.897609 0.175954
vn -0.397722 0.90037 0.176495
vn -0.285256 0.911566 0.296102
vn -0.0521277 0.949789 0.308518
vn -0.0180057 0.940565 0.339137
vn 0.33222 0.887286 0.319927
vn 0.253364 0.937029 0.240381
vn 0.528741 0.822161 0.210913
vn 0.392145 0.919167 0.0368169
vn 0.350543 0.935796 0.037483
vn 0.141023 0.972686 -0.184379
vn 0.110121 0.976529 -0.185107
vn -0.0243241 0.949931 -0.311511
vn -0.175121 0.935529 -0.306788
vn -0.198255 0.923556 -0.328238
vn -0.364527 0.877425 -0.311842
vn -0.322297 0.907975 -0.267778
vn -0.433728 0.864243 -0.254881
vn -0.372919 0.909284 -0.184752
vn -0.406516 0.895349 -0.18192
vn -0.357323 0.925558 -0.12515
vn -0.329889 0.935506 -0.126495
vn -0.309384 0.945247 -0.103872
vn -0.289098 0.951571 -0.104567
vn -0.284373 0.95354 -0.0994607
vn -0.0842412 0.991069 -0.103375
vn -0.0553298 0.995681 -0.0745527
vn 0.107263 0.991455 -0.0742363
vn 0.120481 0.990845 -0.0609071
vn 0.337588 0.939521 -0.0577522
vn 0.325117 0.942954 -0.0716676
vn 0.442829 0.894028 -0.067949
vn 0.419208 0.902742 -0.0965491
vn 0.370171 0.923696 -0.0987901
vn 0.356855 0.927192 -0.113882
vn 0.0971514 0.987846 -0.121331
vn 0.126936 0.987681 -0.0915107
vn -0.255219 0.96276 -0.0892017
vn -0.175797 0.984408 -0.00604587
vn -0.29732 0.938348 -0.176363
vn -0.229231 0.967748 -0.104485
vn -0.150261 0.982934 -0.106124
vn -0.0709463 0.997137 -0.0261719
vn 0.0523255 0.998286 -0.0262021
vn 0.125419 0.990968 0.0474674
vn 0.228494 0.97243 0.0465794
vn 0.254338 0.964284 0.0739472
vn 0.319637 0.944766 0.0724505
vn 0.268386 0.963172 0.0163847
vn 0.329232 0.944112 0.0160605
vn 0.176598 0.973354 -0.146273
vn 0.287622 0.947109 -0.142329
vn 0.044404 0.925637 -0.375799
vn 0.245963 0.898086 -0.364614
vn -0.027784 0.813523 -0.580869
vn 0.0367063 0.813288 -0.580702
vn -0.0473181 0.772241 -0.633565
vn -0.0500251 0.772139 -0.633481
vn -0.0150293 0.79046 -0.612329
vn -0.147961 0.781848 -0.605658
vn 0.0397419 0.879137 -0.474909
vn -0.239936 0.854131 -0.461401
vn 0.0830319 0.981678 -0.171505
vn -0.295136 0.9412 -0.164433
vn 0.0601298 0.978749 0.196047
vn -0.272712 0.943357 0.188958
vn -0.0202447 0.905867 0.423078
vn -0.209293 0.885987 0.413793
vn -0.108919 0.861087 0.496655
vn -0.171883 0.853348 0.492192
vn -0.175194 0.854198 0.489543
vn 0.00221325 0.867615 0.497232
vn -0.148853 0.915593 0.373541
vn 0.0472397 0.924874 0.377327
vn -0.0738014 0.960326 0.268939
vn 0.06984 0.9606 0.269016
vn 0.0294744 0.97248 0.231113
vn 0.0655304 0.970812 0.230717
vn 0.119141 0.952235 0.281166
vn 0.0571384 0.957499 0.28272
vn 0.162375 0.911791 0.377188
vn 0.0663438 0.922018 0.381419
vn 0.159387 0.87444 0.458203
vn 0.0982682 0.881476 0.46189
vn 0.135656 0.8607 0.490707
vn 0.143756 0.859707 0.490141
vn 0.123112 0.871697 0.474329
vn 0.173589 0.865044 0.470708
vn 0.0223517 0.938452 0.344684
vn 0.133074 0.930338 0.341704
vn -0.0111901 0.978036 0.208136
vn 0.0834878 0.974682 0.207423
vn -0.0303334 0.994902 0.0961726
vn 0.0525738 0.993984 0.0960838
vn -0.0319688 0.999419 0.0117791
vn 0.0566964 0.998322 0.0117661
vn -0.0296328 0.996781 -0.0744938
vn 0.0821405 0.993849 -0.0742747
vn -0.0376267 0.980679 -0.191969
vn 0.0958605 0.976855 -0.19122
vn -0.0604503 0.939701 -0.336612
vn 0.0806737 0.938354 -0.33613
vn -0.0890569 0.874185 -0.477357
vn -0.0898056 0.874126 -0.477325
vn -0.11792 0.858758 -0.498627
vn -0.128376 0.857636 -0.497976
vn -0.0790963 0.884293 -0.460184
vn -0.15014 0.877017 -0.456398
vn 0.0010914 0.944431 -0.328708
vn -0.0945037 0.940205 -0.327237
vn 0.133851 0.984884 -0.109942
vn 0.0698994 0.991396 -0.110669
vn 0.272409 0.95717 0.0980748
vn 0.271907 0.957311 0.0980893
vn 0.364282 0.909757 0.199099
vn 0.404032 0.893596 0.195562
vn 0.40189 0.895103 0.193069
vn 0.464109 0.865865 0.186763
vn 0.408588 0.904965 0.118718
vn 0.116165 0.984792 0.12919
vn -0.00223658 0.999937 0.010989
vn -0.119363 0.992791 0.0109104
vn -0.165304 0.985586 -0.0359758
vn -0.341449 0.939275 -0.0342853
vn -0.290943 0.956491 0.0218506
vn -0.410467 0.911638 0.020826
vn -0.303349 0.94218 0.142394
vn -0.295589 0.944588 0.142758
vn -0.201184 0.949803 0.239583
vn -0.0185588 0.969461 0.244542
vn -0.0377727 0.973308 0.226372
vn 0.254677 0.941887 0.219064
vn 0.0973929 0.993446 0.0598301
vn 0.39181 0.918382 0.0553094
vn 0.135768 0.966386 -0.218322
vn 0.140025 0.965808 -0.218191
vn -0.0720997 0.909489 -0.409428
vn -0.0233429 0.911614 -0.410384
vn -0.106077 0.872699 -0.476596
vn -0.185144 0.862477 -0.471014
vn -0.137816 0.890766 -0.433062
vn -0.304114 0.856751 -0.416525
vn -0.169784 0.940846 -0.293229
vn -0.364596 0.88899 -0.277067
vn -0.206097 0.972288 -0.110366
vn -0.358153 0.927705 -0.105306
vn -0.242953 0.969803 0.0213679
vn -0.310998 0.95018 0.0209356
vn -0.273244 0.959938 0.0620992
vn -0.285243 0.956456 0.061874
vn -0.297546 0.953475 0.0484893
vn -0.0554128 0.997175 0.0507117
vn -0.0883006 0.995937 0.0176921
vn 0.120686 0.992534 0.0176316
vn 0.0932213 0.995594 -0.010151
vn 0.32594 0.945341 -0.00963862
vn 0.310289 0.950258 -0.0270349
vn 0.421035 0.906677 -0.025795
vn 0.421658 0.906409 -0.0250406
vn 0.359072 0.932954 -0.0257739
vn 0.38157 0.92434 0.000276935
vn 0.12747 0.991842 0.000297159
vn 0.181057 0.981925 0.0551559
vn -0.175532 0.982924 0.055212
vn -0.10107 0.986288 0.130463
vn -0.228693 0.965477 -0.124716
vn -0.225307 0.96672 -0.121196
vn -0.0704222 0.989769 -0.124086
vn -0.0369811 0.99517 -0.0909373
vn 0.125048 0.988034 -0.0902853
vn 0.187308 0.981938 -0.0266963
vn 0.254948 0.966598 -0.0262792
vn 0.299534 0.953831 0.0220208
vn 0.268356 0.963063 0.0222339
vn 0.243776 0.969823 -0.00407411
vn 0.178517 0.983928 -0.00413336
vn 0.0351964 0.98832 -0.148269
vn 0.0473871 0.987822 -0.148195
vn -0.188065 0.910474 -0.368332
vn -0.0316443 0.926551 -0.374836
vn -0.275804 0.778295 -0.564083
vn -0.0495524 0.808705 -0.586123
vn -0.13438 0.758515 -0.637649
vn -0.0145524 0.765377 -0.643418
vn 0.0230948 0.783644 -0.62078
vn 0.0354123 0.783362 -0.620556
vn 0.256085 0.851732 -0.457135
vn 0.0743199 0.878677 -0.471597
vn 0.431791 0.893502 -0.123337
vn 0.0607459 0.988777 -0.136489
vn 0.41046 0.881159 0.234693
vn -0.0215905 0.966087 0.257313
vn 0.21769 0.857929 0.465369
vn -0.110505 0.873626 0.473884
vn -0.0287877 0.843905 0.53572
vn -0.170615 0.831876 0.528084
vn -0.207985 0.841429 0.498738
vn -0.138506 0.851949 0.504974
vn -0.328281 0.882059 0.33794
vn -0.0715796 0.931415 0.35685
vn -0.224327 0.950933 0.21308
vn 0.0295622 0.975376 0.218557
vn -0.0282389 0.986245 0.162862
vn 0.122515 0.979206 0.1617
vn 0.171556 0.962517 0.210072
vn 0.171412 0.962541 0.210077
vn 0.272267 0.9113 0.308873
vn 0.170111 0.933275 0.316322
vn 0.261253 0.878966 0.398956
vn 0.142064 0.901355 0.409118
vn 0.184364 0.876785 0.444138
vn 0.125002 0.885079 0.44834
vn 0.112829 0.891597 0.438549
vn 0.0213673 0.897122 0.441266
vn -0.119762 0.939782 0.320104
vn -0.0108297 0.94654 0.322406
vn -0.137666 0.969329 0.203592
vn -0.0298245 0.978211 0.205458
vn -0.123244 0.985822 0.113869
vn -0.0317601 0.992894 0.114685
vn -0.100612 0.993863 0.0459768
vn -0.0296837 0.998492 0.0461909
vn -0.110215 0.993301 -0.0347347
vn -0.0383164 0.998655 -0.0349219
vn -0.162583 0.973755 -0.159274
vn -0.0633581 0.984903 -0.161097
vn -0.226962 0.92042 -0.318302
vn -0.0958364 0.940733 -0.325326
vn -0.267714 0.839659 -0.472548
vn -0.118818 0.865296 -0.486975
vn -0.165248 0.837142 -0.521427
vn -0.0757048 0.846376 -0.527178
vn -0.0465897 0.86127 -0.506008
vn 0.000996377 0.862205 -0.506558
vn 0.126661 0.905012 -0.406092
vn 0.123052 0.905426 -0.406278
vn 0.303422 0.923106 -0.236243
vn 0.265795 0.93393 -0.239013
vn 0.411978 0.907789 -0.0787009
vn 0.370527 0.925351 -0.0802235
vn 0.436666 0.899622 -0.00155154
vn 0.409596 0.912266 -0.00157335
vn 0.403011 0.915146 -0.00945604
vn 0.41148 0.91137 -0.00941702
vn 0.361965 0.92975 -0.0674204
vn -0.00223086 0.997379 -0.0723245
vn -0.0439228 0.992546 -0.113677
vn -0.164366 0.979993 -0.112239
vn -0.149821 0.983895 -0.097487
vn -0.289714 0.95245 -0.0943713
vn -0.20587 0.978566 -0.00517186
vn -0.306468 0.951868 -0.00503076
vn -0.187657 0.97475 0.121027
vn -0.205707 0.971156 0.12058
vn -0.129215 0.971793 0.197286
vn -0.0380053 0.979301 0.19881
vn -0.0848179 0.984538 0.153264
vn 0.0964174 0.983496 0.153102
vn -0.0924056 0.995104 -0.0350521
vn 0.139039 0.989673 -0.0348608
vn -0.143729 0.940162 -0.308929
vn -0.0751006 0.947343 -0.311288
vn -0.240838 0.857503 -0.454627
vn -0.106777 0.878458 -0.465737
vn -0.156475 0.849619 -0.50365
vn -0.131926 0.852696 -0.505474
vn -0.0410057 0.899474 -0.435046
vn -0.160352 0.888582 -0.429778
vn 0.0499167 0.968551 -0.243757
vn -0.201351 0.949898 -0.239062
vn 0.035632 0.999357 -0.00404315
vn -0.243006 0.970017 -0.00392444
vn -0.0882658 0.984076 0.154281
vn -0.270712 0.951043 0.149102
vn -0.236642 0.953929 0.184446
vn -0.292948 0.938742 0.181509
vn -0.33371 0.932575 0.13763
vn -0.0873754 0.985501 0.145441
vn -0.176366 0.982742 0.055798
vn 0.0930775 0.994058 0.0564405
vn 0.0339248 0.99942 -0.00290988
vn 0.310401 0.950602 -0.00276774
vn 0.301892 0.953265 -0.012154
vn 0.421762 0.906633 -0.0115595
vn 0.450648 0.892375 0.0241408
vn 0.38145 0.924051 0.0249977
vn 0.430522 0.898676 0.083858
vn 0.180575 0.979307 0.0913819
vn 0.235231 0.960646 0.147738
vn -0.100769 0.983349 0.151229
vn -0.0682074 0.980722 0.183117
vn -0.226924 0.973655 0.0223837
vn -0.29119 0.955533 -0.0465233
vn -0.0370911 0.99813 -0.0485972
vn -0.0564323 0.996094 -0.0679149
vn 0.186956 0.980093 -0.066824
vn 0.235834 0.971666 -0.0157644
vn 0.299571 0.953948 -0.0154769
vn 0.373421 0.925175 0.067876
vn 0.243163 0.967386 0.0709728
vn 0.290876 0.948955 0.121967
vn 0.0352998 0.991223 0.1274
vn -0.00801653 0.996386 0.0845629
vn -0.201592 0.975961 0.0828294
vn -0.341741 0.937288 -0.0685902
vn -0.333225 0.940333 -0.0688131
vn -0.492652 0.830776 -0.259046
vn -0.166762 0.941299 -0.293508
vn -0.284819 0.870218 -0.401994
vn 0.0267448 0.907494 -0.419214
vn 0.00726192 0.900319 -0.435171
vn 0.261296 0.869063 -0.420064
vn 0.39021 0.872562 -0.293891
vn 0.416387 0.861627 -0.290208
vn 0.598638 0.799017 -0.0566129
vn 0.421386 0.904614 -0.0640948
vn 0.585667 0.794777 0.159133
vn 0.241441 0.95153 0.190519
vn 0.364732 0.875164 0.317897
vn -0.0320462 0.939429 0.341241
vn -0.0233905 0.936875 0.348882
vn -0.225665 0.912958 0.339976
vn -0.320633 0.914681 0.246076
vn -0.338217 0.908756 0.244482
vn -0.482493 0.872512 0.0769658
vn -0.228759 0.969718 0.0855405
vn -0.334783 0.941832 -0.0295223
vn -0.0286069 0.9991 -0.0313174
vn -0.0559147 0.996713 -0.0586187
vn 0.175178 0.982839 -0.0578027
vn 0.228998 0.973425 -0.0017513
vn 0.286264 0.958149 -0.00172381
vn 0.363096 0.92794 0.0841888
vn 0.283838 0.95495 0.0866393
vn 0.33959 0.928893 0.147773
vn 0.203324 0.966952 0.153827
vn 0.213206 0.963161 0.163903
vn 0.123794 0.978245 0.16647
vn 0.0897014 0.98708 0.132763
vn -0.125303 0.983265 0.132249
vn -0.196278 0.978706 0.0600802
vn -0.140352 0.988241 0.0606655
vn -0.179005 0.983622 0.0210739
vn -0.124023 0.992052 0.0212545
vn -0.115392 0.992867 0.0300051
vn -0.100673 0.994466 0.0300534
vn -0.0630902 0.995702 0.0677984
vn -0.11003 0.991632 0.0675213
vn -0.09123 0.992075 0.0864002
vn -0.164081 0.982727 0.0855861
vn -0.206874 0.977489 0.0414632
vn -0.239211 0.970095 0.0411496
vn -0.343714 0.936221 -0.0731432
vn -0.302932 0.950117 -0.0742288
vn -0.431707 0.874468 -0.221213
vn -0.187957 0.952183 -0.240872
vn -0.274314 0.905193 -0.324618
vn -0.0508531 0.940084 -0.33713
vn -0.0847005 0.926428 -0.36682
vn 0.129038 0.921996 -0.365065
vn 0.160035 0.927749 -0.337151
vn 0.295166 0.897988 -0.326336
vn 0.356922 0.896238 -0.263369
vn 0.399213 0.879663 -0.258498
vn 0.446276 0.871092 -0.205027
vn 0.427195 0.88011 -0.20715
vn 0.438175 0.877622 -0.194376
vn 0.394997 0.896947 -0.198656
vn 0.370574 0.900955 -0.225731
vn 0.35329 0.907465 -0.227362
vn 0.315388 0.910556 -0.267241
vn -0.0424234 0.958664 -0.281361
vn -0.00540281 0.96902 -0.246921
vn -0.145978 0.958654 -0.24428
vn -0.0712464 0.982518 -0.171996
vn -0.202917 0.964529 -0.168847
vn -0.0806792 0.995701 -0.0455073
vn -0.188856 0.980981 -0.0448345
vn -0.0548324 0.994327 0.0911488
vn -0.131265 0.987208 0.0904962
vn -0.0552858 0.984594 0.165888
vn -0.0846477 0.982563 0.165546
vn -0.121606 0.984161 0.128995
vn -0.0916849 0.987343 0.129412
vn -0.243007 0.96968 -0.0258658
vn -0.151068 0.988172 -0.0263591
vn -0.355821 0.902705 -0.241898
vn -0.261824 0.932225 -0.249809
vn -0.378968 0.849083 -0.368024
vn -0.166618 0.904696 -0.392128
vn -0.201604 0.883926 -0.421937
vn -0.0411068 0.901693 -0.430418
vn 0.061305 0.937208 -0.34334
vn 0.0483359 0.937877 -0.343585
vn 0.261656 0.95531 -0.13755
vn 0.035269 0.989177 -0.142426
vn 0.258657 0.96215 0.0858166
vn -0.088985 0.992095 0.0884875
vn 0.0543797 0.972078 0.228271
vn -0.234753 0.946313 0.222221
vn -0.216057 0.946205 0.240865
vn -0.327637 0.915603 0.233075
vn -0.38672 0.906669 0.168521
vn -0.173758 0.968206 0.179959
vn -0.288824 0.955485 0.0602449
vn 0.0338578 0.997446 0.0628906
vn -0.0417181 0.999049 -0.0126386
vn 0.301893 0.953266 -0.0120594
vn 0.298202 0.954367 -0.0161128
vn 0.450728 0.892534 -0.0150689
vn 0.489304 0.87143 0.0345209
vn 0.431769 0.901278 0.0357032
vn 0.480234 0.871744 0.0971466
vn 0.23646 0.965664 0.107613
vn 0.267376 0.953343 0.140173
vn -0.0686461 0.987029 0.145126
vn -0.0944594 0.988319 0.119592
vn -0.285724 0.937596 0.19818
vn -0.385961 0.918309 0.0879885
vn -0.0563058 0.993862 0.0952276
vn -0.115249 0.99268 0.0361039
vn 0.235716 0.97118 0.0353219
vn 0.266388 0.961464 0.0679989
vn 0.373482 0.925326 0.065443
vn 0.454858 0.875441 0.163425
vn 0.288505 0.941219 0.175704
vn 0.387032 0.877945 0.281814
vn -0.00766039 0.952121 0.305624
vn 0.0637393 0.927298 0.368856
vn -0.320873 0.880054 0.350064
vn -0.341241 0.880213 0.329817
vn -0.485472 0.818668 0.306756
vn -0.561599 0.799713 0.212286
vn -0.301609 0.921517 0.244619
vn -0.452879 0.888514 0.0737866
vn 0.00803801 0.996537 0.0827575
vn -0.107707 0.993628 -0.0332059
vn 0.408049 0.912451 -0.0304931
vn 0.390714 0.919097 -0.0510218
vn 0.599009 0.799512 -0.0443833
vn 0.624869 0.780722 -0.00340248
vn 0.593223 0.80503 -0.00350841
vn 0.621932 0.781926 0.0423263
vn 0.384209 0.921897 0.049903
vn 0.382553 0.922688 0.0479609
vn -0.0249251 0.998342 0.0518933
vn -0.112979 0.992924 -0.0365776
vn -0.330605 0.94313 -0.0347433
vn -0.442106 0.881551 -0.165561
vn -0.477522 0.863523 -0.162176
vn -0.53192 0.813588 -0.234809
vn -0.323192 0.909224 -0.26241
vn -0.350992 0.889848 -0.291505
vn -0.0532358 0.948961 -0.310869
vn -0.0294042 0.956825 -0.289173
vn 0.219688 0.933854 -0.28223
vn 0.273838 0.934284 -0.228313
vn 0.355306 0.908031 -0.221897
vn 0.391008 0.902124 -0.182441
vn 0.337329 0.922707 -0.186603
vn 0.33054 0.923653 -0.19393
vn 0.211726 0.956474 -0.200821
vn 0.157768 0.954293 -0.253838
vn 0.087485 0.962691 -0.256072
vn 0.0148482 0.946327 -0.322869
vn -0.186476 0.929831 -0.317241
vn -0.169846 0.938127 -0.301777
vn -0.1707 0.937987 -0.301732
vn -0.107325 0.964314 -0.242035
vn -0.112015 0.963812 -0.241909
vn 0.0205221 0.993343 -0.113351
vn -0.0628296 0.991589 -0.113151
vn 0.109429 0.992238 0.0590744
vn -0.0914119 0.994053 0.0591825
vn 0.0590388 0.976562 0.206983
vn -0.202739 0.957952 0.203039
vn -0.127919 0.952712 0.275639
vn -0.332589 0.905918 0.262101
vn -0.347652 0.904711 0.246245
vn -0.430051 0.871114 0.237101
vn -0.497048 0.853476 0.156595
vn -0.28565 0.942599 0.172947
vn -0.406576 0.912845 0.0375443
vn -0.090971 0.995012 0.0409237
vn -0.202484 0.976558 -0.0730353
vn 0.169528 0.982781 -0.0735007
vn 0.0783945 0.983216 -0.164741
vn 0.365581 0.917983 -0.153811
vn 0.295644 0.927423 -0.22909
vn 0.445328 0.869241 -0.214718
vn 0.381665 0.879006 -0.285796
vn 0.428916 0.859077 -0.279316
vn 0.362416 0.86389 -0.349784
vn 0.356236 0.866095 -0.350677
vn 0.294699 0.863225 -0.409871
vn 0.298614 0.862127 -0.40935
vn 0.257105 0.856981 -0.446633
vn -0.00494428 0.886781 -0.462164
vn 0.0858424 0.917898 -0.387421
vn -0.0666585 0.919249 -0.387991
vn 0.0570676 0.958853 -0.278109
vn -0.0775857 0.957523 -0.277723
vn 0.0813177 0.988774 -0.125352
vn -0.0546257 0.990578 -0.125581
vn 0.0987838 0.994728 0.0275314
vn -0.0560412 0.998046 0.0276232
vn 0.0363844 0.992161 0.119555
vn -0.121763 0.985431 0.118744
vn -0.125661 0.985404 0.11484
vn -0.24155 0.963865 0.112329
vn -0.329783 0.943908 0.0167694
vn -0.366662 0.930208 0.016526
vn -0.48211 0.867163 -0.124893
vn -0.404093 0.905376 -0.130396
vn -0.480508 0.847847 -0.224203
vn -0.215326 0.944091 -0.249653
vn -0.242194 0.930139 -0.276014
vn 0.0625866 0.956802 -0.283926
vn 0.145605 0.967887 -0.204922
vn 0.258825 0.944977 -0.200071
vn 0.407085 0.912675 -0.036125
vn 0.259425 0.965008 -0.0381964
vn 0.407654 0.904 0.128848
vn 0.0552973 0.98848 0.140889
vn 0.161906 0.955989 0.244685
vn -0.215988 0.945904 0.242103
vn -0.205622 0.94555 0.252298
vn -0.381023 0.893312 0.23836
vn -0.434319 0.883012 0.177923
vn -0.284113 0.9399 0.189385
vn -0.390024 0.917953 0.0724175
vn -0.0415925 0.99604 0.0785779
vn -0.119555 0.992827 0.000227418
vn 0.298241 0.954491 0.000218636
vn 0.285658 0.958236 -0.0135339
vn 0.489558 0.871884 -0.0123143
vn 0.512125 0.858726 0.0178265
vn 0.482436 0.875742 0.0181797
vn 0.506108 0.86104 0.0496459
vn 0.269626 0.961368 0.0554306
vn 0.261066 0.964213 0.0462363
vn -0.095034 0.994331 0.0476805
vn -0.167813 0.985466 -0.0263709
vn -0.36723 0.873742 0.31893
vn -0.467462 0.859342 0.207389
vn -0.112147 0.96596 0.23312
vn -0.18877 0.969279 0.157683
vn 0.263784 0.952066 0.154883
vn 0.275361 0.946712 0.167072
vn 0.455505 0.876686 0.154715
vn 0.520124 0.820037 0.23877
vn 0.389784 0.884188 0.257449
vn 0.485128 0.794031 0.366287
vn 0.0622944 0.906278 0.418067
vn 0.185086 0.837638 0.513912
vn -0.313759 0.809323 0.49654
vn -0.248177 0.797348 0.550132
vn -0.500436 0.712617 0.491672
vn -0.503854 0.712587 0.488212
vn -0.387611 0.760462 0.521013
vn -0.53497 0.758756 0.371614
vn -0.0968912 0.893847 0.437778
vn -0.267998 0.920952 0.282884
vn 0.376471 0.885592 0.272023
vn 0.260201 0.954197 0.147661
vn 0.620361 0.77509 0.119945
vn 0.562289 0.826442 0.028718
vn 0.62226 0.782339 0.0271855
vn 0.564471 0.823148 -0.0616438
vn 0.382081 0.921548 -0.0690128
vn 0.272458 0.94336 -0.189313
vn -0.110872 0.974408 -0.195543
vn -0.241822 0.915553 -0.321379
vn -0.427731 0.852887 -0.299382
vn -0.509998 0.764114 -0.395009
vn -0.502224 0.768167 -0.397104
vn -0.511905 0.755705 -0.40849
vn -0.327817 0.831095 -0.449241
vn -0.308554 0.847275 -0.432342
vn -0.027363 0.890403 -0.454349
vn 0.0303656 0.912769 -0.407346
vn 0.258554 0.882139 -0.393677
vn 0.303697 0.885694 -0.351162
vn 0.373721 0.862242 -0.341864
vn 0.367432 0.862382 -0.348269
vn 0.314938 0.880057 -0.355407
vn 0.24714 0.873927 -0.418536
vn 0.147476 0.892043 -0.427212
vn 0.0444368 0.859463 -0.509262
vn 0.0134974 0.860235 -0.509719
vn -0.0776013 0.815462 -0.573586
vn -0.146487 0.809105 -0.569114
vn -0.0817943 0.84749 -0.524472
vn -0.0942187 0.846556 -0.523894
vn 0.0344836 0.90468 -0.424693
vn 0.0186982 0.90506 -0.424872
vn 0.23441 0.944862 -0.228667
vn 0.10658 0.966406 -0.233881
vn 0.354701 0.934634 0.025433
vn 0.0603233 0.99781 0.0271521
vn 0.284983 0.924196 0.254259
vn -0.128387 0.956198 0.263063
vn 0.031643 0.913497 0.405612
vn -0.331362 0.86232 0.382888
vn -0.272202 0.85697 0.437617
vn -0.460422 0.790585 0.403717
vn -0.469753 0.79008 0.393835
vn -0.370282 0.831357 0.41441
vn -0.493359 0.822508 0.282981
vn -0.192402 0.927933 0.319252
vn -0.342536 0.924502 0.167226
vn 0.0782191 0.981017 0.177448
vn -0.0999192 0.994995 0.000723893
vn 0.303721 0.952761 0.000693166
vn 0.123935 0.974689 -0.186068
vn 0.392308 0.903518 -0.172481
vn 0.223332 0.911174 -0.346243
vn 0.365088 0.870259 -0.330696
vn 0.217118 0.856726 -0.467846
vn 0.287021 0.840734 -0.459113
vn 0.179332 0.817968 -0.546597
vn 0.242028 0.806727 -0.539086
vn 0.17841 0.790029 -0.586535
vn 0.0748779 0.800657 -0.594426
vn 0.190152 0.838444 -0.51074
vn 0.0507631 0.852924 -0.519561
vn 0.205107 0.895941 -0.39398
vn 0.0750711 0.91282 -0.401403
vn 0.260899 0.937894 -0.228663
vn 0.0960353 0.967052 -0.235772
vn 0.267594 0.961515 -0.0623137
vn 0.0365706 0.997239 -0.064629
vn 0.149876 0.987456 0.0496689
vn -0.126341 0.990734 0.0498338
vn -0.100592 0.992035 0.0758137
vn -0.328974 0.941593 0.0719589
vn -0.374264 0.927096 0.0204955
vn -0.485824 0.873843 0.0193183
vn -0.548944 0.833143 -0.0673298
vn -0.491846 0.867853 -0.0701349
vn -0.538054 0.832248 -0.133644
vn -0.248994 0.956254 -0.153557
vn -0.265027 0.949082 -0.170307
vn 0.146474 0.973663 -0.174717
vn 0.210296 0.971412 -0.110153
vn 0.405184 0.908413 -0.10301
vn 0.500529 0.865566 0.0163052
vn 0.41102 0.911465 0.0171698
vn 0.50619 0.851251 0.138359
vn 0.164878 0.973538 0.158235
vn 0.249037 0.937607 0.242639
vn -0.206011 0.947342 0.245159
vn -0.186771 0.946295 0.2639
vn -0.428158 0.870487 0.242759
vn -0.459484 0.863884 0.206344
vn -0.381931 0.898904 0.214709
vn -0.46666 0.876881 0.115361
vn -0.118548 0.984465 0.129515
vn -0.196236 0.979255 0.0505147
vn 0.285335 0.957155 0.0493747
vn 0.249704 0.96826 0.0110059
vn 0.512182 0.858821 0.00976194
vn 0.504484 0.863421 -0.000626463
vn 0.506733 0.862103 -0.000625507
vn 0.495527 0.868453 -0.0155685
vn 0.261306 0.965101 -0.0173011
vn 0.211347 0.974895 -0.0700876
vn -0.167451 0.983342 -0.0706949
vn -0.25622 0.952868 -0.162462
vn -0.456429 0.83906 0.296057
vn -0.434211 0.841784 0.320718
vn -0.179051 0.919372 0.350279
vn -0.200535 0.922269 0.330463
vn 0.264093 0.90797 0.325339
vn 0.212883 0.937255 0.276104
vn 0.519774 0.819485 0.24141
vn 0.489702 0.848272 0.20156
vn 0.510964 0.836317 0.19872
vn 0.514008 0.83346 0.202831
vn 0.209912 0.949994 0.231191
vn 0.287762 0.906798 0.308074
vn -0.282689 0.908228 0.308559
vn -0.126667 0.884455 0.449106
vn -0.533313 0.754251 0.382991
vn -0.385403 0.754506 0.531211
vn -0.499454 0.708383 0.498738
vn -0.499586 0.708383 0.498606
vn -0.2315 0.79553 0.559946
vn -0.321634 0.812316 0.486512
vn 0.227792 0.835347 0.500306
vn 0.0358478 0.938957 0.342162
vn 0.538606 0.791634 0.288477
vn 0.340726 0.939133 0.0439923
vn 0.565126 0.824101 0.0386038
vn 0.342517 0.90883 -0.238138
vn 0.26908 0.931665 -0.244121
vn 0.0684596 0.901201 -0.427961
vn -0.232077 0.878657 -0.417255
vn -0.288685 0.836887 -0.465061
vn -0.50392 0.755006 -0.41956
vn -0.496501 0.764528 -0.411077
vn -0.512355 0.75637 -0.40669
vn -0.430561 0.846824 -0.312259
vn -0.32333 0.887849 -0.327387
vn -0.216896 0.950794 -0.221241
vn 0.032385 0.973469 -0.226517
vn 0.0903855 0.981191 -0.17057
vn 0.320055 0.9334 -0.162262
vn 0.281327 0.937834 -0.203282
vn 0.384404 0.902214 -0.195561
vn 0.273835 0.910049 -0.311166
vn 0.258489 0.914059 -0.312537
vn 0.113978 0.889798 -0.441893
vn 0.0462574 0.894676 -0.444315
vn -0.0660472 0.845602 -0.529712
vn -0.0803847 0.84471 -0.529153
vn -0.146159 0.8056 -0.574149
vn -0.0783538 0.811841 -0.578597
vn 0.0133313 0.857178 -0.514848
vn 0.0326584 0.856797 -0.514619
vn 0.159955 0.89667 -0.412791
vn 0.219843 0.886143 -0.407945
vn 0.364627 0.891967 -0.267287
vn 0.34166 0.900272 -0.269775
vn 0.47596 0.871768 -0.116116
vn 0.292308 0.947952 -0.126264
vn 0.427703 0.903461 0.0287768
vn 0.0346011 0.998895 0.0318166
vn 0.189491 0.963949 0.186804
vn -0.297694 0.937225 0.181625
vn -0.149661 0.932936 0.327464
vn -0.489273 0.82291 0.288845
vn -0.365035 0.830664 0.420414
vn -0.471856 0.78666 0.398143
vn -0.462541 0.787145 0.407994
vn -0.312476 0.843369 0.437136
vn -0.365104 0.84656 0.387343
vn -0.0909386 0.905567 0.414342
vn -0.235457 0.929684 0.28328
vn 0.120742 0.94958 0.289343
vn -0.0989161 0.992094 0.077233
vn 0.237379 0.968487 0.0753952
vn -0.010689 0.984449 -0.175343
vn 0.24208 0.955223 -0.170137
vn 0.017706 0.924331 -0.38118
vn 0.198644 0.906053 -0.373643
vn 0.0332788 0.859693 -0.509726
vn 0.190686 0.844386 -0.50065
vn 0.0734594 0.806407 -0.586781
vn 0.180374 0.795329 -0.57872
vn 0.239298 0.810642 -0.534411
vn 0.187735 0.820055 -0.540616
vn 0.278999 0.839365 -0.466503
vn 0.236262 0.849328 -0.47204
vn 0.339945 0.86107 -0.378149
vn 0.246925 0.887246 -0.389645
vn 0.338236 0.891496 -0.301383
vn 0.142322 0.937687 -0.316998
vn 0.213679 0.944627 -0.24904
vn -0.0975819 0.962345 -0.253711
vn -0.0429273 0.97851 -0.201679
vn -0.367688 0.910805 -0.187725
vn -0.320574 0.937506 -0.135335
vn -0.546239 0.829036 -0.119677
vn -0.497864 0.865668 -0.0524543
vn -0.542223 0.838696 -0.05082
vn -0.480756 0.876246 0.0326479
vn -0.268783 0.962533 0.0358628
vn -0.217936 0.971836 0.0896548
vn 0.210729 0.973411 0.0898001
vn 0.210969 0.973336 0.0900497
vn 0.498998 0.862918 0.0798342
vn 0.476696 0.877623 0.0503897
vn 0.510485 0.858473 0.0492902
vn 0.492919 0.869696 0.0256949
vn 0.256604 0.966095 0.028543
vn 0.272192 0.961176 0.0452923
vn -0.193429 0.980027 0.0461806
vn -0.123552 0.985373 0.117365
vn -0.467015 0.878043 0.104581
vn -0.383496 0.900953 0.203015
vn -0.460769 0.865811 0.195096
vn -0.427282 0.873253 0.234221
vn -0.190025 0.948263 0.25434
vn -0.210262 0.949105 0.234498
vn 0.242865 0.941742 0.232678
vn 0.146996 0.979688 0.136399
vn 0.500878 0.857249 0.119352
vn 0.382426 0.923543 -0.0286057
vn 0.495408 0.868244 -0.0268929
vn 0.363661 0.912877 -0.185489
vn 0.20781 0.958581 -0.194775
vn 0.0993419 0.948999 -0.29922
vn -0.248409 0.923822 -0.291282
vn -0.266809 0.912813 -0.30917
vn -0.457001 0.885966 0.0788352
vn -0.384002 0.908397 0.165401
vn -0.209187 0.962058 0.175171
vn -0.179864 0.96219 0.204547
vn 0.216881 0.95486 0.202989
vn 0.178658 0.970055 0.164545
vn 0.494655 0.85685 0.145343
vn 0.446004 0.891203 0.0826879
vn 0.52329 0.84851 0.0787268
vn 0.498559 0.865687 0.0449962
vn 0.302103 0.95199 0.049482
vn 0.343789 0.934137 0.0959048
vn -0.141041 0.984827 0.101109
vn 0.00401774 0.970129 0.242554
vn -0.444019 0.86926 0.217335
vn -0.267494 0.876796 0.399594
vn -0.540095 0.765822 0.349018
vn -0.484362 0.771891 0.411797
vn -0.329797 0.832932 0.444362
vn -0.362472 0.83513 0.413729
vn 0.0341904 0.895544 0.443659
vn -0.142607 0.946319 0.290077
vn 0.327722 0.90329 0.276887
vn 0.0704147 0.997416 0.0142825
vn 0.352631 0.935666 0.0133983
vn 0.084626 0.960873 -0.263746
vn 0.0730596 0.961755 -0.263988
vn -0.0944909 0.906234 -0.412081
vn -0.299589 0.868495 -0.394921
vn -0.318362 0.853722 -0.412073
vn -0.504851 0.777386 -0.375227
vn -0.463757 0.823638 -0.326421
vn -0.427341 0.840491 -0.3331
vn -0.290557 0.938744 -0.185299
vn -0.2184 0.957386 -0.188978
vn -0.0824802 0.995241 -0.0518958
vn 0.0916064 0.994444 -0.0518542
vn 0.145147 0.989407 0.0024133
vn 0.287325 0.95783 0.00233628
vn 0.246634 0.968222 -0.0414466
vn 0.287898 0.956785 -0.040957
vn 0.182953 0.971464 -0.150947
vn 0.125573 0.980321 -0.152323
vn 0.0026575 0.962782 -0.270266
vn -0.0749883 0.960075 -0.269506
vn -0.159754 0.92416 -0.346996
vn -0.167452 0.922965 -0.346547
vn -0.215587 0.895503 -0.389353
vn 0.0142613 0.916975 -0.398689
vn 0.0722184 0.93448 -0.348615
vn 0.16485 0.924108 -0.344745
vn 0.231347 0.931076 -0.282091
vn 0.364338 0.891259 -0.270027
vn 0.418889 0.883442 -0.209911
vn 0.469109 0.859219 -0.204156
vn 0.511 0.846045 -0.151943
vn 0.422353 0.892158 -0.160224
vn 0.471817 0.875984 -0.100198
vn 0.191683 0.975099 -0.111535
vn 0.276824 0.960671 -0.0219075
vn -0.158355 0.987126 -0.0225108
vn -0.0338836 0.994112 0.102922
vn -0.400521 0.911416 0.0943599
vn -0.263837 0.933454 0.243011
vn -0.494327 0.841236 0.219003
vn -0.430155 0.853644 0.293697
vn -0.377623 0.875587 0.301246
vn -0.362034 0.876431 0.31749
vn -0.231646 0.914637 0.33133
vn -0.288353 0.916883 0.276006
vn -0.0950403 0.953221 0.286944
vn -0.217995 0.961502 0.167308
vn -0.0106965 0.98514 0.171421
vn -0.167047 0.985832 0.0151986
vn 0.0191497 0.999698 0.0154124
vn -0.131404 0.982083 -0.135076
vn 0.0383209 0.989946 -0.136157
vn -0.0846648 0.96337 -0.254459
vn 0.0877346 0.963114 -0.254391
vn -0.016301 0.936934 -0.349127
vn 0.266604 0.903142 -0.336535
vn 0.262817 0.902895 -0.340158
vn 0.297014 0.893563 -0.336642
vn 0.317445 0.893914 -0.31646
vn 0.34879 0.883473 -0.312763
vn 0.381605 0.881403 -0.278399
vn 0.340204 0.896685 -0.283226
vn 0.377818 0.893344 -0.243289
vn 0.213236 0.942669 -0.256722
vn 0.260478 0.942499 -0.209396
vn -0.0427867 0.975304 -0.216684
vn 0.0222549 0.987839 -0.153877
vn -0.320092 0.936097 -0.145817
vn -0.241696 0.968407 -0.0614062
vn -0.497799 0.865554 -0.0548844
vn -0.411601 0.909767 0.0539372
vn -0.480364 0.875532 0.0519075
vn -0.402755 0.903504 0.146522
vn -0.216128 0.963774 0.156296
vn -0.182144 0.96462 0.190606
vn 0.207987 0.959578 0.18961
vn 0.160028 0.976944 0.141318
vn 0.473493 0.871725 0.126098
vn 0.39549 0.917991 0.0296577
vn 0.492887 0.86964 0.0280956
vn 0.417959 0.906044 -0.066289
vn 0.271799 0.959789 -0.0702211
vn 0.238974 0.96533 -0.105022
vn -0.123693 0.9865 -0.107325
vn -0.0698204 0.996135 -0.0532924
vn -0.391178 0.919001 -0.0491658
vn -0.292589 0.954192 0.0625196
vn -0.438748 0.896687 0.0587519
vn -0.35799 0.921096 0.153053
vn -0.213502 0.963729 0.160137
vn -0.185796 0.964414 0.188108
vn 0.145697 0.971031 0.189399
vn 0.0799119 0.989006 0.124422
vn 0.380024 0.917743 0.115457
vn 0.264301 0.964343 -0.0136996
vn 0.370051 0.928918 -0.0131964
vn 0.246892 0.957643 -0.148207
vn 0.1029 0.982989 -0.15213
vn 0.0336479 0.975071 -0.219327
vn -0.274235 0.938221 -0.211038
vn -0.249954 0.950235 -0.185948
vn -0.376208 0.88996 -0.257758
vn -0.246616 0.961829 -0.1186
vn -0.182414 0.975831 -0.120326
vn -0.0861279 0.996024 -0.0227554
vn 0.181082 0.983211 -0.0224627
vn 0.181854 0.983087 -0.0216642
vn 0.44745 0.894092 -0.019703
vn 0.390422 0.916384 -0.0883784
vn 0.497331 0.863554 -0.0832834
vn 0.444662 0.883192 -0.149156
vn 0.341123 0.926894 -0.156536
vn 0.349566 0.925273 -0.147223
vn 0.00408997 0.987569 -0.157135
vn 0.126735 0.991315 -0.0351016
vn -0.291636 0.95593 -0.0338486
vn -0.0935934 0.980831 0.17091
vn -0.525825 0.837967 0.146015
vn -0.406256 0.866921 0.288798
vn -0.380764 0.877274 0.292247
vn -0.352767 0.878781 0.321401
vn -0.140132 0.929892 0.340094
vn -0.273305 0.938427 0.211328
vn 0.0687097 0.973264 0.219173
vn -0.191713 0.980631 -0.0401112
vn 0.0876597 0.995318 -0.0407119
vn -0.170117 0.941315 -0.291524
vn -0.0991101 0.950536 -0.29438
vn -0.222252 0.887124 -0.404494
vn -0.321312 0.861633 -0.392871
vn -0.301214 0.877125 -0.37406
vn -0.459904 0.816795 -0.348332
vn -0.360876 0.901816 -0.23769
vn -0.286729 0.926375 -0.244163
vn -0.0694147 0.997309 -0.0235899
vn -0.0825686 0.996307 -0.0235661
vn 0.0826263 0.986548 0.141051
vn 0.143717 0.979657 0.140065
vn 0.204576 0.95799 0.201006
vn 0.241897 0.949624 0.19925
vn 0.217706 0.960274 0.174582
vn 0.182189 0.967406 0.175878
vn 0.104307 0.98972 0.0978502
vn 0.00274683 0.995144 0.0983865
vn -0.0850669 0.996318 0.0106856
vn -0.170328 0.985331 0.0105678
vn -0.23124 0.971458 -0.052891
vn -0.23373 0.970864 -0.0528587
vn -0.277921 0.955392 -0.0999327
vn 0.0766366 0.991649 -0.103725
vn 0.0558375 0.990667 -0.124346
vn 0.239371 0.963369 -0.120919
vn 0.215379 0.965594 -0.145743
vn 0.424505 0.895285 -0.135131
vn 0.386699 0.904702 -0.178823
vn 0.509758 0.843989 -0.166823
vn 0.465871 0.856813 -0.220989
vn 0.462431 0.858558 -0.221439
vn 0.429461 0.864989 -0.259532
vn 0.266053 0.923294 -0.277026
vn 0.277109 0.923293 -0.26597
vn -0.0327349 0.96041 -0.276662
vn 0.0488725 0.978641 -0.199685
vn -0.266894 0.94427 -0.192671
vn -0.133825 0.989418 -0.0560538
vn -0.449426 0.891888 -0.0505283
vn -0.320123 0.941959 0.101168
vn -0.37992 0.91973 0.0987811
vn -0.279856 0.937247 0.207962
vn -0.293503 0.93326 0.207078
vn -0.23815 0.93486 0.263289
vn -0.213215 0.940421 0.264855
vn -0.202908 0.939829 0.274862
vn -0.160526 0.947348 0.277061
vn -0.182858 0.949321 0.25564
vn -0.128134 0.957642 0.257881
vn -0.169952 0.961155 0.217479
vn -0.085404 0.971781 0.219883
vn -0.143281 0.976106 0.163364
vn -0.017157 0.986137 0.165043
vn -0.0979902 0.991533 0.0852068
vn 0.278536 0.956899 0.0822305
vn 0.183681 0.982822 -0.0179427
vn 0.334594 0.942205 -0.0172012
vn 0.264831 0.95975 -0.0935152
vn 0.395733 0.914037 -0.089061
vn 0.357232 0.924483 -0.133102
vn 0.386142 0.913025 -0.131453
vn 0.382994 0.913825 -0.135054
vn 0.263721 0.954234 -0.141026
vn 0.303752 0.947675 -0.0982138
vn 0.0224032 0.994423 -0.103059
vn 0.110253 0.993788 -0.0151285
vn -0.242127 0.970132 -0.0147684
vn -0.126396 0.98643 0.104782
vn -0.410284 0.906856 0.0963295
vn -0.285612 0.929435 0.233615
vn -0.396826 0.890204 0.223755
vn -0.335833 0.896456 0.289107
vn -0.176877 0.936725 0.302094
vn -0.19092 0.938164 0.288786
vn 0.154671 0.944243 0.290657
vn 0.0345879 0.983736 0.176262
vn 0.390414 0.906208 0.162371
vn 0.220759 0.975018 -0.0246001
vn 0.418771 0.907803 -0.0229043
vn 0.2532 0.945092 -0.206617
vn 0.235068 0.949552 -0.207592
vn 0.141167 0.943812 -0.298817
vn -0.0666734 0.951237 -0.301168
vn -0.0385639 0.960568 -0.275359
vn -0.282736 0.92206 -0.26432
vn -0.176301 0.971752 -0.156892
vn -0.358224 0.9217 -0.148811
vn -0.213057 0.976999 0.008921
vn -0.189166 0.981904 0.00896579
vn -0.0944355 0.989944 0.105318
vn 0.0800887 0.991194 0.105451
vn 0.0766361 0.991827 0.102015
vn 0.263035 0.959723 0.0987129
vn 0.193185 0.980838 0.0252478
vn 0.249571 0.968036 0.0249183
vn 0.176975 0.982887 -0.051125
vn 0.0344411 0.998057 -0.0519141
vn 0.028209 0.99791 -0.0581335
vn -0.253988 0.96557 -0.0562495
vn -0.169828 0.984958 0.0318813
vn -0.219324 0.855388 -0.469264
vn -0.0544284 0.942475 -0.329815
vn -0.0813479 0.940746 -0.32921
vn 0.0516042 0.977218 -0.205867
vn 0.178115 0.962875 -0.202845
vn 0.209036 0.96269 -0.171852
vn 0.386775 0.907823 -0.162057
vn 0.330718 0.916863 -0.223579
vn 0.439391 0.872723 -0.212816
vn 0.365817 0.883005 -0.294074
vn 0.337421 0.893126 -0.297445
vn 0.317107 0.893483 -0.318012
vn 0.119579 0.935345 -0.332912
vn 0.208195 0.945772 -0.24934
vn -0.0918795 0.96287 -0.253848
vn 0.0948886 0.992872 -0.0721266
vn -0.423422 0.903552 -0.065638
vn -0.250077 0.959479 0.129852
vn -0.369628 0.920785 0.124616
vn -0.295329 0.933035 0.20549
vn -0.273571 0.93934 0.206879
vn -0.354323 0.92739 0.120015
vn -0.190339 0.9736 0.125995
vn -0.384227 0.919267 -0.0855466
vn -0.177101 0.979959 -0.0911946
vn -0.362559 0.887389 -0.284767
vn -0.232038 0.926186 -0.297217
vn -0.30867 0.876117 -0.370326
vn -0.301586 0.878208 -0.37121
vn -0.241279 0.918227 -0.314076
vn -0.354097 0.884877 -0.302668
vn -0.175845 0.977193 -0.119051
vn -0.0689268 0.9903 -0.120647
vn 0.184401 0.973736 0.133545
vn 0.082692 0.987333 0.13541
vn 0.240627 0.926256 0.290084
vn 0.199683 0.935076 0.292846
vn 0.263194 0.897975 0.352661
vn 0.206475 0.910735 0.357672
vn 0.204404 0.911935 0.3558
vn 0.097712 0.927146 0.361735
vn 0.0551145 0.94443 0.324059
vn -0.0804973 0.942798 0.3235
vn -0.133825 0.952303 0.274245
vn -0.222979 0.936753 0.269767
vn -0.271673 0.936665 0.221027
vn -0.272414 0.936461 0.220979
vn -0.330932 0.93014 0.159131
vn 0.0554709 0.984161 0.168373
vn -0.0555537 0.996723 0.0587896
vn 0.217343 0.974402 0.057473
vn 0.107839 0.992644 -0.0550249
vn 0.392525 0.918332 -0.0509055
vn 0.27916 0.943865 -0.176599
vn 0.471356 0.8669 -0.162199
vn 0.361198 0.887169 -0.28717
vn 0.42711 0.860255 -0.278458
vn 0.336516 0.864763 -0.37275
vn 0.265709 0.885311 -0.381607
vn 0.228576 0.880527 -0.415242
vn 0.0451225 0.90355 -0.4261
vn 0.0886005 0.916752 -0.389507
vn -0.123532 0.913322 -0.38805
vn -0.00936738 0.957942 -0.286808
vn -0.309576 0.910923 -0.27273
vn -0.127654 0.987934 -0.0876937
vn -0.285082 0.954749 -0.0847481
vn -0.116341 0.989015 0.0911824
vn -0.24588 0.965207 0.0889874
vn -0.096164 0.966231 0.239059
vn -0.205123 0.950089 0.235065
vn -0.0831861 0.933334 0.34924
vn -0.177538 0.921701 0.344887
vn -0.0908286 0.902607 0.420774
vn -0.158243 0.894934 0.417196
vn -0.11452 0.883751 0.453729
vn -0.129485 0.882114 0.452889
vn -0.137665 0.884305 0.446154
vn -0.0878918 0.88935 0.448699
vn -0.151122 0.905954 0.395487
vn 0.168824 0.903325 0.394339
vn -0.000710908 0.970389 0.241547
vn 0.258654 0.937367 0.233327
vn 0.11895 0.988607 0.0922386
vn 0.359082 0.92927 0.0867024
vn 0.27767 0.960668 -0.00391288
vn 0.386532 0.922268 -0.00375648
vn 0.371121 0.92833 -0.0217328
vn 0.305152 0.952043 -0.0222879
vn 0.350554 0.936106 0.0285957
vn 0.110215 0.993444 0.0303472
vn 0.205774 0.970222 0.127773
vn -0.126025 0.983535 0.129526
vn -0.0105154 0.970318 0.241602
vn -0.285758 0.929909 0.23154
vn -0.17386 0.924132 0.340224
vn -0.331657 0.885309 0.325931
vn -0.320839 0.885261 0.336713
vn -0.18686 0.918211 0.349246
vn -0.250123 0.923969 0.289345
vn 0.0335341 0.953765 0.298675
vn -0.137231 0.981221 0.135543
vn 0.218848 0.96658 0.133521
vn -0.0177129 0.994263 -0.105484
vn 0.257436 0.960903 -0.101945
vn 0.039151 0.948133 -0.315454
vn 0.140514 0.939447 -0.312564
vn 0.0237123 0.909539 -0.414941
vn -0.0365011 0.909189 -0.414782
vn -0.0229317 0.914691 -0.403502
vn -0.163752 0.902582 -0.39816
vn -0.0558393 0.951379 -0.30292
vn -0.203448 0.932937 -0.297048
vn -0.00608935 0.994363 -0.105853
vn -0.0944349 0.989938 -0.105382
vn 0.0492245 0.998057 0.0381879
vn 0.076982 0.996303 0.0381208
vn 0.128584 0.987601 0.0900622
vn 0.192478 0.977246 0.089118
vn 0.178047 0.981215 0.0742672
vn 0.176717 0.981454 0.0742853
vn 0.158875 0.985709 0.0559999
vn 0.0282113 0.997993 0.0566978
vn 0.0687392 0.9929 0.0970802
vn -0.169131 0.980916 0.0959085
vn -0.0513954 0.975857 0.212277
vn -0.0516044 0.893576 -0.445937
vn 0.101689 0.943706 -0.314766
vn 0.0500315 0.947436 -0.31601
vn 0.16126 0.964049 -0.211199
vn 0.207491 0.955575 -0.209343
vn 0.223143 0.955367 -0.1936
vn 0.333306 0.924037 -0.187251
vn 0.263401 0.929002 -0.259953
vn 0.370559 0.894452 -0.250285
vn 0.276434 0.89662 -0.345915
vn 0.314339 0.885683 -0.341695
vn 0.26864 0.882831 -0.385281
vn 0.197771 0.898419 -0.392084
vn 0.249205 0.904941 -0.344933
vn 0.0889485 0.930718 -0.354758
vn 0.233492 0.947551 -0.218239
vn -0.246173 0.944498 -0.217536
vn -0.0489035 0.99863 -0.0186258
vn -0.301721 0.95323 -0.017779
vn -0.203378 0.975217 0.0871138
vn -0.355666 0.930906 0.0831556
vn -0.391816 0.91911 0.0414455
vn -0.385308 0.921852 0.0415691
vn -0.497407 0.861933 -0.0982764
vn -0.376129 0.920603 -0.104966
vn -0.481494 0.845023 -0.232593
vn -0.321634 0.912913 -0.25128
vn -0.354328 0.890406 -0.285708
vn -0.24272 0.923709 -0.296394
vn -0.139408 0.970682 -0.195812
vn -0.173714 0.96535 -0.194737
vn 0.0646769 0.996981 0.0429655
vn 0.185901 0.981657 0.0423051
vn 0.380574 0.890217 0.250355
vn 0.242612 0.933895 0.262638
vn 0.356269 0.855996 0.374625
vn 0.259323 0.884768 0.387217
vn 0.310268 0.846501 0.43263
vn 0.195727 0.873223 0.446287
vn 0.203035 0.868482 0.452234
vn 0.0516913 0.88577 0.461237
vn 0.0299567 0.895521 0.44401
vn -0.124916 0.888905 0.44073
vn -0.161603 0.897793 0.409698
vn -0.255134 0.879643 0.401416
vn -0.30668 0.883911 0.353056
vn -0.313725 0.881776 0.352203
vn -0.394506 0.878625 0.269042
vn -0.0532183 0.954822 0.292374
vn -0.225371 0.966301 0.124376
vn 0.107129 0.98611 0.126926
vn -0.0559704 0.997785 -0.0359388
vn 0.283449 0.958366 -0.034519
vn 0.132812 0.972772 -0.189936
vn 0.371063 0.911398 -0.177952
vn 0.24282 0.918953 -0.310746
vn 0.345884 0.888835 -0.300562
vn 0.25187 0.884932 -0.391737
vn 0.230954 0.88969 -0.393843
vn 0.191308 0.882937 -0.428747
vn 0.0866115 0.896171 -0.435173
vn 0.116672 0.904587 -0.410013
vn -0.00890611 0.910771 -0.412816
vn 0.0872193 0.940056 -0.329678
vn -0.121036 0.936715 -0.328506
vn 0.0717646 0.986567 -0.146747
vn -0.115574 0.98249 -0.14614
vn 0.0685706 0.996939 0.0375547
vn -0.0989661 0.994385 0.0374585
vn 0.0783592 0.974122 0.212004
vn -0.0867609 0.973442 0.211856
vn 0.0711775 0.931425 0.356905
vn -0.0935548 0.929698 0.356243
vn 0.0274127 0.888821 0.457434
vn -0.114463 0.883311 0.454598
vn -0.0482478 0.860945 0.506405
vn -0.132993 0.854292 0.502491
vn -0.135091 0.85492 0.500861
vn -0.142461 0.854029 0.500339
vn -0.212422 0.870939 0.443105
vn -0.000652952 0.89128 0.453453
vn -0.203953 0.939626 0.274786
vn 0.114721 0.953463 0.278832
vn -0.0510891 0.99151 0.119571
vn 0.275827 0.954293 0.115082
vn 0.191876 0.981058 0.0266221
vn 0.371091 0.928255 0.0251892
vn 0.369313 0.929017 0.0231267
vn 0.350602 0.936234 0.0233063
vn 0.400671 0.912577 0.0816457
vn 0.206684 0.974515 0.0871872
vn 0.281513 0.945157 0.165616
vn -0.0106738 0.984937 0.172586
vn 0.0566565 0.96983 0.237106
vn -0.179774 0.955565 0.233618
vn -0.134851 0.951432 0.276753
vn -0.328667 0.90686 0.263788
vn -0.362811 0.903654 0.227549
vn -0.253908 0.937949 0.236185
vn -0.331679 0.930639 0.154594
vn -0.136672 0.977225 0.162333
vn -0.281835 0.959391 0.0117133
vn -0.0178109 0.999767 0.0122063
vn -0.204579 0.962958 -0.175667
vn 0.0405889 0.982954 -0.179315
vn -0.122425 0.93541 -0.331693
vn 0.0245642 0.942215 -0.334106
vn -0.0551309 0.913582 -0.402901
vn -0.0229327 0.914732 -0.403409
vn 0.00184857 0.923967 -0.382468
vn -0.054151 0.922613 -0.381908
vn 0.0579075 0.957585 -0.282273
vn -0.00587388 0.959178 -0.282743
vn 0.190706 0.977381 -0.0914175
vn 0.0490468 0.994456 -0.0930146
vn 0.18743 0.98114 0.0472706
vn 0.128962 0.990501 0.0477216
vn 0.188057 0.976203 0.10799
vn 0.177491 0.978156 0.108206
vn 0.179248 0.977635 0.11
vn 0.158152 0.981223 0.110403
vn 0.152369 0.982779 0.104544
vn 0.0686797 0.992042 0.10553
vn 0.10411 0.984566 0.140683
vn -0.0520667 0.988602 0.141259
vn 0.0397318 0.972405 0.22989
vn 0.106098 0.984619 -0.13881
vn 0.183372 0.981169 -0.0606771
vn 0.164676 0.984467 -0.0608811
vn 0.194924 0.980369 -0.029694
vn 0.227347 0.973367 -0.0294819
vn 0.180156 0.980496 -0.0785549
vn 0.271972 0.959231 -0.0768512
vn 0.158326 0.96819 -0.193755
vn 0.289378 0.938605 -0.187835
vn 0.163642 0.93583 -0.312161
vn 0.277335 0.911406 -0.304014
vn 0.204383 0.905071 -0.372926
vn 0.246743 0.896001 -0.369188
vn 0.261008 0.897353 -0.355853
vn 0.22328 0.906108 -0.359325
vn 0.313201 0.909941 -0.271868
vn -0.0468695 0.957096 -0.285956
vn 0.127764 0.984733 -0.118227
vn -0.202758 0.972247 -0.116728
vn -0.101175 0.994782 -0.0131507
vn -0.392124 0.919832 -0.0121599
vn -0.392441 0.919692 -0.0125354
vn -0.499792 0.866065 -0.0118045
vn -0.547136 0.833445 -0.077529
vn -0.493463 0.866028 -0.0805599
vn -0.535885 0.8328 -0.138824
vn -0.365383 0.918188 -0.153058
vn -0.351371 0.926127 -0.13721
vn -0.140656 0.979368 -0.145098
vn -0.000327345 0.999988 -0.00486273
vn 0.0647359 0.997891 -0.00485253
vn 0.281363 0.934938 0.216164
vn 0.3845 0.899399 0.207947
vn 0.488156 0.808161 0.329514
vn 0.359616 0.864039 0.352297
vn 0.420158 0.80786 0.413314
vn 0.310207 0.846335 0.432999
vn 0.334883 0.825329 0.454627
vn 0.200607 0.858098 0.472678
vn 0.197924 0.859883 0.470561
vn 0.0293324 0.87686 0.479851
vn 0.00705888 0.886559 0.462561
vn -0.157591 0.875503 0.456792
vn -0.194925 0.883816 0.425292
vn -0.2984 0.860047 0.413855
vn -0.357552 0.862928 0.357088
vn -0.383213 0.853473 0.353175
vn -0.473934 0.843243 0.253628
vn -0.217976 0.934595 0.281104
vn -0.391912 0.914911 0.0966567
vn -0.0556976 0.992922 0.104898
vn -0.215718 0.974728 -0.0580654
vn 0.13504 0.989087 -0.0589208
vn 0.0041835 0.982083 -0.188404
vn 0.251183 0.950605 -0.182365
vn 0.16276 0.94899 -0.270051
vn 0.264038 0.927682 -0.263988
vn 0.217881 0.925753 -0.309046
vn 0.201315 0.929121 -0.310171
vn 0.197247 0.928704 -0.314009
vn 0.121281 0.940323 -0.317938
vn 0.161393 0.946171 -0.280558
vn 0.088603 0.954969 -0.283167
vn 0.172296 0.963911 -0.202954
vn 0.0710014 0.976075 -0.205516
vn 0.212845 0.975029 -0.0633754
vn 0.0684752 0.995552 -0.0647094
vn 0.197966 0.977907 0.0671415
vn 0.0799947 0.994454 0.0682776
vn 0.20237 0.960492 0.191053
vn 0.0747399 0.978042 0.194543
vn 0.18288 0.936993 0.297655
vn 0.0293814 0.952655 0.30263
vn 0.108678 0.921454 0.372977
vn -0.0518765 0.925696 0.374694
vn -0.0212563 0.915916 0.400808
vn -0.143268 0.906672 0.396763
vn -0.176567 0.913175 0.367337
vn -0.220699 0.904874 0.363998
vn -0.312374 0.90924 0.275145
vn -0.20341 0.937126 0.283583
vn -0.367958 0.923103 0.111748
vn -0.0510863 0.991456 0.120023
vn -0.176233 0.984328 -0.00635416
vn 0.19194 0.981386 -0.00633517
vn 0.146813 0.987757 -0.0527485
vn 0.368958 0.928124 -0.0495639
vn 0.390744 0.920181 -0.0241961
vn 0.401897 0.915369 -0.0240695
vn 0.445322 0.894905 0.0288783
vn 0.285319 0.957934 0.0309122
vn 0.318392 0.945569 0.067269
vn 0.058173 0.99579 0.0708418
vn 0.0505697 0.996716 0.0632503
vn -0.140056 0.988156 0.0627071
vn -0.182513 0.983016 0.0191953
vn -0.372524 0.927846 0.018118
vn -0.413824 0.909837 -0.030765
vn -0.335545 0.941486 -0.0318352
vn -0.378628 0.921979 -0.0812117
vn -0.280853 0.956049 -0.0842127
vn -0.335346 0.931048 -0.143848
vn -0.205478 0.967186 -0.149431
vn -0.265684 0.940647 -0.211176
vn -0.126672 0.967854 -0.217284
vn -0.170204 0.950705 -0.25921
vn -0.0581223 0.963152 -0.262604
vn -0.0571599 0.963454 -0.261706
vn 0.00193072 0.96503 -0.262134
vn 0.063736 0.976978 -0.203598
vn 0.0590971 0.977257 -0.203656
vn 0.174829 0.980585 -0.0888193
vn 0.190756 0.977635 -0.0885522
vn 0.319035 0.946495 0.0486241
vn 0.187401 0.98099 0.0503962
vn 0.265769 0.9549 0.132408
vn 0.187434 0.972968 0.134913
vn 0.202998 0.967502 0.150772
vn 0.178261 0.972249 0.151512
vn 0.143731 0.982713 0.116694
vn 0.152164 0.98146 0.116545
vn 0.104681 0.992132 0.0686743
vn 0.104908 0.992108 0.0686727
vn 0.0844714 0.995263 0.0481209
vn 0.0407777 0.998002 0.0482533
vn 0.062483 0.995592 0.0699406
vn 0.174405 0.933188 0.314234
vn 0.158029 0.941065 0.299038
vn 0.186177 0.936377 0.297549
vn 0.124685 0.962928 0.239214
vn 0.17555 0.95543 0.237352
vn 0.0466373 0.992742 0.110853
vn 0.160413 0.980953 0.109536
vn -0.0166584 0.997519 -0.0683941
vn 0.171857 0.982814 -0.0673859
vn 0.00346611 0.972412 -0.233245
vn 0.214481 0.949788 -0.227818
vn 0.108595 0.938293 -0.328351
vn 0.264743 0.910196 -0.318519
vn 0.241407 0.908601 -0.340833
vn 0.306736 0.891158 -0.33429
vn 0.344464 0.890811 -0.296312
vn 0.12219 0.941772 -0.313264
vn 0.251008 0.949545 -0.18804
vn -0.0992758 0.976104 -0.193299
vn -0.00247103 0.995151 -0.0983292
vn -0.390861 0.915989 -0.0905074
vn -0.355655 0.933299 -0.0496253
vn -0.548247 0.835137 -0.0444058
vn -0.542659 0.839165 -0.0363878
vn -0.540765 0.840384 -0.0364407
vn -0.526789 0.84983 -0.0167965
vn -0.354666 0.934811 -0.0184761
vn -0.282351 0.95731 0.0619304
vn -0.000326666 0.997914 0.0645572
vn 0.151231 0.965061 0.213979
vn 0.281892 0.936697 0.20769
vn 0.422787 0.833035 0.356797
vn 0.485437 0.803659 0.344215
vn 0.524963 0.755362 0.392228
vn 0.419082 0.805792 0.418414
vn 0.434341 0.78947 0.433687
vn 0.335072 0.825794 0.453641
vn 0.324844 0.834701 0.444691
vn 0.199078 0.864899 0.460779
vn 0.169991 0.883146 0.437213
vn 0.00713538 0.896167 0.443659
vn -0.0301226 0.910139 0.413207
vn -0.19689 0.892728 0.405303
vn -0.238174 0.898767 0.368092
vn -0.35802 0.864056 0.353876
vn -0.412425 0.861182 0.297103
vn -0.469195 0.834811 0.288005
vn -0.543616 0.816003 0.196525
vn -0.384448 0.897485 0.216149
vn -0.511875 0.856854 0.0615305
vn -0.215554 0.973984 0.0699416
vn -0.333132 0.94114 -0.0572636
vn 0.00425192 0.998145 -0.060732
vn -0.0796016 0.986397 -0.143821
vn 0.167322 0.975587 -0.142245
vn 0.135281 0.97537 -0.174217
vn 0.22571 0.959017 -0.171296
vn 0.236013 0.958366 -0.160723
vn 0.205015 0.965279 -0.161882
vn 0.242594 0.962278 -0.123162
vn 0.166824 0.978009 -0.125175
vn 0.221853 0.972667 -0.0685513
vn 0.175536 0.982037 -0.0692116
vn 0.245325 0.969434 0.00371797
vn 0.213272 0.976986 0.00374694
vn 0.279201 0.957386 0.0738787
vn 0.197848 0.977327 0.0754174
vn 0.249706 0.959624 0.129493
vn 0.204393 0.970096 0.130906
vn 0.245024 0.954001 0.172757
vn 0.188607 0.966336 0.17499
vn 0.21526 0.95548 0.201797
vn 0.114636 0.971967 0.205279
vn 0.117481 0.97104 0.208037
vn -0.0226869 0.97756 0.209434
vn -0.057065 0.982686 0.176273
vn -0.186962 0.966934 0.173448
vn -0.259431 0.960709 0.0986583
vn -0.323393 0.941314 0.0966666
vn -0.416193 0.909216 -0.010458
vn -0.370256 0.928868 -0.0106841
vn -0.450267 0.886446 -0.107117
vn -0.175003 0.977457 -0.118114
vn -0.226227 0.959053 -0.17041
vn 0.144799 0.974202 -0.173101
vn 0.149192 0.974304 -0.168741
vn 0.385985 0.908973 -0.157427
vn 0.418196 0.900385 -0.12008
vn 0.442366 0.888964 -0.118557
vn 0.46244 0.881667 -0.0938783
vn 0.317502 0.942927 -0.100401
vn 0.294981 0.947309 -0.124865
vn 0.0502377 0.990173 -0.130515
vn -0.0307237 0.977402 -0.209145
vn -0.178636 0.962135 -0.205878
vn -0.273169 0.9143 -0.299057
vn -0.396806 0.87242 -0.285358
vn -0.41237 0.859293 -0.302599
vn -0.361202 0.879545 -0.309731
vn -0.352748 0.886018 -0.300899
vn -0.322794 0.896199 -0.304356
vn -0.287252 0.919501 -0.268335
vn -0.26169 0.926506 -0.270379
vn -0.200759 0.956926 -0.209734
vn -0.172264 0.962211 -0.210892
vn -0.0903691 0.987386 -0.130008
vn -0.058719 0.989732 -0.130317
vn 0.0367721 0.998694 -0.0354742
vn 0.0650586 0.997253 -0.035423
vn 0.166 0.983856 0.0668678
vn 0.175131 0.982279 0.0667606
vn 0.277759 0.94485 0.173518
vn 0.314683 0.933584 0.171449
vn 0.361623 0.90533 0.222724
vn 0.260903 0.937414 0.230617
vn 0.268748 0.933191 0.238599
vn 0.199204 0.949416 0.242748
vn 0.149181 0.969661 0.193654
vn 0.141974 0.970701 0.193861
vn 0.039741 0.99488 0.0929209
vn 0.104479 0.990217 0.0924854
vn -0.0150745 0.999517 -0.0271804
vn 0.0845383 0.996052 -0.0270862
vn -0.0130392 0.992168 -0.124228
vn 0.062153 0.990334 -0.123999
vn 0.00441931 0.983572 -0.180462
vn 0.136306 0.811703 0.567943
vn 0.0700261 0.850036 0.522049
vn 0.109672 0.846988 0.520177
vn -0.0122096 0.90455 0.426193
vn 0.042459 0.903802 0.42584
vn -0.153153 0.955491 0.252154
vn -0.0161449 0.966772 0.255131
vn -0.246096 0.968903 0.0257775
vn 0.00356316 0.99964 0.0265952
vn -0.202889 0.962381 -0.180716
vn 0.11302 0.976525 -0.183371
vn -0.029163 0.948011 -0.3169
vn 0.244347 0.919666 -0.307425
vn 0.184818 0.913238 -0.363097
vn 0.338158 0.874504 -0.347696
vn 0.336332 0.874485 -0.349508
vn 0.23839 0.90181 -0.360429
vn 0.338639 0.90384 -0.261528
vn -0.00238522 0.960593 -0.27795
vn 0.100238 0.978463 -0.180453
vn -0.350921 0.920876 -0.169832
vn -0.273985 0.957916 -0.085613
vn -0.541496 0.837366 -0.074839
vn -0.484123 0.874993 0.00350232
vn -0.52686 0.849945 0.00340207
vn -0.450522 0.886832 0.102753
vn -0.281163 0.953283 0.110453
vn -0.143832 0.957617 0.249564
vn 0.149928 0.956741 0.249336
vn 0.288908 0.878624 0.3802
vn 0.42223 0.831939 0.359999
vn 0.507273 0.733487 0.452406
vn 0.509117 0.732561 0.451835
vn 0.514548 0.724988 0.457858
vn 0.42177 0.766621 0.484151
vn 0.402589 0.787492 0.466667
vn 0.317481 0.815782 0.483432
vn 0.269828 0.854602 0.443676
vn 0.168394 0.874847 0.454187
vn 0.106428 0.908845 0.403328
vn -0.0302377 0.913619 0.405446
vn -0.0832839 0.929279 0.359868
vn -0.239902 0.905286 0.350577
vn -0.276346 0.907719 0.315719
vn -0.412127 0.860559 0.299316
vn -0.447046 0.855761 0.26043
vn -0.537458 0.806759 0.245518
vn -0.583277 0.791053 0.184456
vn -0.50287 0.84178 0.196284
vn -0.588218 0.80472 0.0801559
vn -0.332218 0.938558 0.0934871
vn -0.416567 0.909095 -0.0042261
vn -0.080437 0.996749 -0.00463357
vn -0.138869 0.988259 -0.0637117
vn 0.137103 0.988505 -0.0637275
vn 0.128873 0.989039 -0.072066
vn 0.238526 0.968568 -0.0705744
vn 0.269643 0.962232 -0.0374356
vn 0.244281 0.968971 -0.0376978
vn 0.295405 0.955213 0.0174298
vn 0.222341 0.974807 0.0177873
vn 0.278913 0.957138 0.0780665
vn 0.244563 0.966424 0.0788239
vn 0.300557 0.94362 0.138729
vn 0.277218 0.950589 0.139754
vn 0.297258 0.941097 0.161166
vn 0.248438 0.954749 0.163504
vn 0.252306 0.953036 0.167524
vn 0.245236 0.954824 0.167839
vn 0.23164 0.960571 0.153777
vn 0.217149 0.963865 0.154304
vn 0.184215 0.975457 0.120614
vn 0.119214 0.985364 0.121839
vn 0.0622712 0.995945 0.0649247
vn -0.0578504 0.996211 0.064942
vn -0.136522 0.990532 -0.0144297
vn -0.260677 0.965324 -0.0140625
vn -0.342567 0.933716 -0.104028
vn -0.414097 0.904636 -0.100788
vn -0.4852 0.853608 -0.189564
vn -0.444248 0.874597 -0.194225
vn -0.472964 0.850585 -0.229805
vn -0.222037 0.941289 -0.254311
vn -0.227621 0.938453 -0.259798
vn 0.145995 0.953425 -0.263943
vn 0.1718 0.955674 -0.239105
vn 0.410801 0.884463 -0.221288
vn 0.430237 0.880503 -0.199023
vn 0.455456 0.868352 -0.196276
vn 0.44025 0.871954 -0.214186
vn 0.289453 0.929559 -0.228336
vn 0.212233 0.928427 -0.304926
vn -0.0298513 0.949647 -0.311896
vn -0.144978 0.899515 -0.412134
vn -0.262124 0.877332 -0.40197
vn -0.354287 0.801336 -0.482019
vn -0.380327 0.792522 -0.476717
vn -0.368291 0.804417 -0.466127
vn -0.325692 0.818058 -0.474031
vn -0.274463 0.859903 -0.430391
vn -0.26906 0.861268 -0.431074
vn -0.162313 0.927487 -0.336783
vn -0.193472 0.922191 -0.334861
vn -0.0359172 0.981808 -0.186446
vn -0.0895554 0.978495 -0.185817
vn 0.0866594 0.996173 -0.011341
vn 0.0367929 0.999258 -0.0113761
vn 0.190096 0.971254 0.143277
vn 0.164639 0.975794 0.143947
vn 0.276591 0.925998 0.256955
vn 0.272544 0.927111 0.257264
vn 0.354621 0.870898 0.340267
vn 0.348697 0.87297 0.341077
vn 0.349738 0.872143 0.342125
vn 0.258953 0.89918 0.35273
vn 0.218496 0.923658 0.314826
vn 0.144102 0.936649 0.319254
vn 0.0360784 0.975184 0.218436
vn 0.0389501 0.975079 0.218413
vn -0.124767 0.990516 0.0575369
vn -0.0150547 0.998204 0.0579835
vn -0.189616 0.974706 -0.118297
vn -0.0130453 0.992631 -0.120472
vn -0.1605 0.951229 -0.263446
vn 0.00433008 0.963714 -0.266904
vn -0.0986446 0.92781 -0.359774
vn 0.0676618 0.821335 0.566419
vn -0.0250754 0.865406 0.500443
vn -0.0116841 0.865619 0.500567
vn -0.136797 0.906425 0.399602
vn -0.145115 0.905341 0.399124
vn -0.289183 0.920161 0.263964
vn -0.237181 0.933802 0.267878
vn -0.374235 0.919154 0.1229
vn -0.204542 0.970223 0.129729
vn -0.333533 0.942698 -0.00874528
vn -0.0307464 0.999484 -0.00927208
vn -0.158773 0.977656 -0.137767
vn 0.196491 0.970913 -0.136817
vn 0.0771934 0.964172 -0.2538
vn 0.348604 0.906394 -0.238591
vn 0.240825 0.906607 -0.346508
vn 0.33033 0.881663 -0.336975
vn 0.322805 0.88157 -0.344429
vn 0.0949887 0.927222 -0.362265
vn 0.160766 0.939483 -0.302534
vn -0.262693 0.918434 -0.295756
vn -0.107734 0.98382 -0.143151
vn -0.48025 0.867992 -0.126297
vn -0.283785 0.953134 0.104887
vn -0.450756 0.887291 0.0976414
vn -0.226945 0.913503 0.337653
vn -0.139504 0.928805 0.343308
vn 0.0288769 0.874802 0.483618
vn 0.276549 0.841036 0.464951
vn 0.317785 0.806564 0.498465
vn 0.507067 0.733189 0.453119
vn 0.494427 0.750076 0.439236
vn 0.522281 0.735884 0.430925
vn 0.430253 0.841889 0.325737
vn 0.430371 0.841837 0.325717
vn 0.300115 0.936038 0.18375
vn 0.295944 0.937316 0.184001
vn 0.148182 0.988501 0.0301265
vn 0.116255 0.992758 0.0302562
vn 0.00758539 0.996864 -0.078769
vn -0.0889892 0.992938 -0.0784588
vn -0.118765 0.986999 -0.108297
vn -0.289651 0.951422 -0.104394
vn -0.24652 0.967391 -0.0581538
vn -0.462368 0.88509 -0.0532064
vn -0.379469 0.923976 0.0476684
vn -0.592949 0.804171 0.0414876
vn -0.498377 0.849727 0.172001
vn -0.582392 0.796749 0.161277
vn -0.520541 0.818422 0.243356
vn -0.402137 0.877604 0.260954
vn -0.366694 0.880998 0.298962
vn -0.131904 0.938688 0.318539
vn -0.141803 0.940296 0.309412
vn 0.122835 0.942701 0.310203
vn 0.0839936 0.957943 0.274391
vn 0.260119 0.928247 0.265885
vn 0.220341 0.948824 0.226235
vn 0.288071 0.931496 0.222103
vn 0.258985 0.946617 0.191946
vn 0.274611 0.942377 0.191087
vn 0.253403 0.952487 0.168982
vn 0.299247 0.939505 0.166679
vn 0.272847 0.952034 0.138512
vn 0.298338 0.944516 0.137418
vn 0.236348 0.969053 0.071248
vn 0.255279 0.964265 0.070896
vn 0.185331 0.982673 -0.00257177
vn 0.234427 0.97213 -0.00254418
vn 0.149491 0.984611 -0.0905231
vn 0.184817 0.978646 -0.0899747
vn 0.0926901 0.978889 -0.18217
vn 0.0613535 0.981269 -0.182613
vn -0.0143748 0.966896 -0.254767
vn -0.13211 0.95852 -0.25256
vn -0.16517 0.944532 -0.283863
vn -0.331494 0.903535 -0.271542
vn -0.319519 0.911486 -0.259039
vn -0.479735 0.843992 -0.239858
vn -0.441619 0.876295 -0.192561
vn -0.477249 0.85829 -0.188604
vn -0.3961 0.913908 -0.0887516
vn -0.234672 0.967523 -0.0939583
vn -0.171753 0.984727 -0.0285374
vn 0.176861 0.983823 -0.0285112
vn 0.150427 0.987055 -0.05562
vn 0.438458 0.897328 -0.050564
vn 0.337889 0.926269 -0.166905
vn 0.44499 0.881342 -0.158809
vn 0.299176 0.899887 -0.317329
vn 0.210741 0.921902 -0.325092
vn 0.0686071 0.890815 -0.449157
vn -0.142448 0.883813 -0.445627
vn -0.204088 0.845164 -0.49401
vn -0.356604 0.806576 -0.471454
vn -0.36172 0.801687 -0.475874
vn -0.366331 0.800138 -0.474954
vn -0.264378 0.884478 -0.384451
vn -0.280934 0.880175 -0.382581
vn -0.13944 0.958129 -0.25009
vn -0.166953 0.954002 -0.249012
vn 0.0131869 0.997274 -0.0725946
vn -0.0364618 0.996698 -0.0725526
vn 0.142957 0.983892 0.10733
vn 0.0861577 0.990406 0.108041
vn 0.223136 0.943759 0.243988
vn 0.186179 0.951241 0.245923
vn 0.265588 0.908495 0.322646
vn 0.270943 0.907089 0.322147
vn 0.297901 0.888874 0.348077
vn 0.354528 0.870669 0.340948
vn 0.345878 0.877506 0.332192
vn 0.351153 0.875672 0.331498
vn 0.263051 0.933915 0.242088
vn 0.22321 0.943584 0.244594
vn 0.114072 0.984068 0.136374
vn 0.0366217 0.989869 0.137178
vn -0.0856388 0.996205 0.0155614
vn -0.124959 0.992041 0.0154963
vn -0.238248 0.965886 -0.101496
vn -0.189949 0.976418 -0.102603
vn -0.288017 0.935573 -0.204325
vn -0.162648 0.963963 -0.210525
vn -0.247304 0.923521 -0.293173
vn -0.10082 0.94827 -0.301029
vn -0.167319 0.917426 -0.361017
vn -0.0268159 0.925475 0.377858
vn -0.108637 0.946116 0.305061
vn -0.142178 0.94208 0.30376
vn -0.22442 0.94829 0.224458
vn -0.292454 0.930567 0.220263
vn -0.357397 0.921753 0.150463
vn -0.372857 0.915768 0.149486
vn -0.420567 0.902365 0.0941318
vn -0.331944 0.938208 0.0978708
vn -0.380603 0.923757 0.0425923
vn -0.160135 0.986048 0.0454643
vn -0.231353 0.97245 -0.0285889
vn 0.0797723 0.996383 -0.0292925
vn -0.0202341 0.991469 -0.128761
vn 0.254731 0.958959 -0.124539
vn 0.138744 0.960521 -0.241143
vn 0.33467 0.913972 -0.229457
vn 0.291391 0.916445 -0.274262
vn 0.161778 0.945399 -0.282927
vn 0.189166 0.947806 -0.256671
vn -0.105113 0.959886 -0.259943
vn 0.0233952 0.990384 -0.136354
vn -0.282907 0.950184 -0.130819
vn -0.0922242 0.993495 0.0667955
vn -0.240593 0.96844 0.065111
vn -0.0488197 0.965458 0.255943
vn 0.0318912 0.966119 0.256118
vn 0.134091 0.927359 0.349322
vn 0.345943 0.878029 0.33074
vn 0.340138 0.882481 0.324858
vn 0.526071 0.798083 0.29379
vn 0.474359 0.850618 0.226787
vn 0.442766 0.866374 0.230987
vn 0.313005 0.946231 0.0817051
vn 0.304287 0.949049 0.0819484
vn 0.161553 0.984444 -0.0690776
vn 0.147894 0.986577 -0.0692274
vn 0.0188362 0.980244 -0.196891
vn 0.00746004 0.980391 -0.196921
vn -0.0785763 0.957319 -0.278147
vn -0.114787 0.953941 -0.277166
vn -0.142464 0.942325 -0.302865
vn -0.235768 0.925197 -0.29736
vn -0.203386 0.942241 -0.266113
vn -0.367564 0.894989 -0.252767
vn -0.285987 0.943936 -0.164912
vn -0.500268 0.852952 -0.149017
vn -0.387957 0.921639 -0.00841972
vn -0.536659 0.843764 -0.00770828
vn -0.420197 0.896303 0.14169
vn -0.38024 0.913543 0.144416
vn -0.289787 0.925987 0.242015
vn -0.144377 0.957365 0.250216
vn -0.11748 0.954027 0.275737
vn 0.0839363 0.957289 0.27668
vn 0.0510102 0.967952 0.245901
vn 0.219583 0.945559 0.240212
vn 0.16212 0.969602 0.183274
vn 0.259612 0.94891 0.179363
vn 0.204542 0.971174 0.12241
vn 0.255214 0.959294 0.120913
vn 0.211318 0.974545 0.0748811
vn 0.274754 0.958688 0.0736628
vn 0.231905 0.972337 0.0279502
vn 0.236858 0.971143 0.0279159
vn 0.185013 0.982383 -0.0263473
vn 0.185267 0.982335 -0.0263461
vn 0.131958 0.987951 -0.0808651
vn 0.149618 0.985448 -0.0806602
vn 0.0868623 0.98583 -0.143505
vn 0.0932928 0.985255 -0.143421
vn 0.0307624 0.978423 -0.20431
vn -0.0145515 0.978782 -0.204385
vn -0.052098 0.969349 -0.240102
vn -0.167346 0.956979 -0.237038
vn -0.158449 0.960586 -0.228403
vn -0.322785 0.920801 -0.218943
vn -0.267402 0.950166 -0.160249
vn -0.445022 0.883049 -0.148929
vn -0.357997 0.932624 -0.045281
vn -0.397275 0.91662 -0.044504
vn -0.288902 0.95415 0.0783135
vn -0.171264 0.981923 0.080593
vn -0.116329 0.983852 0.136023
vn 0.149272 0.979479 0.135418
vn 0.097025 0.991815 0.0829967
vn 0.341642 0.936557 0.0783725
vn 0.209587 0.975649 -0.0646715
vn 0.314859 0.94706 -0.0627765
vn 0.146131 0.960491 -0.23686
vn 0.0745679 0.968211 -0.238763
vn -0.0530839 0.933312 -0.355121
vn -0.220155 0.911698 -0.346897
vn -0.254303 0.890172 -0.378053
vn -0.383537 0.850042 -0.36101
vn -0.363862 0.866832 -0.34089
vn -0.267996 0.896582 -0.352589
vn -0.14839 0.959632 -0.238931
vn -0.139835 0.96084 -0.239232
vn -0.00598362 0.994044 -0.108816
vn 0.0131433 0.993976 -0.108808
vn 0.142577 0.989557 0.0211671
vn 0.143756 0.989387 0.0211634
vn 0.243534 0.961888 0.124349
vn 0.22829 0.965558 0.124823
vn 0.288926 0.938642 0.188343
vn 0.27553 0.942506 0.189119
vn 0.297702 0.930738 0.21237
vn 0.310588 0.926727 0.211455
vn 0.29804 0.93376 0.198155
vn 0.359758 0.91272 0.19369
vn 0.32038 0.935305 0.150202
vn 0.267933 0.951249 0.152763
vn 0.182256 0.981201 0.0634596
vn 0.114911 0.991305 0.064113
vn 0.0409884 0.999107 -0.0102094
vn -0.0856447 0.996274 -0.0101805
vn -0.132174 0.989574 -0.0572175
vn -0.239108 0.969374 -0.0560495
vn -0.259919 0.962461 -0.0781656
vn -0.293342 0.95287 -0.0773867
vn -0.303596 0.948673 -0.0885919
vn -0.257625 0.962059 -0.089842
vn -0.270007 0.957328 -0.103049
vn -0.178422 0.978303 -0.105307
vn -0.197008 0.972487 -0.124328
vn -0.113283 0.986577 0.117612
vn -0.183018 0.981995 0.0468054
vn -0.230048 0.972076 0.0463326
vn -0.266342 0.963848 0.00769954
vn -0.361502 0.932341 0.00744785
vn -0.355031 0.934737 0.0148676
vn -0.422398 0.906296 0.0144152
vn -0.390892 0.918965 0.052028
vn -0.380428 0.923332 0.0522753
vn -0.353437 0.93175 0.0832103
vn -0.230579 0.969196 0.0865545
vn -0.245349 0.966831 0.0710111
vn -0.0203492 0.997107 0.0732349
vn -0.09845 0.995129 -0.00505162
vn 0.142962 0.989716 -0.00502414
vn 0.0193536 0.991469 -0.128894
vn 0.300711 0.945757 -0.122952
vn 0.219928 0.953278 -0.207103
vn 0.191427 0.959133 -0.208375
vn 0.177816 0.958737 -0.221821
vn 0.0230083 0.974005 -0.225353
vn 0.10259 0.983618 -0.148222
vn -0.0914074 0.984696 -0.148385
vn 0.0461763 0.998866 -0.0116211
vn -0.0504985 0.998657 -0.0116187
vn 0.0687934 0.991832 0.107407
vn 0.142291 0.984071 0.106567
vn 0.169988 0.976217 0.13455
vn 0.356707 0.925468 0.127555
vn 0.289607 0.955679 0.0529743
vn 0.486479 0.872353 0.0483555
vn 0.367102 0.925057 -0.0974911
vn 0.312494 0.944688 -0.0995599
vn 0.184506 0.955041 -0.232064
vn 0.157476 0.9596 -0.233172
vn 0.0553234 0.942877 -0.328516
vn 0.018143 0.944167 -0.328966
vn -0.066103 0.913309 -0.401867
vn -0.0749172 0.912739 -0.401616
vn -0.142538 0.878062 -0.456825
vn -0.132927 0.879248 -0.457442
vn -0.172517 0.855478 -0.488258
vn -0.184258 0.853629 -0.487203
vn -0.17791 0.857742 -0.482314
vn -0.255332 0.842755 -0.473887
vn -0.188846 0.88806 -0.41915
vn -0.355766 0.845166 -0.398905
vn -0.230148 0.932676 -0.277754
vn -0.409842 0.874214 -0.260344
vn -0.20931 0.976936 -0.0422455
vn -0.298412 0.953546 -0.041234
vn -0.133247 0.982296 0.131685
vn -0.12115 0.983833 0.131891
vn -0.0513923 0.978396 0.20025
vn 0.0515601 0.978387 0.200248
vn 0.0211014 0.985079 0.170807
vn 0.162554 0.972193 0.168572
vn 0.0769595 0.993564 0.0831106
vn 0.205405 0.975271 0.0815804
vn 0.116199 0.993177 -0.00989923
vn 0.211903 0.977242 -0.00974041
vn 0.14862 0.986045 -0.0750191
vn 0.231363 0.970064 -0.0738033
vn 0.186867 0.975045 -0.119866
vn 0.183741 0.97563 -0.119938
vn 0.172102 0.976227 -0.131763
vn 0.131222 0.982445 -0.132602
vn 0.117552 0.982243 -0.146218
vn 0.0868214 0.985366 -0.146683
vn 0.0603026 0.983132 -0.172672
vn 0.030952 0.984452 -0.172904
vn 0.00345329 0.9799 -0.19946
vn -0.0525925 0.97855 -0.199185
vn -0.0508004 0.978994 -0.19746
vn -0.159621 0.967691 -0.19518
vn -0.102177 0.985095 -0.138376
vn -0.26846 0.953925 -0.133997
vn -0.15047 0.988552 -0.0111263
vn -0.358345 0.93353 -0.010507
vn -0.193542 0.966826 0.166702
vn -0.285925 0.944318 0.162821
vn -0.16009 0.944 0.288505
vn -0.112359 0.950279 0.290424
vn -0.0761461 0.943124 0.323604
vn 0.0921367 0.941846 0.323166
vn 0.00950045 0.968925 0.247172
vn 0.203784 0.948636 0.241996
vn 0.0334578 0.996726 0.073607
vn 0.150012 0.985999 0.0728148
vn -0.0413417 0.992032 -0.119011
vn -0.0563822 0.991301 -0.118924
vn -0.173698 0.956583 -0.234049
vn -0.267389 0.93598 -0.229008
vn -0.284094 0.926676 -0.246094
vn -0.375938 0.895601 -0.237842
vn -0.336152 0.921601 -0.194046
vn -0.149611 0.967531 -0.203717
vn -0.0371148 0.994997 -0.0927567
vn -0.00599338 0.995665 -0.092819
vn 0.090251 0.995913 0.00340376
vn 0.142608 0.989774 0.00338278
vn 0.205349 0.976322 0.0680165
vn 0.244881 0.967209 0.0673816
vn 0.268722 0.958739 0.0927769
vn 0.292941 0.951685 0.0920943
vn 0.282714 0.955778 0.0810042
vn 0.303664 0.949376 0.0804616
vn 0.266683 0.962942 0.0402909
vn 0.303828 0.951894 0.0398286
vn 0.248086 0.96852 -0.0205244
vn 0.323991 0.945848 -0.0200439
vn 0.255224 0.962226 -0.0947684
vn 0.181774 0.978606 -0.0963816
vn 0.135101 0.980377 -0.143558
vn 0.0405587 0.988634 -0.144767
vn 0.034517 0.987979 -0.150686
vn -0.130904 0.980061 -0.149478
vn -0.0818617 0.991548 -0.100654
vn -0.259474 0.960812 -0.0975342
vn -0.171123 0.985237 -0.00506665
vn -0.304791 0.952407 -0.00489782
vn -0.206784 0.973295 0.0996868
vn -0.270142 0.95781 0.0981008
vn -0.193613 0.964913 0.177361
vn -0.195403 0.964564 0.177297
vn -0.160726 0.964015 0.211762
vn -0.182132 0.97724 -0.10877
vn -0.241625 0.955379 -0.169905
vn -0.262521 0.95002 -0.168952
vn -0.269006 0.94697 -0.175737
vn -0.349844 0.921081 -0.170933
vn -0.294438 0.949314 -0.110043
vn -0.389214 0.91502 -0.106068
vn -0.292702 0.956198 0.00318622
vn -0.354666 0.934988 0.00311555
vn -0.260975 0.959488 0.106182
vn -0.244567 0.963749 0.106653
vn -0.209292 0.967307 0.143225
vn -0.0973997 0.984512 0.145772
vn -0.148606 0.984368 0.0945301
vn 0.019427 0.995233 0.0955734
vn -0.0962561 0.995153 -0.0201158
vn 0.224759 0.974215 -0.0196925
vn 0.117955 0.984591 -0.1291
vn 0.180862 0.975161 -0.127863
vn 0.133122 0.975405 -0.175681
vn 0.102111 0.97902 -0.176332
vn 0.128586 0.980257 -0.150208
vn 0.0456477 0.987432 -0.151308
vn 0.114334 0.989959 -0.0831248
vn 0.0689522 0.994121 -0.0834743
vn 0.115093 0.992661 -0.03711
vn 0.171432 0.984508 -0.0368052
vn 0.141268 0.987658 -0.0676349
vn 0.289393 0.954974 -0.0653967
vn 0.178688 0.967182 -0.180637
vn 0.363424 0.915788 -0.171039
vn 0.206651 0.920816 -0.330746
vn 0.178886 0.92595 -0.33259
vn 0.103819 0.910903 -0.399346
vn 0.0536603 0.914533 -0.400937
vn 0.00618753 0.897906 -0.440145
vn -0.0648525 0.896033 -0.439226
vn -0.113203 0.871421 -0.477294
vn -0.140954 0.868303 -0.475586
vn -0.197577 0.832092 -0.518254
vn -0.168721 0.836655 -0.521096
vn -0.217139 0.802826 -0.555266
vn -0.168161 0.810737 -0.560738
vn -0.18003 0.802619 -0.568676
vn -0.170958 0.803939 -0.569611
vn -0.115594 0.839038 -0.531652
vn -0.204054 0.826927 -0.523978
vn -0.065384 0.906897 -0.416248
vn -0.191131 0.892087 -0.40945
vn 0.0832838 0.983996 -0.157528
vn -0.132758 0.978687 -0.156678
vn 0.0755927 0.995821 0.0512531
vn -0.0523856 0.997307 0.0513296
vn 0.02925 0.99078 0.132286
vn 0.0212278 0.990981 0.132313
vn -0.0230234 0.995801 0.0886023
vn 0.0769246 0.993114 0.0883632
vn -0.0369472 0.998993 -0.0254409
vn 0.116167 0.992908 -0.0252859
vn 0.00712426 0.990949 -0.13405
vn 0.147725 0.980102 -0.132582
vn 0.0888957 0.977615 -0.1907
vn 0.184862 0.964584 -0.188158
vn 0.167332 0.964234 -0.205553
vn 0.169912 0.963803 -0.205461
vn 0.210263 0.963614 -0.165037
vn 0.117148 0.978862 -0.167648
vn 0.144111 0.979484 -0.140865
vn 0.060601 0.987997 -0.14209
vn 0.0592824 0.98789 -0.143386
vn 0.00348756 0.989624 -0.143638
vn -0.0108039 0.987443 -0.157605
vn -0.0511747 0.986207 -0.157408
vn -0.0379446 0.988784 -0.144455
vn -0.102097 0.984325 -0.143804
vn -0.023489 0.997559 -0.0657565
vn -0.150161 0.986521 -0.0650288
vn 0.00444924 0.995896 0.0903906
vn -0.195515 0.976686 0.088647
vn 0.0134413 0.956414 0.291706
vn -0.160117 0.944159 0.287968
vn -0.0380587 0.916975 0.397125
vn -0.0738861 0.915132 0.396327
vn -0.0485191 0.907302 0.417671
vn 0.00890636 0.908336 0.418147
vn -0.0793296 0.936179 0.342455
vn 0.0315091 0.938672 0.343368
vn -0.138779 0.972989 0.184481
vn -0.04091 0.981673 0.186127
vn -0.213555 0.976853 0.0123672
vn -0.178646 0.983835 0.0124556
vn -0.273327 0.957956 -0.0872515
vn -0.292003 0.952475 -0.0867523
vn -0.297886 0.950045 -0.0931589
vn -0.34122 0.935497 -0.0917323
vn -0.295126 0.954598 -0.0405436
vn -0.037242 0.998406 -0.0424042
vn 0.0334359 0.999041 0.0282704
vn 0.0902157 0.995524 0.0281709
vn 0.132198 0.988707 0.0705784
vn 0.205326 0.97621 0.0696863
vn 0.207538 0.975575 0.071987
vn 0.269207 0.960471 0.0708725
vn 0.232755 0.972007 0.0320382
vn 0.283505 0.95845 0.0315913
vn 0.217889 0.975217 -0.0384318
vn 0.266707 0.96303 -0.0379516
vn 0.18818 0.974753 -0.120188
vn 0.246387 0.961887 -0.118601
vn 0.171889 0.965714 -0.194551
vn 0.251651 0.948757 -0.191135
vn 0.185518 0.948409 -0.257106
vn 0.131843 0.956738 -0.259364
vn 0.140429 0.957701 -0.251173
vn 0.0337748 0.966735 -0.253542
vn 0.0891867 0.975573 -0.200757
vn -0.080602 0.976289 -0.200904
vn 0.0417207 0.995841 -0.0809905
vn -0.170578 0.982102 -0.0798731
vn 0.00153492 0.995619 0.0934886
vn -0.206948 0.974067 0.0914649
vn -0.0320569 0.964174 0.263325
vn -0.190037 0.947091 0.258659
vn -0.0638571 0.925064 0.374404
vn -0.152734 0.916081 0.370768
vn -0.100539 0.903812 0.415952
vn -0.238829 0.944324 -0.2263
vn -0.290002 0.915804 -0.277851
vn -0.262316 0.923418 -0.280161
vn -0.255485 0.927349 -0.273406
vn -0.285147 0.91936 -0.271051
vn -0.201454 0.961538 -0.186711
vn -0.287785 0.940135 -0.182555
vn -0.144555 0.988917 -0.0338635
vn -0.262315 0.964417 -0.0330246
vn -0.120263 0.986152 0.114195
vn -0.210131 0.971184 0.112462
vn -0.137281 0.972933 0.185893
vn -0.14668 0.971608 0.18564
vn -0.168172 0.971974 0.164273
vn -0.0949415 0.981563 0.165893
vn -0.184407 0.979908 0.0759887
vn 0.1186 0.98997 0.0767689
vn 0.00520634 0.999301 -0.0370186
vn 0.135134 0.990148 -0.0366796
vn 0.0666297 0.992181 -0.105537
vn 0.129344 0.986037 -0.104883
vn 0.114623 0.986179 -0.119638
vn 0.113907 0.98626 -0.119648
vn 0.130061 0.986094 -0.103455
vn 0.114552 0.987995 -0.103654
vn 0.117396 0.987956 -0.100802
vn 0.140876 0.984914 -0.100491
vn 0.094149 0.984624 -0.147147
vn 0.179746 0.972909 -0.145396
vn 0.0804831 0.966779 -0.242611
vn 0.212692 0.947733 -0.237831
vn 0.0868024 0.930607 -0.355579
vn 0.105868 0.928883 -0.35492
vn 0.0766808 0.921599 -0.380494
vn 0.00636943 0.924301 -0.38161
vn -0.00978193 0.91849 -0.395322
vn -0.118483 0.912064 -0.392556
vn -0.150343 0.895279 -0.419372
vn -0.210219 0.885336 -0.414715
vn -0.258787 0.851775 -0.455531
vn -0.231995 0.857756 -0.45873
vn -0.275984 0.824536 -0.493937
vn -0.188953 0.842399 -0.504639
vn -0.19765 0.836478 -0.511116
vn -0.116757 0.847475 -0.517836
vn -0.0516791 0.881707 -0.468959
vn -0.0635244 0.881103 -0.468638
vn 0.0953711 0.93719 -0.335529
vn 0.0794336 0.938506 -0.336001
vn 0.333181 0.93924 -0.0825786
vn 0.075403 0.993321 -0.0873334
vn 0.245784 0.965356 0.087629
vn 0.0293886 0.995475 0.0903631
vn 0.0738818 0.988168 0.134409
vn -0.0229036 0.990616 0.134742
vn -0.0994436 0.993314 0.0586311
vn -0.036895 0.997583 0.058883
vn -0.165525 0.98364 -0.0710856
vn 0.00717045 0.997373 -0.0720781
vn -0.0943496 0.980523 -0.172259
vn 0.0892026 0.98099 -0.172341
vn 0.0591591 0.977699 -0.201507
vn 0.167563 0.965567 -0.199007
vn 0.194179 0.965691 -0.172439
vn 0.210014 0.962474 -0.171864
vn 0.282736 0.954388 -0.0959341
vn 0.144848 0.984493 -0.0989601
vn 0.188503 0.980568 -0.0543339
vn 0.05981 0.996681 -0.0552267
vn 0.0540206 0.996674 -0.0610152
vn -0.0109202 0.998072 -0.0611008
vn -0.0479053 0.994044 -0.0978833
vn -0.0381625 0.994462 -0.0979244
vn -0.0558839 0.991736 -0.115482
vn -0.023382 0.993017 -0.115631
vn 0.0262918 0.997449 -0.0663691
vn 0.00445768 0.997784 -0.0663914
vn 0.135148 0.988695 0.0649445
vn 0.0140223 0.997751 0.0655394
vn 0.19616 0.949425 0.245182
vn -0.0401539 0.967455 0.249838
vn 0.0741271 0.932445 0.353625
vn -0.0499388 0.933851 0.354158
vn -0.0150163 0.923043 0.384404
vn -0.077987 0.920335 0.383276
vn -0.133524 0.933031 0.334102
vn -0.133088 0.933086 0.334122
vn -0.24651 0.942555 0.22544
vn -0.20797 0.951303 0.227532
vn -0.315478 0.941853 0.115698
vn -0.272479 0.954983 0.117311
vn -0.326296 0.943438 0.0587808
vn -0.29866 0.952513 0.0593462
vn -0.292566 0.953966 0.0659862
vn -0.294726 0.953304 0.0659404
vn -0.25498 0.960836 0.108536
vn 0.0332381 0.993131 0.112184
vn 0.0478204 0.990803 0.126581
vn 0.131479 0.983327 0.125626
vn 0.120538 0.986064 0.114669
vn 0.206745 0.971846 0.113016
vn 0.161857 0.984544 0.0669028
vn 0.232368 0.97039 0.065941
vn 0.15747 0.987452 -0.0118835
vn 0.218035 0.97587 -0.0117441
vn 0.129125 0.986254 -0.103098
vn 0.188563 0.976739 -0.102104
vn 0.1089 0.977264 -0.181923
vn 0.172367 0.968397 -0.180272
vn 0.118333 0.965215 -0.233147
vn 0.186795 0.954935 -0.230664
vn 0.156169 0.952799 -0.260356
vn 0.140051 0.955128 -0.260992
vn 0.186099 0.958421 -0.216327
vn 0.088824 0.971605 -0.219303
vn 0.169515 0.975552 -0.139864
vn 0.0414352 0.989028 -0.141796
vn 0.174548 0.984617 -0.00786692
vn 0.00154162 0.999967 -0.00798956
vn 0.168112 0.972887 0.158839
vn -0.032796 0.986402 0.161045
vn 0.122268 0.943596 0.307698
vn -0.0654879 0.948688 0.309358
vn 0.0343268 0.917279 0.396762
vn -0.10157 0.913074 0.394943
vn -0.0788632 0.906756 0.414214
vn -0.291852 0.921647 -0.255714
vn -0.33136 0.895793 -0.296236
vn -0.253055 0.918529 -0.303755
vn -0.239702 0.926262 -0.290829
vn -0.196013 0.935569 -0.293751
vn -0.101633 0.973814 -0.203366
vn -0.141645 0.969013 -0.202363
vn 0.0176143 0.998833 -0.0449726
vn -0.120935 0.991656 -0.0446494
vn 0.0372498 0.992825 0.113625
vn -0.138827 0.983894 0.112603
vn -0.04492 0.977744 0.204938
vn -0.166964 0.964993 0.202266
vn -0.158923 0.96466 0.210179
vn -0.180842 0.960967 0.209374
vn -0.232826 0.959777 0.156907
vn 0.00514166 0.986886 0.161339
vn -0.0959614 0.993497 0.0612824
vn 0.0668774 0.995868 0.0614287
vn -0.00752626 0.999887 -0.0129969
vn 0.115442 0.99323 -0.0129104
vn 0.0770605 0.99569 -0.05161
vn 0.130591 0.990107 -0.0513207
vn 0.119613 0.990855 -0.0624363
vn 0.117766 0.991076 -0.0624502
vn 0.111001 0.991403 -0.0692749
vn 0.0949557 0.99306 -0.0693907
vn 0.0703231 0.993083 -0.094027
vn 0.0825948 0.992146 -0.0939383
vn 0.0345085 0.989333 -0.141524
vn 0.091944 0.98573 -0.141009
vn 0.0314597 0.979296 -0.199973
vn 0.0812523 0.976542 -0.19941
vn 0.0731359 0.975552 -0.207242
vn -0.010417 0.978119 -0.207787
vn -0.0199439 0.975993 -0.216885
vn -0.16177 0.96333 -0.214071
vn -0.189553 0.951777 -0.241227
vn -0.282512 0.929863 -0.235673
vn -0.318536 0.907805 -0.272808
vn -0.305253 0.911981 -0.274063
vn -0.327267 0.897182 -0.296582
vn -0.218906 0.926439 -0.306254
vn -0.197184 0.937842 -0.285606
vn -0.0559823 0.955124 -0.290869
vn 0.0430638 0.979302 -0.197769
vn 0.0992566 0.975371 -0.196975
vn 0.263103 0.964308 -0.0297689
vn 0.334181 0.94206 -0.0290821
vn 0.465879 0.8755 0.128282
vn 0.244283 0.959459 0.140584
vn 0.318361 0.922405 0.218668
vn 0.0725584 0.970467 0.230062
vn 0.0487574 0.977055 0.20733
vn -0.097466 0.973561 0.206589
vn -0.20872 0.973325 0.0952603
vn -0.165177 0.981574 0.0960676
vn -0.287797 0.957121 -0.0330602
vn -0.0957248 0.994815 -0.0343622
vn -0.169979 0.979337 -0.109571
vn 0.0600249 0.992007 -0.110988
vn 0.0678796 0.992343 -0.103191
vn 0.196115 0.975322 -0.101421
vn 0.259637 0.96508 -0.034775
vn 0.283877 0.958239 -0.0345285
vn 0.350967 0.935529 0.0401081
vn 0.188615 0.98115 0.042064
vn 0.217251 0.973468 0.0718482
vn 0.0539751 0.995834 0.0734989
vn 0.0172067 0.999175 0.0367961
vn -0.0481039 0.998166 0.0367589
vn -0.13066 0.990338 -0.0464622
vn -0.0561987 0.997323 -0.0467899
vn -0.130331 0.984054 -0.121047
vn 0.0261529 0.99218 -0.122047
vn 0.0116726 0.9906 -0.136291
vn 0.134193 0.981707 -0.135068
vn 0.198934 0.977567 -0.069191
vn 0.201852 0.976972 -0.0691488
vn 0.316195 0.947187 0.0534565
vn 0.0791224 0.995281 0.0561708
vn 0.186621 0.968599 0.164284
vn -0.0160371 0.985792 0.167201
vn 0.0454118 0.973005 0.226273
vn -0.138054 0.964683 0.224337
vn -0.129514 0.963913 0.232588
vn -0.246399 0.942129 0.227331
vn -0.269737 0.941182 0.203516
vn -0.311138 0.928896 0.20086
vn -0.333185 0.926052 0.177245
vn -0.321642 0.92998 0.177997
vn -0.320627 0.930121 0.179087
vn -0.28836 0.940252 0.181038
vn -0.262757 0.942255 0.20764
vn -0.250867 0.94534 0.20832
vn -0.217991 0.945639 0.241342
vn 0.0467142 0.967884 0.247019
vn 0.0131034 0.976485 0.215189
vn 0.118536 0.969683 0.21369
vn 0.0653659 0.984626 0.161986
vn 0.160124 0.974004 0.160239
vn 0.0839544 0.992917 0.0840714
vn 0.156933 0.984088 0.0833239
vn 0.0693662 0.997577 -0.00525195
vn 0.129815 0.991524 -0.00522008
vn 0.0525693 0.995165 -0.082962
vn 0.11037 0.990455 -0.0825693
vn 0.0630369 0.989544 -0.129725
vn 0.120669 0.984271 -0.129034
vn 0.109288 0.98405 -0.140359
vn 0.160169 0.977199 -0.139382
vn 0.174966 0.976681 -0.124425
vn 0.189139 0.974078 -0.124094
vn 0.239562 0.968223 -0.0717877
vn 0.170743 0.982618 -0.072855
vn 0.231262 0.972841 -0.00991126
vn 0.174544 0.984598 -0.010031
vn 0.252694 0.964877 0.0718159
vn 0.169817 0.982757 0.0731467
vn 0.253534 0.954055 0.159686
vn 0.126768 0.978323 0.163748
vn 0.192888 0.954136 0.228954
vn 0.0363653 0.971753 0.233181
vn 0.058675 0.965371 0.254198
vn -0.0838101 0.963634 0.253741
vn -0.121614 0.968428 0.217617
vn -0.33548 0.906932 -0.254809
vn -0.355926 0.892666 -0.276523
vn -0.239972 0.927307 -0.287254
vn -0.216986 0.939548 -0.264892
vn -0.099947 0.95766 -0.269998
vn -0.00487581 0.983736 -0.179557
vn 0.0173456 0.983599 -0.179532
vn 0.163662 0.985941 -0.0336848
vn 0.0374707 0.998715 -0.0341213
vn 0.182131 0.976863 0.112105
vn -0.0455955 0.992446 0.113894
vn 0.0549243 0.975783 0.211736
vn -0.158952 0.964833 0.20936
vn -0.124252 0.962038 0.242992
vn -0.22895 0.943798 0.238385
vn -0.242148 0.943751 0.225164
vn -0.0935406 0.968434 0.231053
vn -0.173671 0.972935 0.152431
vn -0.00743619 0.987921 0.154779
vn -0.0780893 0.993315 0.0850116
vn 0.0768839 0.993409 0.0850196
vn 0.0281774 0.998941 0.0363584
vn 0.119768 0.992145 0.036111
vn 0.0987357 0.995003 0.0148375
vn 0.111256 0.993681 0.0148178
vn 0.111328 0.993672 0.0148901
vn 0.0706282 0.997391 0.0149458
vn 0.0789197 0.996609 0.023281
vn 0.0348499 0.99912 0.0233396
vn 0.0403898 0.998766 0.0288836
vn 0.0320948 0.999067 0.0288923
vn 0.0324269 0.999047 0.0292244
vn 0.0747272 0.996778 0.0291581
vn 0.0655752 0.997648 0.0199663
vn -0.0204261 0.999591 0.0200052
vn -0.0381594 0.999269 0.00225884
vn -0.195321 0.980737 0.00221695
vn -0.219801 0.975265 -0.0233656
vn -0.331011 0.943356 -0.0226011
vn -0.343952 0.93825 -0.0372116
vn -0.342447 0.938799 -0.0372334
vn -0.323933 0.945938 -0.0163985
vn -0.205725 0.978463 -0.0169623
vn -0.131048 0.989567 0.059856
vn 0.0438515 0.997216 0.0603186
vn 0.167013 0.968821 0.183011
vn 0.258955 0.949104 0.179287
vn 0.378315 0.874004 0.30495
vn 0.448947 0.843679 0.294369
vn 0.481677 0.810546 0.33317
vn 0.304108 0.881107 0.362173
vn 0.296211 0.886837 0.354654
vn 0.046285 0.927511 0.37092
vn -0.0410732 0.955157 0.293238
vn -0.200821 0.936488 0.287507
vn -0.326526 0.931669 0.15929
vn -0.284171 0.945061 0.161579
vn -0.38357 0.922084 0.0513428
vn -0.170752 0.98379 0.0547787
vn -0.212075 0.97718 0.0119399
vn 0.0682389 0.997595 0.0121893
vn 0.10429 0.993365 0.0484781
vn 0.259506 0.964593 0.047074
vn 0.330217 0.935705 0.124147
vn 0.348571 0.92914 0.123276
vn 0.384346 0.908495 0.164058
vn 0.214508 0.961176 0.173571
vn 0.211385 0.962436 0.170394
vn 0.0169548 0.984545 0.174309
vn -0.0560096 0.993133 0.102717
vn -0.130119 0.986238 0.102004
vn -0.248239 0.968486 -0.0202948
vn -0.131268 0.991129 -0.0207693
vn -0.247884 0.95847 -0.141027
vn 0.0116571 0.989281 -0.14556
vn -0.0641551 0.973639 -0.218887
vn 0.194742 0.956969 -0.215139
vn 0.188336 0.956806 -0.221475
vn 0.309281 0.926474 -0.214454
vn 0.351805 0.920748 -0.168693
vn 0.186202 0.966425 -0.177062
vn 0.281408 0.956406 -0.0780892
vn 0.0464667 0.995607 -0.0812899
vn 0.133476 0.991032 0.00630609
vn -0.133164 0.991074 0.00630636
vn -0.0576453 0.994933 0.0823681
vn -0.274635 0.95827 0.0793328
vn -0.210077 0.966577 0.146959
vn -0.335133 0.931466 0.141621
vn -0.274422 0.939219 0.206299
vn -0.319089 0.925658 0.203321
vn -0.258654 0.928764 0.265508
vn -0.258972 0.928682 0.265485
vn -0.205666 0.925802 0.317164
vn -0.213072 0.924301 0.31665
vn -0.175983 0.919659 0.351079
vn 0.0125355 0.934167 0.356617
vn -0.0507011 0.952544 0.300149
vn 0.063191 0.951864 0.299935
vn -0.0173819 0.974222 0.224923
vn 0.0821079 0.971079 0.224197
vn -0.0108638 0.990905 0.134126
vn 0.0687433 0.988619 0.133817
vn -0.0154898 0.998617 0.0502421
vn 0.0526847 0.99735 0.0501783
vn -3.20076e-05 0.999997 -0.00254505
vn 0.0635739 0.997974 -0.0025399
vn 0.052992 0.998508 -0.0131571
vn 0.110371 0.993804 -0.0130952
vn 0.135348 0.990722 0.0122646
vn 0.176324 0.984257 0.0121845
vn 0.219183 0.974032 0.0567487
vn 0.239799 0.969179 0.056466
vn 0.267441 0.959738 0.0858941
vn 0.230402 0.969222 0.0867428
vn 0.248072 0.962998 0.105335
vn 0.251942 0.962005 0.105226
vn 0.259241 0.959184 0.112956
vn 0.255182 0.960258 0.113082
vn 0.247313 0.963255 0.10477
vn 0.197035 0.974648 0.106009
vn 0.164233 0.983764 0.0723561
vn 0.060505 0.995479 0.0732177
vn -0.00566674 0.999959 0.00710315
vn -0.124597 0.992182 0.00704791
vn -0.214092 0.97311 -0.0849776
vn -0.356101 0.893105 -0.274873
vn -0.354447 0.894303 -0.27311
vn -0.215678 0.933887 -0.285198
vn -0.175988 0.95292 -0.246925
vn -0.00479791 0.968017 -0.250837
vn 0.0946298 0.983325 -0.1553
vn 0.161803 0.974742 -0.153944
vn 0.291629 0.956359 -0.0181628
vn 0.183254 0.982888 -0.0186667
vn 0.309094 0.944034 0.115155
vn 0.0557863 0.991096 0.120896
vn 0.157543 0.962517 0.220775
vn -0.1249 0.967056 0.221816
vn -0.0693188 0.959075 0.274536
vn -0.239494 0.933409 0.26719
vn -0.222895 0.932733 0.283421
vn -0.168353 0.943147 0.286586
vn -0.233225 0.946437 0.223302
vn -0.076291 0.970441 0.228965
vn -0.143701 0.976052 0.163321
vn 0.0278097 0.985907 0.16497
vn -0.0275856 0.993479 0.110628
vn 0.0981459 0.989059 0.110136
vn 0.0701537 0.994143 0.082205
vn 0.110966 0.990444 0.0818991
vn 0.113277 0.989987 0.0842239
vn 0.0786587 0.993313 0.0845069
vn 0.102638 0.988788 0.10846
vn 0.0401662 0.993236 0.108948
vn 0.0711653 0.987653 0.13956
vn 0.032122 0.989653 0.139843
vn 0.0596127 0.984197 0.16674
vn 0.0646707 0.983887 0.166687
vn 0.0465568 0.987745 0.148973
vn -0.0377334 0.988113 0.149029
vn -0.0624202 0.990224 0.124741
vn -0.21822 0.968247 0.121972
vn -0.233204 0.966589 0.106406
vn -0.342366 0.933925 0.10281
vn -0.326733 0.937452 0.120124
vn -0.321622 0.939189 0.120347
vn -0.258538 0.947647 0.187411
vn -0.128831 0.972825 0.19239
vn -0.0134689 0.95342 0.301345
vn 0.162197 0.940881 0.297382
vn 0.275632 0.873562 0.401145
vn 0.366058 0.845689 0.388345
vn 0.44299 0.767586 0.463219
vn 0.453472 0.763085 0.460503
vn 0.44277 0.775584 0.449916
vn 0.277563 0.831006 0.482066
vn 0.220652 0.872761 0.435431
vn -0.03845 0.894154 0.446104
vn -0.161446 0.926275 0.340515
vn -0.312478 0.891588 0.327764
vn -0.429249 0.880131 0.202766
vn -0.375671 0.903097 0.208056
vn -0.449445 0.884869 0.1225
vn -0.210176 0.968428 0.134068
vn -0.227148 0.966862 0.116539
vn 0.103671 0.987464 0.119023
vn 0.148029 0.975426 0.163194
vn 0.328726 0.931479 0.155841
vn 0.385018 0.896647 0.218599
vn 0.380161 0.898601 0.219075
vn 0.386735 0.893947 0.226484
vn 0.208241 0.948122 0.240209
vn 0.177047 0.961653 0.209471
vn -0.0550213 0.975608 0.212511
vn -0.149487 0.981496 0.119659
vn -0.246577 0.962 0.117282
vn -0.368982 0.929272 -0.0175024
vn -0.250345 0.967985 -0.0182316
vn -0.371415 0.915978 -0.151773
vn -0.0648689 0.984471 -0.163122
vn -0.168651 0.949817 -0.263446
vn 0.186355 0.94674 -0.262592
vn 0.133564 0.940505 -0.312426
vn 0.340885 0.892168 -0.296369
vn 0.333481 0.892415 -0.30395
vn 0.268311 0.911892 -0.310583
vn 0.34813 0.909055 -0.228962
vn 0.129505 0.961549 -0.242184
vn 0.226569 0.963037 -0.145694
vn -0.0571932 0.98713 -0.149339
vn 0.0604918 0.997635 -0.0326351
vn -0.212275 0.976688 -0.0319499
vn -0.0851829 0.991545 0.0978852
vn -0.279205 0.955586 0.0943354
vn -0.154065 0.962736 0.22227
vn -0.261884 0.940363 0.217105
vn -0.151002 0.933719 0.324603
vn -0.205359 0.924418 0.32137
vn -0.123175 0.910192 0.395448
vn -0.172865 0.903368 0.392483
vn -0.121117 0.891397 0.43674
vn -0.0477438 0.896984 0.439477
vn -0.123196 0.918509 0.375717
vn -0.0165114 0.925434 0.37855
vn -0.111808 0.949403 0.293485
vn -0.0104739 0.955341 0.295321
vn -0.113778 0.973604 0.197863
vn -0.0151987 0.979855 0.199133
vn -0.0986622 0.988161 0.117486
vn -3.17838e-05 0.993006 0.118062
vn -0.0411106 0.996155 0.077358
vn 0.052838 0.995606 0.0773153
vn 0.0585575 0.994826 0.0830157
vn 0.134898 0.987427 0.0823983
vn 0.171253 0.977983 0.119255
vn 0.217999 0.968773 0.118132
vn 0.262346 0.95088 0.164324
vn 0.264789 0.950222 0.164211
vn 0.267836 0.948809 0.167407
vn 0.245896 0.954552 0.168421
vn 0.230059 0.961226 0.152042
vn 0.257922 0.954302 0.150946
vn 0.216324 0.97038 0.107546
vn 0.247261 0.963053 0.106734
vn 0.175962 0.983864 0.0323979
vn 0.164578 0.98583 0.0324627
vn 0.0631389 0.995527 -0.070276
vn -0.00565281 0.997502 -0.0704154
vn -0.120337 0.975593 -0.183678
vn -0.211326 0.96054 -0.180844
vn -0.307362 0.909931 -0.278486
vn -0.357176 0.901188 -0.245531
vn -0.273518 0.949143 -0.155932
vn -0.179287 0.970783 -0.159487
vn -0.0937067 0.992886 -0.0734563
vn 0.0955333 0.992713 -0.0734434
vn 0.157955 0.987395 -0.0101169
vn 0.291663 0.956471 -0.00980004
vn 0.327233 0.944481 0.0295488
vn 0.311027 0.949936 0.0297195
vn 0.34237 0.937328 0.0647966
vn 0.161154 0.984579 0.068063
vn 0.209913 0.970555 0.118148
vn -0.0715631 0.990127 0.120531
vn -0.000697194 0.981825 0.189786
vn -0.228424 0.955868 0.184768
vn -0.149932 0.953308 0.262153
vn -0.231168 0.93809 0.257969
vn -0.225191 0.937908 0.26385
vn -0.140323 0.953109 0.268127
vn -0.161138 0.95521 0.248212
vn -0.0268645 0.967508 0.251408
vn -0.0685437 0.974895 0.211853
vn 0.0687942 0.974878 0.211849
vn 0.0258542 0.985036 0.1704
vn 0.112039 0.979161 0.169384
vn 0.0855183 0.985983 0.143263
vn 0.102186 0.984428 0.143037
vn 0.0980874 0.985425 0.13898
vn 0.0711679 0.98769 0.139299
vn 0.0816654 0.985363 0.149636
vn 0.0597762 0.986897 0.149869
vn 0.0700767 0.984632 0.159963
vn 0.0464742 0.985992 0.160184
vn 0.0164474 0.991277 0.130767
vn -0.0623733 0.98948 0.13053
vn -0.0691557 0.989891 0.123828
vn -0.23282 0.964999 0.120714
vn -0.185746 0.967976 0.168878
vn -0.324739 0.93173 0.162555
vn -0.224155 0.937504 0.266159
vn -0.253852 0.930472 0.264162
vn -0.124976 0.914722 0.384271
vn -0.0130233 0.921872 0.387275
vn 0.0850323 0.880066 0.467177
vn 0.268462 0.85084 0.451662
vn 0.297704 0.827584 0.475896
vn 0.447429 0.775277 0.445818
vn 0.43514 0.789133 0.433499
vn 0.447471 0.783818 0.43058
vn 0.346527 0.878981 0.327585
vn 0.230523 0.911802 0.339817
vn 0.10619 0.969164 0.22236
vn -0.167482 0.960908 0.220466
vn -0.237903 0.959705 0.14956
vn -0.434117 0.890113 0.138714
vn -0.429747 0.891406 0.143918
vn -0.448236 0.882488 0.142478
vn -0.406749 0.893306 0.191207
vn -0.223898 0.953026 0.203989
vn -0.178946 0.951968 0.248466
vn 0.145281 0.95732 0.249863
vn 0.147405 0.956463 0.251893
vn 0.383492 0.893092 0.235203
vn 0.351825 0.914452 0.19999
vn 0.389288 0.899848 0.196796
vn 0.30905 0.945019 0.106896
vn 0.179954 0.977442 0.110563
vn 0.103141 0.994134 0.0325657
vn -0.15049 0.988081 0.0323675
vn -0.194307 0.980857 -0.0127863
vn -0.369012 0.929346 -0.0121148
vn -0.386279 0.921817 -0.0322727
vn -0.375571 0.926226 -0.032427
vn -0.395815 0.916607 -0.056235
vn -0.174509 0.982808 -0.0602965
vn -0.226186 0.967418 -0.113762
vn 0.139659 0.983424 -0.115644
vn 0.0503009 0.977775 -0.203535
vn 0.343572 0.919418 -0.191387
vn 0.243205 0.924179 -0.294524
vn 0.342773 0.895065 -0.285246
vn 0.323183 0.895735 -0.305305
vn 0.217362 0.923899 -0.314904
vn 0.245113 0.925675 -0.288176
vn 0.0577978 0.953206 -0.296747
vn 0.149562 0.966232 -0.209828
vn -0.0836582 0.973797 -0.211471
vn 0.0596294 0.995688 -0.0710565
vn -0.157627 0.984994 -0.0702933
vn 0.0056891 0.99556 0.0939592
vn -0.158958 0.982917 0.092766
vn -0.0107597 0.971214 0.237967
vn -0.130319 0.962987 0.235952
vn -0.0195041 0.940823 0.338337
vn -0.126824 0.933404 0.335669
vn -0.0463017 0.912724 0.405945
vn -0.121642 0.906919 0.403363
vn -0.158578 0.91496 0.371081
vn -0.108488 0.921216 0.373618
vn -0.165978 0.932132 0.321841
vn -0.109796 0.939528 0.324395
vn -0.172844 0.948494 0.26549
vn -0.0957074 0.958567 0.268309
vn -0.144311 0.964332 0.221895
vn -0.0401858 0.973746 0.224061
vn -0.0657261 0.977673 0.199587
vn 0.0575769 0.978167 0.199688
vn 0.0481047 0.980497 0.190554
vn 0.169408 0.967445 0.188017
vn 0.159343 0.97104 0.178022
vn 0.261903 0.949273 0.174031
vn 0.239245 0.959232 0.150451
vn 0.268627 0.95161 0.149256
vn 0.205872 0.975004 0.0835666
vn 0.231961 0.969172 0.0830668
vn 0.156993 0.987586 0.00526998
vn 0.217583 0.976028 0.00520831
vn 0.117729 0.988267 -0.0973091
vn 0.175233 0.979789 -0.0964743
vn 0.0562737 0.975177 -0.214155
vn 0.0618279 0.974856 -0.214084
vn -0.0481336 0.947442 -0.316286
vn -0.116208 0.942115 -0.314508
vn -0.182069 0.909578 -0.373521
vn -0.298245 0.882941 -0.362582
vn -0.311152 0.873337 -0.374789
vn -0.275298 0.955323 -0.107559
vn -0.181848 0.983284 -0.00919997
vn -0.0939564 0.995533 -0.00931458
vn -0.0306847 0.99806 0.054172
vn 0.157736 0.98603 0.053519
vn 0.167119 0.983914 0.0631258
vn 0.326776 0.943163 0.0605113
vn 0.301578 0.952885 0.0325676
vn 0.342914 0.938819 0.0320868
vn 0.315975 0.948766 0.00185446
vn 0.211394 0.977399 0.00191042
vn 0.213756 0.976877 0.00438506
vn -0.000710093 0.99999 0.00448881
vn 0.0488787 0.997341 0.0540638
vn -0.155143 0.986444 0.0534731
vn -0.074795 0.98813 0.134178
vn -0.231456 0.963998 0.130901
vn -0.188031 0.966405 0.17523
vn -0.163747 0.970675 0.176005
vn -0.148567 0.970273 0.191044
vn -0.0688208 0.978835 0.19273
vn -0.082687 0.980321 0.17926
vn 0.0258103 0.983362 0.179816
vn -0.00495527 0.988691 0.149885
vn 0.0854407 0.985088 0.149339
vn 0.054521 0.991417 0.11883
vn 0.0983516 0.98808 0.11843
vn 0.0778297 0.992139 0.0979907
vn 0.0821981 0.99179 0.0979562
vn 0.0710364 0.993688 0.0868246
vn 0.0707227 0.99371 0.0868266
vn 0.0589198 0.995437 0.0750517
vn 0.016543 0.997033 0.075172
vn -0.0125137 0.998853 0.0462224
vn -0.0696179 0.996507 0.0461138
vn -0.0697426 0.996504 0.0459888
vn -0.18826 0.981075 0.0452768
vn -0.137261 0.985736 0.0973853
vn -0.231477 0.968127 0.0956457
vn -0.139895 0.972048 0.188552
vn -0.132937 0.972989 0.188735
vn -0.0404053 0.960026 0.276981
vn 0.0924364 0.956697 0.27602
vn 0.131871 0.940754 0.312396
vn 0.323086 0.898145 0.298247
vn 0.297431 0.915142 0.272122
vn 0.467288 0.847434 0.251988
vn 0.403011 0.898352 0.174775
vn 0.3609 0.91544 0.1781
vn 0.231831 0.972024 0.0377313
vn 0.108836 0.993312 0.0385577
vn 0.0136763 0.998283 -0.0569533
vn -0.240241 0.969137 -0.0552905
vn -0.24801 0.966672 -0.0635305
vn -0.433508 0.89921 -0.0590968
vn -0.384953 0.922936 -0.000662721
vn -0.414394 0.910097 -0.000653502
vn -0.345636 0.935001 0.0794265
vn -0.184099 0.97938 0.0831965
vn -0.138345 0.981864 0.129628
vn 0.151036 0.980024 0.129385
vn 0.132202 0.985051 0.110439
vn 0.35713 0.928239 0.10407
vn 0.298779 0.953532 0.0388232
vn 0.310599 0.949754 0.0386693
vn 0.23646 0.970755 -0.0414827
vn 0.103103 0.993764 -0.0424659
vn 0.060911 0.994537 -0.0847709
vn -0.193647 0.977527 -0.083321
vn -0.183478 0.980322 -0.0728365
vn -0.385576 0.92014 -0.068365
vn -0.350038 0.936339 -0.0272431
vn -0.396301 0.917732 -0.0267018
vn -0.367575 0.929968 0.00695136
vn -0.227658 0.973714 0.00727836
vn -0.237996 0.971259 -0.00365249
vn 0.0513759 0.998672 -0.00375558
vn -0.0178597 0.997179 -0.0729087
vn 0.25386 0.964666 -0.0705315
vn 0.151014 0.972722 -0.176087
vn 0.334572 0.927299 -0.167864
vn 0.282007 0.933011 -0.223524
vn 0.249372 0.941759 -0.225619
vn 0.240059 0.941885 -0.234997
vn 0.148519 0.959497 -0.239391
vn 0.1969 0.961478 -0.191811
vn 0.0586293 0.978989 -0.195304
vn 0.154494 0.982874 -0.100448
vn 0.00568477 0.994802 -0.101667
vn 0.119159 0.992802 0.0120232
vn -0.0110772 0.999865 0.0121088
vn 0.0877778 0.989966 0.110734
vn -0.0205981 0.993591 0.11114
vn 0.0479283 0.982819 0.178238
vn -0.0498529 0.982727 0.178221
vn -0.00255338 0.974666 0.22365
vn -0.166567 0.961053 0.220526
vn -0.182656 0.961637 0.204672
vn -0.171579 0.963587 0.205087
vn -0.197585 0.963776 0.179155
vn -0.176353 0.967749 0.179894
vn -0.204183 0.967088 0.15182
vn -0.146248 0.977279 0.15342
vn -0.169141 0.976925 0.13042
vn -0.0664884 0.989013 0.132033
vn -0.0850639 0.989875 0.113631
vn 0.0486837 0.992298 0.113909
vn 0.0278493 0.995251 0.0932687
vn 0.161242 0.98261 0.092084
vn 0.131107 0.989461 0.0614677
vn 0.241561 0.968518 0.0601667
vn 0.199217 0.97983 0.0157032
vn 0.206569 0.978306 0.0156788
vn 0.156983 0.98696 -0.0355965
vn 0.156895 0.986974 -0.035597
vn 0.10494 0.990555 -0.0882508
vn 0.11783 0.989116 -0.0881226
vn 0.0514597 0.986731 -0.153996
vn 0.0569235 0.986438 -0.15395
vn -0.0179935 0.973917 -0.226191
vn -0.0494262 0.972884 -0.225951
vn -0.108896 0.953256 -0.281859
vn -0.188512 0.941766 -0.278462
vn -0.208636 0.93161 -0.297615
vn -0.321378 0.902039 -0.288169
vn -0.29726 0.917725 -0.263473
vn -0.181425 0.980993 0.0688284
vn -0.0919961 0.98302 0.158774
vn -0.0303371 0.986752 0.159377
vn -0.00181835 0.982349 0.187049
vn 0.164579 0.968955 0.184499
vn 0.114362 0.984279 0.134597
vn 0.299206 0.94539 0.129279
vn 0.200935 0.979288 0.0249162
vn 0.315884 0.948491 0.0241327
vn 0.217301 0.972664 -0.0818856
vn 0.213039 0.9736 -0.0819644
vn 0.16491 0.977532 -0.131286
vn 0.0485157 0.989935 -0.132951
vn 0.0791432 0.991567 -0.102623
vn -0.0750788 0.99188 -0.102655
vn 0.0131444 0.999806 -0.0146526
vn -0.190966 0.981491 -0.0143842
vn -0.0984084 0.991921 0.0800504
vn -0.150875 0.985349 0.0795201
vn -0.0907604 0.986013 0.13979
vn -0.0832221 0.986665 0.139882
vn -0.0630944 0.985152 0.159668
vn -0.00494732 0.987107 0.159985
vn -0.020499 0.98925 0.144791
vn 0.0543329 0.987996 0.144608
vn 0.0177703 0.993928 0.108587
vn 0.0777463 0.991076 0.108276
vn 0.035379 0.997186 0.0660968
vn 0.0711504 0.995282 0.0659706
vn 0.0296482 0.999261 0.0244476
vn 0.0590689 0.997955 0.0244157
vn 0.0138261 0.999686 -0.0208873
vn -0.0125243 0.999703 -0.0208876
vn -0.0483666 0.997218 -0.0567091
vn -0.0697044 0.995959 -0.0566374
vn -0.0685841 0.996099 -0.0555153
vn -0.137707 0.988938 -0.0551162
vn -0.0870291 0.996198 -0.00383245
vn -0.142449 0.989795 -0.00380781
vn -0.0675228 0.995126 0.0718647
vn -0.0419415 0.996525 0.0719657
vn 0.0035297 0.99312 0.117048
vn 0.137883 0.98364 0.11593
vn 0.106301 0.990763 0.0841895
vn 0.308091 0.947941 0.0805506
vn 0.198321 0.979447 -0.0367818
vn 0.409071 0.91186 -0.0342437
vn 0.248066 0.945365 -0.211538
vn 0.226689 0.950463 -0.212678
vn 0.107406 0.939016 -0.32667
vn 0.0129381 0.9444 -0.328543
vn -0.0247747 0.931945 -0.361752
vn -0.232614 0.906659 -0.351937
vn -0.186587 0.932477 -0.309308
vn -0.36809 0.882506 -0.292732
vn -0.282431 0.937701 -0.20236
vn -0.339839 0.91932 -0.198393
vn -0.252324 0.962004 -0.104311
vn -0.138725 0.98456 -0.106756
vn -0.0985395 0.992922 -0.066299
vn 0.132725 0.988951 -0.0660338
vn 0.0975101 0.990048 -0.101469
vn 0.297585 0.949721 -0.0973361
vn 0.223974 0.958805 -0.174724
vn 0.233039 0.956712 -0.174343
vn 0.203983 0.957537 -0.20375
vn 0.0597973 0.976352 -0.207754
vn 0.0766194 0.978494 -0.191518
vn -0.180654 0.965232 -0.188923
vn -0.10924 0.987023 -0.117695
vn -0.348004 0.930898 -0.111003
vn -0.255701 0.966708 -0.00958219
vn -0.367569 0.929951 -0.00921784
vn -0.290323 0.953808 0.077221
vn -0.237266 0.968277 0.0783924
vn -0.211769 0.971664 0.104993
vn -0.0178037 0.994055 0.107412
vn -0.0666851 0.996041 0.0587812
vn 0.153151 0.986487 0.0582173
vn 0.053108 0.997667 -0.0429012
vn 0.289083 0.95642 -0.0411276
vn 0.204753 0.970117 -0.130187
vn 0.244913 0.960931 -0.128954
vn 0.202381 0.963965 -0.172666
vn 0.197606 0.964924 -0.172838
vn 0.209179 0.964515 -0.161107
vn 0.153207 0.97469 -0.162807
vn 0.206417 0.972391 -0.108851
vn 0.118438 0.986798 -0.110464
vn 0.182157 0.982208 -0.0456799
vn 0.0882263 0.995025 -0.046276
vn 0.131729 0.991283 -0.00226733
vn 0.0487081 0.99881 -0.00228455
vn 0.060293 0.998137 0.00933478
vn -0.00261962 0.999953 0.00935177
vn -0.0107196 0.999942 0.00125162
vn -0.186607 0.982434 0.00122971
vn -0.196003 0.980566 -0.00852369
vn -0.200827 0.97959 -0.0085152
vn -0.205169 0.97864 -0.0130445
vn -0.206561 0.978347 -0.0130406
vn -0.206638 0.97833 -0.013121
vn -0.170583 0.985255 -0.0132139
vn -0.17315 0.984768 -0.0158585
vn -0.0856074 0.9962 -0.0160426
vn -0.100296 0.994479 -0.0308516
vn 0.0279578 0.999129 -0.0309959
vn -0.0044491 0.997982 -0.0633352
vn 0.131097 0.989379 -0.0627892
vn 0.0848423 0.990388 -0.109241
vn 0.198087 0.974276 -0.107464
vn 0.145974 0.976233 -0.160192
vn 0.155059 0.974868 -0.159968
vn 0.144935 0.97472 -0.170044
vn 0.103801 0.9798 -0.17093
vn 0.0967775 0.979294 -0.177812
vn 0.0512453 0.98262 -0.178415
vn 0.0343765 0.980254 -0.194731
vn -0.0181183 0.980673 -0.194814
vn -0.0417069 0.975188 -0.217415
vn -0.110812 0.970026 -0.216264
vn -0.120955 0.966581 -0.226032
vn -0.213062 0.951372 -0.222476
vn -0.188944 0.961724 -0.19846
vn -0.302376 0.933519 -0.19264
vn -0.236 0.963978 -0.122684
vn -0.0915997 0.978783 0.183283
vn -0.0199183 0.96757 0.251815
vn -0.00179135 0.967761 0.251865
vn -0.00192616 0.967793 0.251738
vn 0.111743 0.961734 0.250162
vn 0.0192613 0.986721 0.161277
vn 0.19847 0.967272 0.158098
vn 0.0430158 0.999074 0.00131691
vn 0.218033 0.975941 0.00128642
vn 0.0661672 0.986036 -0.152822
vn 0.16444 0.97475 -0.151072
vn 0.0850365 0.969739 -0.228854
vn 0.077449 0.970341 -0.228996
vn 0.0981125 0.972948 -0.209156
vn 0.0128523 0.977584 -0.210153
vn 0.107967 0.987218 -0.117235
vn -0.098043 0.988238 -0.117356
vn 0.0328651 0.999371 0.0133342
vn -0.0916523 0.995702 0.0132852
vn 0.00281418 0.994191 0.107592
vn -0.0635448 0.992186 0.107375
vn -0.0168501 0.988028 0.153354
vn -0.0204723 0.987961 0.153343
vn -0.022333 0.988201 0.151525
vn 0.0176696 0.988293 0.151539
vn -0.0208831 0.9933 0.113665
vn 0.035227 0.9929 0.113619
vn -0.0231409 0.998181 0.0556679
vn 0.0296111 0.998011 0.0556584
vn -0.0368046 0.999265 -0.0107246
vn 0.0138283 0.999847 -0.0107309
vn -0.0605661 0.994539 -0.0849949
vn -0.048269 0.995207 -0.0850519
vn -0.0949205 0.986776 -0.131392
vn -0.0680919 0.988951 -0.131681
vn -0.0715858 0.988239 -0.13513
vn -0.0862333 0.98709 -0.134972
vn -0.0397616 0.995246 -0.0889034
vn -0.0674306 0.993767 -0.0887713
vn -0.0058534 0.99961 -0.0273196
vn 0.00355281 0.99962 -0.0273199
vn 0.0194711 0.999745 -0.0114054
vn 0.106673 0.994229 -0.0113425
vn 0.0313658 0.995729 -0.0868275
vn 0.197735 0.97655 -0.0851551
vn 0.0332383 0.968373 -0.247283
vn 0.246404 0.939034 -0.239791
vn 0.0335673 0.90084 -0.432853
vn 0.102554 0.896595 -0.430813
vn 0.0184652 0.867287 -0.497466
vn -0.0230536 0.867204 -0.497419
vn -0.0266424 0.865555 -0.500105
vn -0.170714 0.853152 -0.492939
vn -0.103142 0.89203 -0.440051
vn -0.26077 0.865784 -0.427104
vn -0.162061 0.926346 -0.34003
vn -0.239085 0.91153 -0.334592
vn -0.152041 0.955664 -0.252171
vn -0.0955187 0.962484 -0.253971
vn -0.0613119 0.973224 -0.221532
vn 0.0955939 0.970593 -0.220933
vn 0.0683288 0.966628 -0.246905
vn 0.220747 0.944991 -0.241378
vn 0.170658 0.941727 -0.289872
vn 0.199509 0.936534 -0.288273
vn 0.22926 0.938171 -0.259375
vn 0.0752581 0.961109 -0.265716
vn 0.141631 0.969057 -0.202163
vn -0.107713 0.973229 -0.203034
vn 0.0015461 0.995386 -0.0959444
vn -0.25461 0.962583 -0.0927825
vn -0.132322 0.990616 0.0342183
vn -0.291034 0.956143 0.0330275
vn -0.193566 0.97165 0.135751
vn -0.210989 0.968086 0.135253
vn -0.171103 0.969472 0.175636
vn -0.0657353 0.981854 0.177879
vn -0.0978439 0.984375 0.146396
vn 0.0525803 0.987753 0.146899
vn -0.0328172 0.997509 0.0624326
vn 0.206124 0.976615 0.0611249
vn 0.106384 0.993475 -0.041118
vn 0.205299 0.977862 -0.0404719
vn 0.145388 0.984108 -0.101953
vn 0.21087 0.97231 -0.100731
vn 0.201923 0.973208 -0.109965
vn 0.206394 0.972282 -0.109861
vn 0.233024 0.968994 -0.0821609
vn 0.181717 0.979835 -0.0830801
vn 0.210519 0.976137 -0.0532789
vn 0.131537 0.989838 -0.0540267
vn 0.130786 0.989896 -0.0547889
vn 0.0602038 0.996661 -0.0551633
vn 0.0195551 0.995223 -0.0956457
vn -0.0106705 0.995357 -0.0956586
vn -0.0743029 0.98458 -0.158371
vn -0.193616 0.968627 -0.155805
vn -0.213229 0.961072 -0.175712
vn -0.201979 0.96342 -0.176141
vn -0.202482 0.963221 -0.176651
vn -0.203407 0.963033 -0.176616
vn -0.190667 0.967902 -0.163741
vn -0.170817 0.971499 -0.16435
vn -0.159452 0.975284 -0.15296
vn -0.0991443 0.983056 -0.154179
vn -0.104008 0.981789 -0.158972
vn -0.00440074 0.987134 -0.159837
vn -0.0306946 0.982192 -0.185353
vn 0.0838832 0.979192 -0.184787
vn 0.0460079 0.974126 -0.221272
vn 0.144287 0.964955 -0.219189
vn 0.109738 0.961382 -0.252392
vn 0.142356 0.957373 -0.25134
vn 0.17628 0.959802 -0.218415
vn 0.095916 0.970576 -0.220866
vn 0.129102 0.973523 -0.188642
vn 0.0344082 0.981157 -0.190121
vn 0.0538019 0.983745 -0.171319
vn -0.0420965 0.984299 -0.171416
vn -0.0338913 0.985973 -0.16343
vn -0.122522 0.979106 -0.162292
vn -0.104912 0.983872 -0.144875
vn -0.190797 0.971157 -0.143003
vn -0.141229 0.985625 -0.0927226
vn -0.23681 0.967285 -0.0909973
vn -0.144825 0.989448 0.00432834
vn -0.0202376 0.983081 0.182052
vn 0.0340858 0.971634 0.23402
vn -0.00193491 0.972197 0.234156
vn -0.0124051 0.974456 0.224234
vn 0.0190199 0.974355 0.224211
vn -0.0793719 0.98849 0.128796
vn 0.042656 0.990716 0.129086
vn -0.115945 0.992822 -0.0293313
vn 0.0669245 0.997323 -0.0294642
vn -0.0835698 0.980416 -0.178325
vn 0.0859552 0.980217 -0.178288
vn 0.00890786 0.967697 -0.25196
vn 0.0971255 0.96316 -0.250779
vn 0.118336 0.965841 -0.230537
vn 0.10578 0.967219 -0.230866
vn 0.200177 0.970069 -0.137461
vn 0.0325433 0.989585 -0.140226
vn 0.169506 0.985526 -0.00255498
vn 0.0028306 0.999993 -0.00259249
vn 0.104503 0.989571 0.0991359
vn -0.0169669 0.994876 0.0996674
vn 0.0382506 0.98733 0.154
vn -0.0223241 0.987807 0.154075
vn -0.0165044 0.987019 0.159754
vn -0.0207494 0.986941 0.159741
vn -0.0554205 0.990516 0.125724
vn -0.0229925 0.991778 0.125884
vn -0.0830847 0.994343 0.0661766
vn -0.0367256 0.99712 0.0663614
vn -0.110055 0.993899 -0.00730123
vn -0.0607844 0.998124 -0.00733227
vn -0.144931 0.985139 -0.0921738
vn -0.095338 0.991116 -0.092733
vn -0.149948 0.977648 -0.147378
vn -0.0714454 0.986301 -0.148683
vn -0.0815503 0.983968 -0.158605
vn -0.0394117 0.98649 -0.159011
vn 0.00314735 0.993097 -0.117253
vn -0.0058152 0.993085 -0.117252
vn 0.0557772 0.996867 -0.056084
vn 0.0194416 0.998232 -0.0561608
vn 0.0416295 0.998555 -0.0339974
vn 0.0314665 0.998926 -0.03401
vn -0.0298563 0.995022 -0.0950769
vn 0.0341483 0.994885 -0.0950639
vn -0.108309 0.966233 -0.2338
vn 0.0361933 0.971314 -0.235029
vn -0.145278 0.905727 -0.398186
vn 0.0194867 0.915266 -0.40238
vn -0.0501209 0.887034 -0.458975
vn -0.0273277 0.887819 -0.459381
vn -0.0324917 0.885536 -0.463434
vn -0.101912 0.881391 -0.461264
vn -0.0494344 0.906608 -0.419068
vn -0.156837 0.896484 -0.414389
vn -0.0778948 0.934824 -0.346462
vn -0.147546 0.927411 -0.343714
vn -0.0779309 0.956743 -0.280303
vn -0.0603473 0.957912 -0.280646
vn -0.0247287 0.968577 -0.24748
vn 0.0683275 0.966609 -0.246977
vn 0.0726071 0.967323 -0.24293
vn 0.173107 0.95524 -0.239896
vn 0.174197 0.955308 -0.238835
vn 0.230678 0.943976 -0.236002
vn 0.294704 0.940315 -0.170166
vn 0.142353 0.973996 -0.176261
vn 0.22071 0.970527 -0.0967692
vn 0.0015456 0.995065 -0.0992158
vn 0.0984623 0.995138 -0.00230656
vn -0.132399 0.991194 -0.00229742
vn -0.0349562 0.994804 0.0956193
vn -0.194512 0.9764 0.0938503
vn -0.121825 0.978381 0.167123
vn -0.171396 0.971136 0.165885
vn -0.142428 0.970482 0.194626
vn -0.096997 0.975854 0.195704
vn -0.118515 0.977469 0.174669
vn -0.0323691 0.983891 0.175817
vn -0.0946033 0.988892 0.114641
vn 0.105774 0.987775 0.114512
vn 0.0128352 0.999683 0.0216783
vn 0.146116 0.989035 0.0214474
vn 0.0877209 0.995429 -0.0377534
vn 0.203015 0.978472 -0.0371103
vn 0.190285 0.980438 -0.0503237
vn 0.233524 0.971073 -0.049843
vn 0.250341 0.967628 -0.0320209
vn 0.210708 0.977014 -0.0323315
vn 0.224008 0.974414 -0.0183845
vn 0.13096 0.991211 -0.0187014
vn 0.108423 0.993236 -0.0415435
vn 0.019628 0.998934 -0.0417818
vn -0.0488269 0.992747 -0.109856
vn -0.0747986 0.991149 -0.109679
vn -0.167807 0.964952 -0.201766
vn -0.212222 0.956535 -0.200006
vn -0.248147 0.939499 -0.236148
vn -0.199763 0.950285 -0.238859
vn -0.208499 0.946207 -0.247428
vn -0.187213 0.950364 -0.248515
vn -0.173318 0.956416 -0.23501
vn -0.156806 0.959099 -0.23567
vn -0.134832 0.9674 -0.214378
vn -0.10288 0.971134 -0.215206
vn -0.0882286 0.975595 -0.201071
vn -0.0305935 0.978956 -0.201764
vn -0.0296653 0.979168 -0.200873
vn 0.046217 0.978553 -0.200746
vn 0.0413615 0.977801 -0.205412
vn 0.111017 0.972589 -0.204317
vn 0.114839 0.972919 -0.200603
vn 0.177038 0.963928 -0.198749
vn 0.233032 0.962043 -0.14202
vn 0.130077 0.980874 -0.144799
vn 0.174919 0.979534 -0.0995818
vn 0.0543301 0.993403 -0.100992
vn 0.0765676 0.993943 -0.0788387
vn -0.0342457 0.996284 -0.0790244
vn -0.0288289 0.996869 -0.0736338
vn -0.105745 0.991692 -0.0732514
vn -0.0933128 0.993782 -0.0607504
vn -0.141581 0.988082 -0.060402
vn -0.098023 0.995051 -0.0162719
vn -0.144807 0.989328 -0.0161783
vn -0.0611514 0.995788 0.0683176
vn 0.034933 0.995784 0.0848219
vn 0.0774003 0.988886 0.126944
vn -0.0126256 0.991782 0.127315
vn -0.0154389 0.992094 0.124546
vn -0.0794191 0.989078 0.124168
vn -0.145619 0.987658 0.0576753
vn -0.1158 0.991583 0.0579045
vn -0.222227 0.973625 -0.0516687
vn -0.0848126 0.994997 -0.0528029
vn -0.185485 0.970463 -0.154265
vn 0.00909068 0.987559 -0.156982
vn -0.0399998 0.978054 -0.204474
vn 0.119075 0.971873 -0.203182
vn 0.144992 0.973335 -0.177751
vn 0.198939 0.964068 -0.176058
vn 0.278781 0.95584 -0.0930147
vn 0.168733 0.981028 -0.0954658
vn 0.275319 0.961212 0.0164573
vn 0.105005 0.994326 0.0170243
vn 0.185381 0.97768 0.0988735
vn 0.0385162 0.994187 0.100543
vn 0.083908 0.985807 0.145412
vn -0.0165402 0.98916 0.145906
vn -0.00953553 0.988218 0.152756
vn -0.0552101 0.986755 0.15253
vn -0.0805893 0.988555 0.12753
vn -0.0825875 0.988393 0.127509
vn -0.129535 0.988298 0.080542
vn -0.109699 0.990681 0.0807362
vn -0.169694 0.9853 0.0197063
vn -0.145522 0.989157 0.0197835
vn -0.216539 0.9748 -0.0536333
vn -0.15138 0.986983 -0.0543036
vn -0.204631 0.972757 -0.108954
vn -0.082086 0.990432 -0.110934
vn -0.0958573 0.987563 -0.124621
vn 0.00314427 0.992127 -0.125197
vn 0.043307 0.9954 -0.0854579
vn 0.055661 0.99479 -0.0854055
vn 0.126293 0.991889 -0.0143625
vn 0.0416492 0.999027 -0.0144659
vn 0.0959715 0.994576 0.0401065
vn -0.0299678 0.998739 0.0402744
vn -0.0337491 0.998764 0.0364948
vn -0.111323 0.993122 0.0362886
vn -0.181497 0.982753 -0.0354267
vn -0.158274 0.986754 -0.0355709
vn -0.266215 0.95252 -0.147769
vn -0.0557491 0.986643 -0.153062
vn -0.130036 0.965579 -0.225272
vn -0.0357092 0.973227 -0.227056
vn -0.070759 0.962988 -0.260092
vn -0.0525677 0.964073 -0.260386
vn -0.0481411 0.965412 -0.256248
vn -0.0802769 0.963413 -0.255717
vn -0.0483985 0.97302 -0.225588
vn -0.079101 0.971109 -0.225145
vn -0.0355746 0.98241 -0.183318
vn -0.0250899 0.982723 -0.183376
vn 0.0191666 0.989926 -0.14028
vn 0.074113 0.987385 -0.13992
vn 0.118198 0.988335 -0.0960412
vn 0.178574 0.979314 -0.0951646
vn 0.230008 0.972292 -0.0417685
vn 0.298815 0.953432 -0.0409583
vn 0.354137 0.934959 0.0209468
vn 0.221698 0.974871 0.021841
vn 0.268927 0.960464 0.0720234
vn 0.0981895 0.992381 0.0744168
vn 0.139038 0.983531 0.115477
vn -0.0348778 0.992573 0.116538
vn -0.00233304 0.988906 0.148524
vn -0.122213 0.981496 0.147411
vn -0.101338 0.98056 0.168028
vn -0.143162 0.975481 0.167158
vn -0.137855 0.97533 0.172417
vn -0.118554 0.977787 0.172851
vn -0.133288 0.978356 0.158287
vn -0.0940196 0.982791 0.159004
vn -0.130426 0.983816 0.122861
vn 0.0127392 0.992212 0.12391
vn -0.0568376 0.996875 0.0548557
vn 0.0876519 0.994646 0.054733
vn 0.0431228 0.999019 0.0100592
vn 0.190517 0.981634 0.00988417
vn 0.182026 0.983293 0.00108847
vn 0.250469 0.968124 0.00107168
vn 0.264725 0.964186 0.0163415
vn 0.224016 0.974446 0.0165154
vn 0.233594 0.97197 0.0266208
vn 0.108477 0.993726 0.0272167
vn 0.0846856 0.996403 0.00320672
vn -0.0491239 0.998788 0.00321439
vn -0.11576 0.991225 -0.063818
vn -0.170987 0.983238 -0.0633038
vn -0.259249 0.953317 -0.154843
vn -0.252277 0.955138 -0.155138
vn -0.297147 0.933167 -0.202243
vn -0.210527 0.955408 -0.207063
vn -0.228024 0.947399 -0.224589
vn -0.17365 0.95825 -0.227162
vn -0.161985 0.962917 -0.215757
vn -0.134763 0.966903 -0.21665
vn -0.102046 0.977459 -0.184827
vn -0.0885123 0.978732 -0.185068
vn -0.0475676 0.988278 -0.145065
vn -0.0299617 0.988954 -0.145164
vn 0.00957703 0.994294 -0.106248
vn 0.0420239 0.993461 -0.106159
vn 0.079846 0.994452 -0.0684844
vn 0.116948 0.990791 -0.0682323
vn 0.160673 0.986722 -0.0237473
vn 0.235354 0.971628 -0.023384
vn 0.2798 0.959753 0.0242242
vn 0.175739 0.984123 0.0248393
vn 0.199262 0.978711 0.0491922
vn 0.0767104 0.995796 0.050051
vn 0.0706461 0.996532 0.043967
vn -0.0288792 0.998611 0.0440588
vn -0.0535657 0.998377 0.0193552
vn -0.0934681 0.995435 0.0192981
vn -0.109972 0.993931 0.00262394
vn -0.0980356 0.995179 0.00262724
vn -0.0835474 0.996355 0.0172343
vn -0.0612854 0.997971 0.0172623
vn -0.0102709 0.997615 0.0682488
vn 0.0779805 0.996299 -0.0361496
vn 0.111804 0.993728 -0.00203215
vn -0.01556 0.999877 -0.00204472
vn -0.00330343 0.999942 0.0102127
vn -0.145854 0.989254 0.0101036
vn -0.16688 0.985911 -0.0114488
vn -0.22251 0.974865 -0.0113205
vn -0.265343 0.962477 -0.0568367
vn -0.187417 0.980572 -0.0579053
vn -0.229823 0.967874 -0.101987
vn -0.0406385 0.993673 -0.104706
vn -0.0569468 0.991037 -0.120844
vn 0.146278 0.98197 -0.119739
vn 0.171759 0.980653 -0.093901
vn 0.27882 0.955971 -0.0915376
vn 0.331927 0.942717 -0.0332959
vn 0.275198 0.960789 -0.0339341
vn 0.336734 0.940987 0.033973
vn 0.186177 0.981876 0.0354493
vn 0.233173 0.96876 0.0844593
vn 0.0844912 0.992659 0.0865428
vn 0.111493 0.987258 0.113534
vn -0.0095856 0.993407 0.114241
vn -0.00462938 0.992868 0.11913
vn -0.0806779 0.989642 0.118743
vn -0.0941229 0.989969 0.105364
vn -0.129239 0.986044 0.104946
vn -0.155389 0.984731 0.0784836
vn -0.169206 0.982465 0.078303
vn -0.204532 0.977965 0.0418433
vn -0.216662 0.975354 0.0417316
vn -0.260766 0.965389 -0.00501216
vn -0.205854 0.97857 -0.00508059
vn -0.246468 0.967968 -0.0478705
vn -0.0964936 0.994119 -0.0491638
vn -0.107819 0.992324 -0.0605743
vn 0.0433854 0.997202 -0.0608722
vn 0.0807978 0.996456 -0.0233818
vn 0.126271 0.991723 -0.0232708
vn 0.200792 0.978183 0.0532915
vn 0.0959079 0.993916 0.0541486
vn 0.178113 0.974402 0.137174
vn -0.0334422 0.989682 0.139325
vn 0.0237692 0.980528 0.194938
vn -0.178237 0.9651 0.191871
vn -0.168534 0.964882 0.20149
vn -0.263886 0.944187 0.197169
vn -0.291649 0.941628 0.168157
vn -0.131424 0.975887 0.174275
vn -0.210034 0.973088 0.0947883
vn -0.0729377 0.992638 0.0966927
vn -0.14138 0.989567 0.0277256
vn -0.0497845 0.998368 0.0279722
vn -0.0974465 0.995041 -0.019949
vn -0.0496692 0.998565 -0.0200197
vn -0.0650195 0.997256 -0.0354089
vn -0.0361651 0.998716 -0.0354608
vn -0.01496 0.999787 -0.0142549
vn 0.019356 0.999711 -0.0142538
vn 0.0713839 0.99673 0.0378743
vn 0.118662 0.992219 0.0377029
vn 0.186377 0.976669 0.106686
vn 0.228919 0.967689 0.105705
vn 0.297959 0.93773 0.17856
vn 0.348729 0.920681 0.175314
vn 0.369579 0.907727 0.198604
vn 0.263835 0.942278 0.206164
vn 0.265469 0.941449 0.207848
vn 0.136745 0.967313 0.213558
vn 0.118267 0.973531 0.195574
vn -0.00231299 0.98041 0.196956
vn -0.0299021 0.984941 0.170288
vn -0.101312 0.980311 0.169488
vn -0.123653 0.981313 0.147424
vn -0.138428 0.979382 0.147133
vn -0.150222 0.979347 0.135328
vn -0.133742 0.981688 0.135652
vn -0.140762 0.981653 0.128622
vn -0.130327 0.983068 0.128808
vn -0.14333 0.982882 0.115756
vn -0.0565338 0.991548 0.116777
vn -0.100197 0.992269 0.0732394
vn 0.0430082 0.996364 0.0735417
vn 0.0125001 0.998992 0.0431142
vn 0.181863 0.982409 0.0423985
vn 0.173718 0.984208 0.0339987
vn 0.264613 0.96378 0.033293
vn 0.271526 0.961569 0.0407361
vn 0.233479 0.971491 0.0411564
vn 0.238043 0.970166 0.0459828
vn 0.0845918 0.995298 0.047174
vn 0.0670735 0.997309 0.0295801
vn -0.115946 0.992819 0.0294469
vn -0.162493 0.986545 -0.0180185
vn -0.262373 0.964806 -0.0176214
vn -0.323105 0.94263 -0.0839789
vn -0.30233 0.949443 -0.0845859
vn -0.340138 0.931838 -0.126431
vn -0.231992 0.963886 -0.130779
vn -0.248266 0.95736 -0.147738
vn -0.164004 0.97492 -0.150448
vn -0.149873 0.979271 -0.136256
vn -0.102855 0.985205 -0.137082
vn -0.0583315 0.993969 -0.0928628
vn -0.0478682 0.994523 -0.0929146
vn 0.0171441 0.999457 -0.0281258
vn 0.00962773 0.999558 -0.0281286
vn 0.0807856 0.995796 0.0431714
vn 0.0799593 0.995863 0.0431742
vn 0.146489 0.983057 0.110177
vn 0.159744 0.981016 0.109949
vn 0.220897 0.95998 0.17217
vn 0.275823 0.946113 0.169683
vn 0.288948 0.939586 0.183539
vn 0.195946 0.962424 0.188001
vn 0.184232 0.966951 0.176249
vn 0.0695739 0.981407 0.178884
vn 0.0271359 0.990141 0.137418
vn -0.0530685 0.98911 0.137275
vn -0.109285 0.990675 0.0813599
vn -0.109608 0.99064 0.081357
vn -0.153051 0.987514 0.0373107
vn -0.0835007 0.995797 0.0376237
vn -0.0967571 0.995012 0.0242718
vn -0.0102918 0.99965 0.0243849
vn 0.00819052 0.999048 0.0428464
vn 0.111183 0.988216 -0.105203
vn 0.138014 0.98734 -0.0781805
vn -0.00329329 0.996874 -0.0789354
vn 0.0185101 0.998189 -0.0572318
vn -0.166625 0.984404 -0.0564414
vn -0.15773 0.986347 -0.0473296
vn -0.265489 0.963006 -0.0462096
vn -0.268157 0.962124 -0.0490787
vn -0.230743 0.971751 -0.0495697
vn -0.236383 0.970072 -0.0555229
vn -0.0572738 0.996727 -0.0570485
vn -0.0546379 0.997023 -0.0544126
vn 0.172273 0.983586 -0.0536793
vn 0.190076 0.981134 -0.0353127
vn 0.33192 0.942697 -0.0339293
vn 0.359328 0.933207 -0.00283844
vn 0.336927 0.941526 -0.00286374
vn 0.36488 0.930602 0.0290315
vn 0.233902 0.971787 0.0303163
vn 0.255396 0.965374 0.0531543
vn 0.112051 0.992199 0.0546314
vn 0.124834 0.989876 0.0675483
vn -0.00465176 0.997669 0.0680801
vn -0.000954604 0.997422 0.0717593
vn -0.094408 0.992967 0.0714388
vn -0.0979789 0.992873 0.0678521
vn -0.155516 0.985535 0.0673506
vn -0.164502 0.98466 0.0581674
vn -0.20437 0.97719 0.0577261
vn -0.218444 0.9749 0.043038
vn -0.260533 0.964526 0.04258
vn -0.280218 0.959698 0.021378
vn -0.246694 0.968853 0.021582
vn -0.270505 0.96271 -0.00393064
vn -0.108016 0.994141 -0.00405897
vn -0.112717 0.993588 -0.00881757
vn 0.0808167 0.99669 -0.0088451
vn 0.114704 0.993076 0.0253671
vn 0.201015 0.979269 0.0250145
vn 0.268748 0.958364 0.096505
vn 0.178937 0.97891 0.098574
vn 0.26506 0.945844 0.187411
vn 0.0237722 0.980652 0.194308
vn 0.10976 0.954922 0.275821
vn -0.165494 0.947479 0.273671
vn -0.107365 0.938658 0.327711
vn -0.280665 0.906167 0.316368
vn -0.255423 0.904806 0.340714
vn -0.197997 0.917321 0.345426
vn -0.270567 0.92234 0.27583
vn -0.135616 0.949224 0.28387
vn -0.215245 0.954465 0.206557
vn -0.095281 0.972928 0.210552
vn -0.16488 0.976048 0.141934
vn -0.064386 0.987538 0.143605
vn -0.0995123 0.98907 0.108801
vn -0.0148718 0.993894 0.109332
vn -0.00204644 0.99253 0.121987
vn 0.0709044 0.990034 0.12168
vn 0.123803 0.976949 0.173908
vn 0.184645 0.967594 0.172242
vn 0.250714 0.938174 0.238688
vn 0.294298 0.926208 0.235644
vn 0.352085 0.887979 0.295852
vn 0.360326 0.884999 0.294859
vn 0.351356 0.891683 0.285395
vn 0.259368 0.919814 0.294399
vn 0.227327 0.937622 0.263036
vn 0.116175 0.956311 0.268279
vn 0.0617827 0.974272 0.216743
vn -0.0296218 0.975708 0.217063
vn -0.085515 0.982915 0.162991
vn -0.123361 0.978993 0.162341
vn -0.16019 0.979071 0.125535
vn -0.150414 0.980595 0.12573
vn -0.163116 0.980126 0.112896
vn -0.141027 0.983503 0.113285
vn -0.138302 0.98357 0.116028
vn -0.143327 0.98286 0.115944
vn -0.139824 0.982943 0.119468
vn -0.0997401 0.987745 0.120052
vn -0.127958 0.987523 0.091785
vn 0.0124581 0.995631 0.0925386
vn -0.0131232 0.997659 0.0671204
vn 0.173438 0.982623 0.0661089
vn 0.156977 0.986374 0.0492375
vn 0.271438 0.961259 0.0479838
vn 0.263324 0.963909 0.0392534
vn 0.238109 0.970434 0.0395191
vn 0.230482 0.972568 0.031456
vn 0.067068 0.997227 0.0322535
vn 0.0504746 0.998603 0.0156121
vn -0.1625 0.986588 0.0154243
vn -0.190577 0.981579 -0.0135565
vn -0.324223 0.94589 -0.0130636
vn -0.35719 0.932672 -0.0503788
vn -0.342449 0.938169 -0.0506757
vn -0.36232 0.929163 -0.0733483
vn -0.250291 0.965168 -0.0761905
vn -0.254616 0.963662 -0.0807876
vn -0.150767 0.985114 -0.082586
vn -0.127153 0.990149 -0.058624
vn -0.0584826 0.996543 -0.0590025
vn -0.00312212 0.999989 -0.00364383
vn 0.0171508 0.999846 -0.00364331
vn 0.0944055 0.992798 0.0737579
vn 0.0806402 0.994004 0.0738475
vn 0.16198 0.974494 0.15532
vn 0.145589 0.977013 0.155722
vn 0.215533 0.95013 0.225387
vn 0.218484 0.949491 0.225236
vn 0.273756 0.920049 0.280298
vn 0.282219 0.917706 0.279585
vn 0.268137 0.92608 0.265479
vn 0.180155 0.945553 0.271061
vn 0.14082 0.962149 0.233322
vn 0.0266247 0.971488 0.235587
vn -0.0387436 0.984169 0.172946
vn -0.108013 0.979146 0.172064
vn -0.176904 0.978815 0.103078
vn -0.152335 0.982894 0.103508
vn -0.203099 0.977807 0.0514204
vn -0.0966533 0.993945 0.052269
vn -0.119379 0.992416 0.0293137
vn 0.00819447 0.99953 0.0295239
vn 0.0114778 0.999396 0.0328044
vn 0.137822 0.985972 -0.0941497
vn 0.124054 0.986379 -0.108014
vn 0.0184304 0.993889 -0.108837
vn 0.0323578 0.994947 -0.0950448
vn -0.157209 0.98309 -0.0939121
vn -0.108199 0.993144 -0.0442548
vn -0.268234 0.962399 -0.0428848
vn -0.202453 0.978926 0.0267656
vn -0.236665 0.971228 0.0265551
vn -0.180388 0.9799 0.0851824
vn -0.054514 0.994762 0.0864743
vn -0.0378455 0.993958 0.103029
vn 0.189218 0.976702 0.10124
vn 0.155683 0.985538 0.0669095
vn 0.35861 0.931344 0.0632301
vn 0.296885 0.954895 -0.00596395
vn 0.365027 0.930979 -0.00581458
vn 0.302334 0.950156 -0.0761469
vn 0.254994 0.963852 -0.0772445
vn 0.20934 0.969826 -0.124957
vn 0.12411 0.984133 -0.126801
vn 0.103651 0.98367 -0.147141
vn -0.00094654 0.988996 -0.147938
vn 0.00419288 0.989727 -0.142907
vn -0.0972068 0.985049 -0.142232
vn -0.0729932 0.990296 -0.118258
vn -0.163649 0.979559 -0.116976
vn -0.127514 0.988572 -0.0804109
vn -0.217961 0.972745 -0.0791235
vn -0.173407 0.9843 -0.0329198
vn -0.280137 0.959423 -0.0320878
vn -0.226382 0.973708 0.0253607
vn -0.270423 0.962415 0.0250666
vn -0.223678 0.971797 0.074691
vn -0.112394 0.990742 0.0761471
vn -0.087763 0.991025 0.100832
vn 0.114159 0.98836 0.100561
vn 0.112646 0.988687 0.0990436
vn 0.268761 0.95841 0.0960106
vn 0.260874 0.961392 0.0875856
vn 0.268809 0.959221 0.0873879
vn 0.278779 0.955332 0.0980936
vn 0.1136 0.98833 0.101482
vn 0.161536 0.975466 0.149575
vn -0.112345 0.98219 0.150606
vn -0.028039 0.972252 0.232251
vn -0.264771 0.937922 0.224051
vn -0.168747 0.933101 0.317563
vn -0.26758 0.912157 0.310435
vn -0.25872 0.911746 0.319035
vn -0.208195 0.9232 0.323043
vn -0.22114 0.924397 0.310785
vn -0.158105 0.935942 0.314667
vn -0.176381 0.938267 0.297565
vn -0.0954665 0.948858 0.300924
vn -0.10128 0.949939 0.295563
vn -0.00196875 0.954847 0.29709
vn 0.00813563 0.951909 0.306274
vn 0.119766 0.945088 0.30408
vn 0.132171 0.939698 0.315433
vn 0.245585 0.918982 0.30848
vn 0.242043 0.921055 0.30508
vn 0.352265 0.888432 0.294274
vn 0.326161 0.906834 0.266969
vn 0.35358 0.897327 0.26417
vn 0.262877 0.950053 0.168214
vn 0.232211 0.957768 0.16958
vn 0.140482 0.987168 0.0759279
vn 0.0631015 0.995068 0.0765356
vn -0.0053113 0.999952 0.00818869
vn -0.0866712 0.996203 0.00815799
vn -0.113502 0.993357 -0.0189434
vn -0.161438 0.986703 -0.0188165
vn -0.151616 0.988401 -0.00874874
vn -0.164159 0.986395 -0.00873099
vn -0.132162 0.990938 0.0239818
vn -0.139202 0.989974 0.0239584
vn -0.0993237 0.992973 0.0643313
vn -0.140544 0.988003 0.0640093
vn -0.0990642 0.989442 0.105787
vn -0.127784 0.986182 0.105439
vn -0.117494 0.986304 0.115758
vn -0.0130632 0.993098 0.116555
vn -0.031372 0.994647 0.0984485
vn 0.156422 0.982888 0.0972846
vn 0.101211 0.994003 0.041405
vn 0.263314 0.963874 0.04015
vn 0.189014 0.981232 -0.0381689
vn 0.230431 0.972353 -0.0378235
vn 0.163917 0.980693 -0.106639
vn 0.0501857 0.992887 -0.107965
vn 0.023367 0.990648 -0.134427
vn -0.188926 0.973073 -0.132042
vn -0.163549 0.980801 -0.106214
vn -0.355829 0.929119 -0.100617
vn -0.299951 0.953193 -0.0381262
vn -0.363047 0.931026 -0.0372396
vn -0.294481 0.954834 0.039658
vn -0.255245 0.966044 0.0401235
vn -0.194184 0.975431 0.104055
vn -0.126665 0.986349 0.10522
vn -0.0726928 0.984633 0.158789
vn -0.00308231 0.98724 0.159209
vn 0.0443054 0.977751 0.205037
vn 0.0926656 0.974501 0.204355
vn 0.131985 0.961219 0.242153
vn 0.159129 0.957346 0.241177
vn 0.185466 0.945815 0.266525
vn 0.213316 0.94036 0.264988
vn 0.219597 0.937169 0.271094
vn 0.274821 0.923629 0.267177
vn 0.258379 0.932958 0.250658
vn 0.269294 0.930075 0.249884
vn 0.189364 0.967223 0.169179
vn 0.142696 0.974965 0.170533
vn 0.0676563 0.993078 0.0960106
vn -0.039154 0.994596 0.0961573
vn -0.087002 0.995033 0.0483689
vn -0.177649 0.982933 0.0477807
vn -0.190331 0.981107 0.0346793
vn -0.203246 0.978517 0.0345878
vn -0.194383 0.979947 0.0437979
vn -0.119313 0.991867 0.0443307
vn -0.107931 0.992589 0.0558319
vn 0.0114659 0.998356 0.0561563
vn 0.0103497 0.99843 0.0550435
vn 0.124722 0.991697 -0.0313285
vn 0.0952625 0.993576 -0.0610841
vn 0.0324437 0.99759 -0.0613309
vn 0.0295452 0.997498 -0.0642208
vn -0.108084 0.992088 -0.0638724
vn -0.0751637 0.996697 -0.0307463
vn -0.202433 0.97883 -0.0301952
vn -0.149996 0.988397 0.0239253
vn -0.180995 0.983196 0.0237994
vn -0.138429 0.988078 0.0673824
vn -0.0379599 0.996964 0.0679884
vn -0.035186 0.996873 0.0707527
vn 0.15565 0.985334 0.0699337
vn 0.109731 0.993689 0.0232877
vn 0.296816 0.954673 0.0223733
vn 0.221108 0.973479 -0.0587413
vn 0.302714 0.951351 -0.0574061
vn 0.240412 0.962717 -0.12401
vn 0.209341 0.96983 -0.124927
vn 0.171311 0.971547 -0.163549
vn 0.103353 0.980844 -0.165114
vn 0.0953951 0.980305 -0.172924
vn 0.00417195 0.984787 -0.173715
vn 0.0233002 0.987624 -0.155099
vn -0.0726237 0.985284 -0.154731
vn -0.0350808 0.992419 -0.117783
vn -0.127051 0.984983 -0.116901
vn -0.0794029 0.994441 -0.0691546
vn -0.173095 0.982532 -0.0683265
vn -0.118984 0.99281 -0.0131197
vn -0.226436 0.973941 -0.0128704
vn -0.163633 0.985129 0.0523862
vn -0.224004 0.973213 0.0517525
vn -0.176778 0.979092 0.100644
vn -0.0877537 0.990921 0.10186
vn -0.0711562 0.990418 0.118362
vn 0.112413 0.986641 0.11791
vn 0.090856 0.991189 0.0963784
vn 0.260734 0.960879 0.0934311
vn 0.222479 0.973497 0.0529784
vn 0.279748 0.958655 0.0521707
vn 0.253488 0.967043 0.0239186
vn 0.163325 0.986271 0.0243942
vn 0.173857 0.984141 0.0352261
vn -0.0288089 0.998945 0.035756
vn 0.0268894 0.995467 0.0912294
vn -0.177239 0.980061 0.0898175
vn -0.0958569 0.980539 0.17133
vn -0.269208 0.948708 0.165768
vn -0.234399 0.951001 0.201629
vn -0.227868 0.952519 0.201951
vn -0.210129 0.952657 0.219752
vn -0.180178 0.958465 0.221092
vn -0.170011 0.957972 0.231052
vn -0.103093 0.966945 0.233216
vn -0.0944429 0.965802 0.241468
vn 0.00829115 0.970105 0.242544
vn 0.0112927 0.969365 0.245367
vn 0.135102 0.960538 0.243133
vn 0.121873 0.965421 0.230453
vn 0.247646 0.942374 0.224951
vn 0.210041 0.959656 0.18693
vn 0.332898 0.925567 0.18029
vn 0.269743 0.956391 0.112053
vn 0.264993 0.9577 0.112206
vn 0.165106 0.986245 0.00776559
vn 0.140885 0.989995 0.00779512
vn 0.0640877 0.995504 -0.0697424
vn -0.00529849 0.997541 -0.0698851
vn -0.0407735 0.993625 -0.105107
vn -0.1129 0.988094 -0.104521
vn -0.106428 0.989475 -0.0980373
vn -0.1509 0.983732 -0.0974683
vn -0.116401 0.99123 -0.0625624
vn -0.131942 0.989289 -0.0624399
vn -0.0860965 0.996157 -0.0161117
vn -0.099517 0.994906 -0.0160915
vn -0.05398 0.9981 0.0297133
vn -0.0995796 0.994589 0.0296088
vn -0.053811 0.995691 0.0755205
vn -0.117955 0.990175 0.0751021
vn -0.0959076 0.990629 0.097238
vn -0.0313746 0.994727 0.0976403
vn -0.0404404 0.995242 0.0886412
vn 0.100903 0.990974 0.088261
vn 0.0499251 0.99806 0.037193
vn 0.189026 0.981291 0.0365681
vn 0.114498 0.992629 -0.0397208
vn 0.164729 0.98555 -0.0394376
vn 0.101096 0.989439 -0.103875
vn 0.0234522 0.994261 -0.104382
vn 0.0064584 0.992612 -0.121163
vn -0.1633 0.979308 -0.11954
vn -0.122678 0.989339 -0.0784696
vn -0.299314 0.951168 -0.075442
vn -0.221929 0.975034 0.00755987
vn -0.294704 0.95556 0.00740889
vn -0.215262 0.972202 0.0921132
vn -0.194406 0.976548 0.0925249
vn -0.134762 0.979011 0.152893
vn -0.0727499 0.985406 0.153892
vn -0.035481 0.981109 0.190172
vn 0.0444417 0.980758 0.190104
vn 0.0615684 0.976487 0.206597
vn 0.13314 0.969633 0.205147
vn 0.13431 0.96923 0.206287
vn 0.188362 0.960584 0.204446
vn 0.175105 0.965791 0.191276
vn 0.224014 0.956017 0.189341
vn 0.193743 0.968143 0.15863
vn 0.263634 0.951929 0.155973
vn 0.21315 0.971546 0.103271
vn 0.191097 0.976072 0.103752
vn 0.109921 0.993719 0.0209977
vn 0.0679552 0.997466 0.0210769
vn 0.0135806 0.99935 -0.0333863
vn -0.0870557 0.995648 -0.0332626
vn -0.0971206 0.994326 -0.0433989
vn -0.190271 0.980798 -0.0428085
vn -0.163098 0.986499 -0.0147784
vn -0.194549 0.980783 -0.0146928
vn -0.153468 0.987766 0.0276695
vn -0.108058 0.993755 0.0278372
vn -0.0793949 0.995229 0.0567022
vn 0.0103487 0.998327 0.0568787
vn 0.0108852 0.998291 0.0574135
vn 0.095372 0.994718 0.0379387
vn 0.0489176 0.998765 -0.00874934
vn 0.0296052 0.999523 -0.00875599
vn 0.0050937 0.999434 -0.033264
vn -0.0751579 0.99662 -0.0331704
vn -0.0701323 0.997141 -0.0281229
vn -0.149981 0.988296 -0.0278734
vn -0.12784 0.991781 -0.00530255
vn -0.138742 0.990314 -0.00529471
vn -0.12447 0.992181 0.00922917
vn -0.0352729 0.999334 0.00929571
vn -0.0520756 0.998615 -0.00753915
vn 0.109758 0.99393 -0.00750379
vn 0.0564685 0.996533 -0.0611002
vn 0.221095 0.973424 -0.0596834
vn 0.145788 0.979808 -0.136832
vn 0.240089 0.961421 -0.134264
vn 0.201475 0.96394 -0.173859
vn 0.170973 0.969631 -0.174885
vn 0.158595 0.969436 -0.187194
vn 0.0951135 0.977411 -0.188734
vn 0.111781 0.978659 -0.172429
vn 0.023228 0.984565 -0.173469
vn 0.0631922 0.988914 -0.134374
vn -0.0350054 0.990287 -0.13456
vn 0.018263 0.996472 -0.0819138
vn -0.0793276 0.993497 -0.0816692
vn -0.0217265 0.999474 -0.0240823
vn -0.118961 0.992611 -0.0239169
vn -0.0607804 0.997547 0.0347359
vn -0.163761 0.985902 0.0343304
vn -0.101614 0.990053 0.0973114
vn -0.176855 0.979517 0.0962758
vn -0.143753 0.981063 0.129809
vn -0.0710439 0.988855 0.13084
vn -0.0708663 0.988844 0.131015
vn 0.0904966 0.987269 0.130807
vn 0.0490265 0.994767 0.0896426
vn 0.221937 0.971126 0.0875122
vn 0.157959 0.987216 0.021307
vn 0.253505 0.967109 0.020873
vn 0.196778 0.979677 -0.0388772
vn 0.173832 0.984001 -0.0390488
vn 0.150991 0.986561 -0.0624434
vn 0.0269481 0.99764 -0.0631447
vn 0.0501639 0.997941 -0.0399561
vn -0.0972183 0.994466 -0.039817
vn -0.0420437 0.998994 0.015619
vn -0.239286 0.97083 0.0151787
vn -0.18865 0.979678 0.0681342
vn -0.214899 0.974283 0.067759
vn -0.173306 0.978636 0.110615
vn -0.173667 0.978573 0.110607
vn -0.137858 0.979529 0.146694
vn -0.0962594 0.984379 0.14742
vn -0.0727146 0.982664 0.170541
vn 0.0114772 0.985207 0.170982
vn 0.00891652 0.985662 0.168495
vn 0.12348 0.978158 0.167212
vn 0.0842059 0.988143 0.128384
vn 0.212108 0.969101 0.12591
vn 0.135228 0.98969 0.0471983
vn 0.271167 0.96144 0.0458511
vn 0.162401 0.984359 -0.0682868
vn 0.164726 0.983975 -0.0682601
vn 0.0688482 0.98403 -0.164151
vn 0.063372 0.984388 -0.164211
vn 0.0115839 0.976716 -0.214225
vn -0.0400502 0.975997 -0.214068
vn -0.0403812 0.975914 -0.214384
vn -0.10448 0.971365 -0.213385
vn -0.0640387 0.982625 -0.174206
vn -0.114863 0.978129 -0.173409
vn -0.0536243 0.992146 -0.113009
vn -0.0855585 0.989932 -0.112757
vn -0.0233992 0.998433 -0.0508313
vn -0.0539342 0.997253 -0.0507713
vn -7.96612e-05 0.999995 0.00309202
vn -0.0539649 0.998538 0.00308752
vn -0.00110835 0.998434 0.0559381
vn -0.0962148 0.993802 0.0556786
vn -0.0623286 0.994026 0.089599
vn -0.0404366 0.995148 0.0897001
vn -0.0401713 0.995135 0.0899637
vn 0.0497572 0.994705 0.0899248
vn 0.00510914 0.998954 0.0454483
vn 0.114472 0.9924 0.0451502
vn 0.0440468 0.998698 -0.0257147
vn 0.101613 0.994494 -0.0256064
vn 0.0447238 0.995576 -0.0826337
vn 0.00648404 0.996552 -0.0827148
vn 0.000301045 0.996045 -0.0888523
vn -0.122578 0.988533 -0.0881823
vn -0.0679061 0.997139 -0.0332105
vn -0.221818 0.974548 -0.032458
vn -0.125846 0.98982 0.066482
vn -0.215718 0.974261 0.065437
vn -0.134761 0.979766 0.147982
vn -0.134864 0.979752 0.14798
vn -0.0841941 0.97663 0.197749
vn -0.0354227 0.979495 0.198329
vn -0.0182161 0.976484 0.214817
vn 0.061462 0.9748 0.214447
vn 0.0484214 0.9782 0.20194
vn 0.13448 0.970453 0.20034
vn 0.0975915 0.981586 0.164207
vn 0.17603 0.970893 0.162419
vn 0.120364 0.986998 0.106527
vn 0.195138 0.975113 0.105244
vn 0.122297 0.992014 0.0308446
vn 0.214197 0.976319 0.0303565
vn 0.122274 0.990416 -0.0642213
vn 0.109718 0.99188 -0.0643162
vn 0.0346501 0.989686 -0.138999
vn 0.0134561 0.990191 -0.13907
vn -0.0150707 0.985854 -0.166929
vn -0.0958605 0.981425 -0.166179
vn -0.0660321 0.988389 -0.136849
vn -0.161615 0.977529 -0.135346
vn -0.0901362 0.993908 -0.0634265
vn -0.153222 0.986186 -0.0629337
vn -0.0747567 0.997065 0.0165275
vn -0.079512 0.996697 0.0165214
vn -0.0309028 0.997394 0.0651977
vn 0.0108799 0.997811 0.065225
vn 0.0137036 0.997589 0.0680365
vn 0.0487759 0.995872 0.0765476
vn -0.00510273 0.999728 0.0227764
vn 0.0050952 0.999728 0.0227764
vn -0.0334015 0.999318 -0.0157275
vn -0.0701514 0.997413 -0.0156975
vn -0.089109 0.995415 -0.0347641
vn -0.127766 0.9912 -0.0346169
vn -0.134198 0.9901 -0.0411526
vn -0.124369 0.99138 -0.0412058
vn -0.133067 0.989843 -0.0500326
vn -0.0520109 0.997373 -0.0504132
vn -0.0756445 0.994381 -0.0740516
vn 0.0564185 0.99565 -0.0741461
vn 0.016346 0.993356 -0.113918
vn 0.146235 0.982808 -0.112708
vn 0.0986195 0.982154 -0.160151
vn 0.202033 0.966612 -0.157617
vn 0.198371 0.966758 -0.161333
vn 0.159303 0.973764 -0.162502
vn 0.173001 0.973623 -0.148758
vn 0.112195 0.982287 -0.150082
vn 0.14389 0.982481 -0.118439
vn 0.063314 0.99082 -0.119444
vn 0.107488 0.991346 -0.0753666
vn 0.0182719 0.996956 -0.0757931
vn 0.0673263 0.997372 -0.0267779
vn -0.021725 0.999404 -0.0268325
vn 0.025908 0.999448 0.0208004
vn -0.060804 0.997934 0.0207689
vn -0.0170965 0.997774 0.0644632
vn -0.101889 0.992726 0.0641371
vn -0.0592324 0.992519 0.106759
vn -0.144166 0.983878 0.105829
vn -0.132898 0.984179 0.117174
vn -0.0709837 0.990482 0.117924
vn -0.0842104 0.990923 0.104782
vn 0.0489524 0.993264 0.105029
vn 0.0032844 0.998214 0.0596406
vn 0.15772 0.985726 0.0588944
vn 0.0916846 0.995755 -0.00814687
vn 0.19692 0.980387 -0.00802113
vn 0.133503 0.988348 -0.0731029
vn 0.150884 0.985859 -0.0729187
vn 0.11172 0.98736 -0.112423
vn 0.0498824 0.992343 -0.112991
vn 0.045821 0.992073 -0.117008
vn -0.0417599 0.99225 -0.117029
vn -0.0187768 0.995368 -0.0942821
vn -0.188277 0.97774 -0.0926123
vn -0.139481 0.989304 -0.0426852
vn -0.174219 0.983792 -0.0424473
vn -0.124507 0.992183 0.00838896
vn -0.139361 0.990206 0.00837225
vn -0.0887799 0.994269 0.0595595
vn -0.0736643 0.995499 0.0596332
vn -0.0374445 0.994701 0.0957462
vn 0.00900425 0.995359 0.0958095
vn 0.00930349 0.995328 0.096106
vn 0.0845183 0.991809 0.0957663
vn 0.0357369 0.998253 0.0470579
vn 0.135232 0.989715 0.0466554
vn 0.0398333 0.99798 -0.0494827
vn 0.162586 0.985484 -0.048863
vn 0.0340352 0.98362 -0.177014
vn 0.0686968 0.981865 -0.176698
vn -0.0103154 0.967632 -0.252153
vn 0.011476 0.96762 -0.25215
vn -0.0193503 0.959576 -0.280785
vn -0.0396813 0.958999 -0.280616
vn -0.0202686 0.964683 -0.262631
vn -0.0627584 0.962979 -0.262168
vn -0.00671744 0.977849 -0.209206
vn -0.0527791 0.976508 -0.208919
vn 0.017761 0.989918 -0.140523
vn -0.023197 0.989808 -0.140507
vn 0.0418032 0.996211 -0.076266
vn -7.94292e-05 0.997082 -0.0763327
vn 0.0536063 0.998303 -0.0227404
vn -0.0011098 0.99974 -0.0227731
vn 0.0522587 0.998164 0.0306295
vn -0.0625509 0.997572 0.0306114
vn -0.0209306 0.997171 0.0721943
vn -0.0402297 0.996582 0.0721516
vn -0.0307272 0.996191 0.08161
vn 0.00509735 0.996648 0.0816475
vn -0.0278075 0.998418 0.0488785
vn 0.0440088 0.997836 0.0488501
vn -0.0140243 0.99986 -0.00917324
vn 0.0448754 0.998951 -0.0091649
vn -0.00126682 0.99847 -0.0552811
vn 0.000301778 0.998471 -0.0552811
vn -0.00012264 0.998447 -0.0557043
vn -0.0678385 0.996147 -0.0555759
vn -0.0132304 0.999912 -0.000921496
vn -0.126125 0.992014 -0.000914217
vn -0.0333277 0.995175 0.0922818
vn -0.13569 0.986519 0.0914791
vn -0.0667151 0.984849 0.160069
vn -0.0847858 0.983494 0.159849
vn -0.0463385 0.979259 0.197243
vn -0.0182845 0.980148 0.197422
vn -0.0131769 0.979229 0.202327
vn 0.0484197 0.978166 0.202107
vn 0.0216127 0.984111 0.176235
vn 0.0974001 0.979661 0.175438
vn 0.0427268 0.991645 0.121719
vn 0.120164 0.985359 0.120947
vn 0.0426254 0.998147 0.043419
vn 0.122241 0.991563 0.0431326
vn 0.0266646 0.99824 -0.0529764
vn 0.122357 0.991091 -0.052597
vn 0.0103362 0.98644 -0.163797
vn 0.0345177 0.985905 -0.163708
vn -0.0287811 0.974022 -0.224618
vn -0.0148944 0.974317 -0.224686
vn -0.025475 0.971732 -0.23471
vn -0.0648039 0.970004 -0.234292
vn -0.0121581 0.982871 -0.183895
vn -0.0887898 0.979061 -0.183182
vn 0.00739288 0.996037 -0.088636
vn -0.0744743 0.993298 -0.0883922
vn 0.0226264 0.999707 0.00861864
vn -0.0309676 0.999483 0.00861672
vn 0.0254184 0.997566 0.0649267
vn 0.0137064 0.997795 0.0649416
vn 0.0157209 0.997633 0.0669478
vn -0.00509278 0.997778 0.06643
vn -0.0520724 0.998453 0.0194987
vn -0.0333992 0.999252 0.0195143
vn -0.0701968 0.997382 -0.0173822
vn -0.0891495 0.995867 -0.0173558
vn -0.113895 0.99259 -0.042338
vn -0.134192 0.990055 -0.0422298
vn -0.148825 0.987212 -0.057127
vn -0.133015 0.989459 -0.0572571
vn -0.142732 0.987483 -0.0671249
vn -0.0756791 0.994836 -0.0676248
vn -0.0847789 0.993441 -0.0767359
vn 0.0164043 0.996896 -0.0770028
vn 0.00782199 0.996305 -0.0855297
vn 0.0995466 0.991387 -0.0851075
vn 0.0945172 0.991434 -0.0901457
vn 0.200212 0.975728 -0.0887176
vn 0.218951 0.973275 -0.069252
vn 0.17452 0.98217 -0.069885
vn 0.195354 0.979538 -0.0483954
vn 0.144737 0.988265 -0.0488266
vn 0.166569 0.985674 -0.026487
vn 0.107757 0.993819 -0.0267058
vn 0.128522 0.991691 -0.00565204
vn 0.0673494 0.997713 -0.00568636
vn 0.0858946 0.99622 0.0129682
vn 0.0259115 0.99958 0.0130119
vn 0.0419966 0.998694 0.0291084
vn -0.0171249 0.999429 0.0291299
vn -0.00345055 0.999078 0.042788
vn -0.0595185 0.997313 0.0427124
vn -0.047685 0.997372 0.0545519
vn -0.133623 0.989553 0.0541242
vn -0.137477 0.989232 0.05021
vn -0.0845684 0.995137 0.0505097
vn -0.0982247 0.994485 0.036765
vn 0.00328801 0.999312 0.0369434
vn -0.0257401 0.999637 0.00792625
vn 0.0916848 0.995757 0.00789548
vn 0.0503315 0.998165 -0.0336605
vn 0.133787 0.990447 -0.0334002
vn 0.0899159 0.992915 -0.0776873
vn 0.112094 0.99067 -0.0775117
vn 0.0769315 0.99065 -0.112671
vn 0.045843 0.99255 -0.112887
vn 0.0272302 0.990976 -0.131248
vn -0.0186976 0.99117 -0.131274
vn -0.0219082 0.990681 -0.134429
vn -0.138365 0.981387 -0.133168
vn -0.104169 0.989627 -0.0989281
vn -0.123903 0.987373 -0.0987028
vn -0.0805655 0.995222 -0.0551646
vn -0.0888026 0.994523 -0.0551258
vn -0.0363456 0.999336 -0.00250584
vn -0.0376173 0.999289 -0.00250572
vn 0.00657777 0.999109 0.041683
vn 0.00933863 0.999087 0.0416821
vn 0.0213344 0.998332 0.0536534
vn 0.035725 0.997922 0.0536314
vn 0.000301475 0.999834 0.0182421
vn 0.0398756 0.999038 0.0182276
vn -0.0405759 0.997239 -0.0621849
vn 0.0345144 0.997467 -0.0621991
vn -0.0746641 0.982622 -0.169938
vn -0.010504 0.985318 -0.170404
vn -0.0717201 0.970721 -0.229252
vn -0.0196218 0.97304 -0.229799
vn -0.0419857 0.967107 -0.250882
vn -0.0203333 0.96776 -0.251051
vn -0.00302061 0.972049 -0.234761
vn -0.00667748 0.972031 -0.234757
vn 0.0382562 0.980678 -0.191852
vn 0.0176054 0.981244 -0.191963
vn 0.0715256 0.987648 -0.13941
vn 0.0415145 0.989331 -0.139647
vn 0.0897261 0.99172 -0.0918734
vn 0.0533922 0.994316 -0.0921139
vn 0.0939796 0.99424 -0.0515154
vn 0.0522134 0.997298 -0.0516738
vn 0.0953614 0.995408 -0.00832879
vn -0.0209846 0.999745 -0.00836508
vn 0.0221631 0.999149 0.0347752
vn -0.0308114 0.99892 0.0347672
vn -0.0134096 0.99855 0.0521446
vn -0.027803 0.998253 0.0521291
vn -0.0452645 0.998373 0.0346772
vn -0.0140165 0.999299 0.0347094
vn -0.0543116 0.998508 -0.00562427
vn -0.00126874 0.999983 -0.00563257
vn -0.03617 0.998524 -0.0405275
vn -0.000122729 0.999177 -0.040554
vn -0.00280114 0.999061 -0.0432277
vn -0.0132181 0.998978 -0.0432241
vn 0.024975 0.999675 -0.00505198
vn -0.0334701 0.999427 -0.00505073
vn 0.0336801 0.997505 0.0620449
vn -0.0674568 0.995798 0.0619387
vn -0.0160641 0.993462 0.113028
vn -0.0469647 0.992494 0.112918
vn -0.0167662 0.989631 0.142655
vn -0.0133176 0.989682 0.142662
vn -0.00618088 0.98872 0.149648
vn 0.0217092 0.988506 0.149615
vn 0.00439119 0.991155 0.13264
vn 0.0426672 0.990261 0.13252
vn 0.000373515 0.995875 0.0907361
vn 0.04249 0.994976 0.0906541
vn -0.0230522 0.999413 0.0253267
vn 0.0266935 0.999323 0.0253244
vn -0.0573799 0.996623 -0.0587453
vn 0.0104595 0.998213 -0.058839
vn -0.0879855 0.983786 -0.156282
vn -0.0291704 0.987196 -0.156824
vn -0.081456 0.974835 -0.207512
vn -0.0256332 0.977764 -0.208135
vn -0.0321745 0.976219 -0.214388
vn -0.0120812 0.976653 -0.214483
vn 0.0371853 0.985255 -0.167
vn 0.00731773 0.985911 -0.167111
vn 0.0935048 0.992233 -0.0820421
vn 0.0225503 0.996346 -0.0823822
vn 0.106079 0.994357 0.00135615
vn 0.0254721 0.999675 0.00136341
vn 0.0710123 0.996368 0.0469834
vn 0.0157388 0.998766 0.0470965
vn 0.012592 0.998954 0.0439556
vn -0.0520707 0.99842 0.0211413
vn -0.0811042 0.996673 -0.0080203
vn -0.0702051 0.9975 -0.00802695
vn -0.09148 0.995372 -0.0294345
vn -0.113948 0.993053 -0.0293659
vn -0.125466 0.991249 -0.0410373
vn -0.148944 0.987999 -0.0409028
vn -0.149465 0.987898 -0.0414355
vn -0.142931 0.988863 -0.041476
vn -0.132703 0.990669 -0.0310625
vn -0.0849882 0.995893 -0.0312263
vn -0.0654161 0.997791 -0.0115517
vn 0.00785024 0.999902 -0.0115761
vn 0.0341305 0.999309 0.0147157
vn 0.0948934 0.99538 0.0146578
vn 0.125632 0.991022 0.0457475
vn 0.219256 0.97463 0.0449908
vn 0.235906 0.969763 0.0625116
vn 0.195194 0.978733 0.0630899
vn 0.200575 0.977269 0.0686687
vn 0.166229 0.983662 0.0691179
vn 0.15801 0.98557 0.0607104
vn 0.128285 0.989861 0.0609748
vn 0.108898 0.993192 0.041361
vn 0.0858279 0.995447 0.0414549
vn 0.0614723 0.997964 0.0169871
vn 0.0420083 0.998973 0.0170043
vn 0.0192139 0.999799 -0.00581085
vn -0.00345365 0.999977 -0.00581189
vn -0.0216917 0.999475 -0.0240488
vn -0.0477424 0.998571 -0.024027
vn -0.0635838 0.997179 -0.0399015
vn -0.137542 0.989704 -0.0396024
vn -0.14196 0.98889 -0.0441005
vn -0.0981945 0.994179 -0.0443364
vn -0.0991667 0.994038 -0.0453162
vn -0.0257142 0.998632 -0.0455257
vn -0.0267192 0.99856 -0.0465292
vn 0.0503056 0.997651 -0.0464869
vn 0.0443527 0.997639 -0.0524386
vn 0.0900652 0.994563 -0.0522769
vn 0.0764947 0.99489 -0.0658942
vn 0.0772562 0.994832 -0.0658904
vn 0.0575636 0.994669 -0.0855596
vn 0.0273668 0.995948 -0.0856696
vn 0.00690748 0.994348 -0.105947
vn -0.0219845 0.994131 -0.105924
vn -0.0384589 0.99176 -0.122198
vn -0.103905 0.987122 -0.121627
vn -0.086327 0.990812 -0.104115
vn -0.0802494 0.991317 -0.104168
vn -0.049901 0.996014 -0.0739332
vn -0.0362461 0.996601 -0.0739767
vn 0.00846896 0.999533 -0.0293726
vn 0.00658065 0.999547 -0.0293731
vn 0.0518542 0.998528 0.0159371
vn 0.0213625 0.999645 0.015955
vn 0.0468184 0.998044 0.0414196
vn 0.000301266 0.99914 0.041465
vn -0.00886367 0.999438 0.0323124
vn -0.0406334 0.998652 0.032287
vn -0.0848747 0.996318 -0.0121247
vn -0.0757605 0.997052 -0.0121337
vn -0.142356 0.986626 -0.0793945
vn -0.0734463 0.994086 -0.0799948
vn -0.118854 0.984968 -0.125343
vn -0.0430265 0.991081 -0.126121
vn -0.0659942 0.986675 -0.148719
vn -0.00307275 0.988826 -0.149043
vn -0.00365643 0.988738 -0.149614
vn 0.0385422 0.98801 -0.149504
vn 0.0531295 0.989396 -0.13518
vn 0.0715695 0.988254 -0.135024
vn 0.0913517 0.989107 -0.11542
vn 0.0895048 0.989274 -0.11544
vn 0.108066 0.989409 -0.096907
vn 0.0936604 0.990863 -0.0970494
vn 0.111961 0.990591 -0.0786962
vn 0.0950679 0.992344 -0.0788354
vn 0.119395 0.991359 -0.0543356
vn 0.0221433 0.998257 -0.0547137
vn 0.0602781 0.998044 -0.0165626
vn -0.013426 0.999772 -0.0165913
vn 0.00870783 0.999947 0.00554201
vn -0.045291 0.998958 0.00553654
vn -0.0474413 0.998868 0.00338171
vn -0.0543121 0.998518 0.00338053
vn -0.0760539 0.996933 -0.0184528
vn -0.0361935 0.999174 -0.0184943
vn -0.0610603 0.99719 -0.0433962
vn -0.00280111 0.99905 -0.0434772
vn -0.0126349 0.998499 -0.0532885
vn 0.0249398 0.998268 -0.0532762
vn 0.0387087 0.998469 -0.039523
vn 0.0337188 0.998649 -0.0395301
vn 0.0659469 0.997797 -0.00723947
vn -0.0161673 0.999843 -0.00725431
vn 0.0192898 0.999416 0.028199
vn -0.0169327 0.999459 0.0282002
vn 0.0104025 0.998405 0.0554877
vn -0.00624164 0.99844 0.0554896
vn 0.0126443 0.997156 0.0742962
vn 0.00441811 0.997226 0.0743014
vn 0.0111728 0.99665 0.0810157
vn 0.000373829 0.996712 0.0810208
vn -0.00999481 0.997447 0.0707116
vn -0.0230019 0.997233 0.0706964
vn -0.0534103 0.997758 0.0403373
vn -0.0574324 0.997535 0.0403283
vn -0.106156 0.994311 -0.0087116
vn -0.0890767 0.995987 -0.00872627
vn -0.151455 0.985844 -0.0719232
vn -0.0830494 0.993904 -0.0725112
vn -0.1247 0.985595 -0.11425
vn -0.0327215 0.992816 -0.115087
vn -0.0448678 0.990878 -0.127073
vn 0.037409 0.991183 -0.127112
vn 0.0621627 0.992776 -0.102623
vn 0.0933281 0.990358 -0.102373
vn 0.141656 0.98846 -0.0536698
vn 0.105925 0.992912 -0.0539115
vn 0.152056 0.988347 -0.00704607
vn 0.0710891 0.997445 -0.00711093
vn 0.0926565 0.995591 0.0146018
vn 0.0126028 0.999813 0.0146637
vn 0.00231224 0.999988 0.00437354
vn -0.081079 0.996363 -0.0262127
vn -0.0900625 0.995312 -0.0352541
vn -0.0914628 0.995184 -0.0352496
vn -0.09294 0.994994 -0.0367376
vn -0.125488 0.99142 -0.0366056
vn -0.1155 0.992955 -0.0264797
vn -0.149542 0.988404 -0.0263583
vn -0.125768 0.992057 -0.00212881
vn -0.132767 0.991145 -0.00212686
vn -0.0956193 0.994785 0.0355006
vn -0.065379 0.997226 0.0355878
vn -0.0192648 0.996477 0.0816262
vn 0.0340204 0.996085 0.081594
vn 0.0809195 0.988451 0.128129
vn 0.124736 0.983958 0.127546
vn 0.1676 0.971022 0.170372
vn 0.233007 0.957843 0.16806
vn 0.230131 0.959052 0.165102
vn 0.19825 0.965943 0.166289
vn 0.177853 0.973219 0.145651
vn 0.156601 0.976784 0.146184
vn 0.115338 0.987782 0.104804
vn 0.10839 0.98856 0.104886
vn 0.0522692 0.997443 0.0487336
vn 0.0614082 0.996924 0.0487082
vn 0.00237243 0.999943 -0.0103661
vn 0.0192131 0.999762 -0.0103642
vn -0.0314702 0.997642 -0.0609848
vn -0.0216576 0.997903 -0.0610007
vn -0.0592036 0.993387 -0.0983687
vn -0.063326 0.993136 -0.0983438
vn -0.0918962 0.987672 -0.126721
vn -0.140966 0.981965 -0.125989
vn -0.134346 0.983722 -0.119343
vn -0.0985531 0.987888 -0.119848
vn -0.0823522 0.991191 -0.103719
vn -0.026603 0.994218 -0.104035
vn -0.00412094 0.996645 -0.0817423
vn 0.0442654 0.995677 -0.0816629
vn 0.0634605 0.996025 -0.0625119
vn 0.0765116 0.995111 -0.0624545
vn 0.0840211 0.994949 -0.0549225
vn 0.0576879 0.996817 -0.0550256
vn 0.0511751 0.996792 -0.0615356
vn 0.00693338 0.998076 -0.0616149
vn -0.00884709 0.996967 -0.0773192
vn -0.0386334 0.996262 -0.0772645
vn -0.05604 0.993939 -0.094581
vn -0.0864113 0.991779 -0.0943755
vn -0.077693 0.99329 -0.0856694
vn -0.0498533 0.995062 -0.0858223
vn -0.0298408 0.99738 -0.0658936
vn 0.00845419 0.997789 -0.0659206
vn 0.0421585 0.998589 -0.0322759
vn 0.0518338 0.998134 -0.0322612
vn 0.0911464 0.995811 0.00724715
vn 0.0468574 0.998875 0.00726944
vn 0.0788082 0.996114 0.0393297
vn -0.0088614 0.999182 0.0394508
vn 0.00465753 0.998587 0.052941
vn -0.0847627 0.995004 0.052751
vn -0.0928573 0.99468 0.0446117
vn -0.142666 0.988777 0.0443469
vn -0.165762 0.985948 0.0207163
vn -0.119773 0.992582 0.0208557
vn -0.149367 0.988738 -0.00928294
vn -0.0667334 0.997727 -0.00936733
vn -0.0904733 0.995344 -0.0332443
vn -0.00369599 0.999436 -0.033381
vn -0.0226636 0.998373 -0.052317
vn 0.0535484 0.997197 -0.0522554
vn 0.0378488 0.996972 -0.0679312
vn 0.0917554 0.993478 -0.0676931
vn 0.0782888 0.99362 -0.0811824
vn 0.10822 0.990825 -0.080954
vn 0.0977663 0.991 -0.0914413
vn 0.111841 0.989523 -0.091305
vn 0.107173 0.989596 -0.0959881
vn 0.119021 0.988254 -0.0958579
vn 0.122362 0.988166 -0.0924975
vn 0.0600249 0.993852 -0.0930297
vn 0.0885182 0.99398 -0.0645562
vn 0.00868966 0.99786 -0.0648081
vn 0.0313559 0.998617 -0.0421977
vn -0.0473993 0.997985 -0.042171
vn -0.0379795 0.998742 -0.0327472
vn -0.0760262 0.99657 -0.032676
vn -0.0820462 0.995876 -0.0387262
vn -0.0610719 0.99738 -0.0387846
vn -0.0768547 0.995546 -0.0546084
vn -0.0126339 0.998419 -0.0547661
vn -0.0282372 0.997125 -0.0703148
vn 0.0386432 0.996778 -0.0702903
vn 0.0315916 0.996506 -0.0773122
vn 0.0657519 0.994846 -0.0771835
vn 0.0684974 0.99487 -0.0744414
vn 0.0192437 0.997028 -0.0746029
vn 0.0433189 0.997779 -0.0505983
vn 0.0104051 0.998663 -0.0506431
vn 0.0367818 0.999028 -0.0242888
vn 0.0126756 0.999624 -0.0243033
vn 0.0420094 0.999104 0.00504977
vn 0.0112095 0.999924 0.00505391
vn 0.0388221 0.998712 0.032674
vn -0.0100145 0.999415 0.032697
vn 0.0088405 0.998633 0.0515186
vn -0.0533831 0.997248 0.0514472
vn -0.0489679 0.997237 0.0558612
vn -0.105996 0.99281 0.0556132
vn -0.117132 0.992125 0.0443661
vn -0.1517 0.98744 0.0441566
vn -0.174504 0.984438 0.0207579
vn -0.125495 0.991874 0.0209147
vn -0.153965 0.988043 -0.00812146
vn -0.045233 0.998943 -0.00821106
vn -0.0629639 0.997677 -0.0259889
vn 0.0624715 0.997708 -0.0259897
vn 0.0591199 0.997819 -0.0293512
vn 0.1418 0.989467 -0.0291055
vn 0.148164 0.988704 -0.0226098
vn 0.152021 0.988119 -0.0225964
vn 0.157989 0.987303 -0.0164835
vn 0.0926536 0.99556 -0.0166214
vn 0.089183 0.995812 -0.0201196
vn 0.0023118 0.999793 -0.0202001
vn -0.013083 0.999281 -0.0355833
vn -0.0900098 0.994729 -0.0491091
vn -0.085602 0.995327 -0.0446768
vn -0.09291 0.994673 -0.0446474
vn -0.0806601 0.996217 -0.0323225
vn -0.11548 0.992787 -0.0322112
vn -0.0893169 0.995987 -0.00577967
vn -0.125766 0.992043 -0.00575679
vn -0.083701 0.995812 0.0367639
vn -0.095615 0.994741 0.0367243
vn -0.0412576 0.994985 0.0911144
vn -0.0192488 0.995649 0.0911751
vn 0.0376432 0.988381 0.147261
vn 0.0807071 0.985856 0.146885
vn 0.12836 0.972637 0.19365
vn 0.166904 0.966994 0.192527
vn 0.202061 0.95263 0.227303
vn 0.227295 0.947235 0.226016
vn 0.203718 0.957875 0.202424
vn 0.176007 0.963118 0.203532
vn 0.134584 0.977484 0.162519
vn 0.114427 0.979979 0.162933
vn 0.052333 0.993457 0.101507
vn 0.0520611 0.993472 0.101508
vn -0.0218745 0.999372 0.0278664
vn 0.00237163 0.999609 0.027873
vn -0.0692978 0.996631 -0.0438724
vn -0.0314984 0.998537 -0.0439563
vn -0.0894214 0.99078 -0.101783
vn -0.0591818 0.993021 -0.102013
vn -0.0990241 0.984972 -0.141508
vn -0.0917095 0.985666 -0.141608
vn -0.118256 0.978702 -0.167802
vn -0.133402 0.976809 -0.167477
vn -0.114173 0.982309 -0.14844
vn -0.0818756 0.985455 -0.148915
vn -0.0538032 0.991165 -0.121231
vn -0.00410419 0.992594 -0.121406
vn 0.0277653 0.995565 -0.0898877
vn 0.0633283 0.99395 -0.0897419
vn 0.088438 0.993982 -0.0646372
vn 0.083972 0.994368 -0.0646623
vn 0.0951084 0.99403 -0.0534753
vn 0.0511984 0.997247 -0.0536484
vn 0.0478746 0.997227 -0.0569702
vn -0.00885921 0.998333 -0.0570333
vn -0.0206979 0.997414 -0.0688277
vn -0.0561593 0.996053 -0.0687338
vn -0.0688905 0.994294 -0.0814428
vn -0.077721 0.993647 -0.0813898
vn -0.0681729 0.995083 -0.071847
vn -0.0298282 0.99696 -0.0719825
vn -0.0129279 0.998395 -0.0551429
vn 0.0421164 0.997592 -0.0550986
vn 0.067753 0.997268 -0.0294303
vn 0.0911094 0.995408 -0.0293754
vn 0.121513 0.992589 0.00136887
vn 0.0788691 0.996884 0.00137479
vn 0.108117 0.993659 0.0308737
vn 0.00466182 0.999507 0.0310554
vn 0.0270525 0.998206 0.0534118
vn -0.0928182 0.994261 0.0532007
vn -0.0805733 0.994595 0.0654946
vn -0.165449 0.984087 0.0648027
vn -0.161257 0.984491 0.0690894
vn -0.149015 0.986409 0.069224
vn -0.164229 0.98496 0.0536892
vn -0.0903903 0.99443 0.0542054
vn -0.109835 0.993347 0.0346037
vn -0.022681 0.999137 0.0348053
vn -0.0483433 0.998789 0.00912299
vn 0.0379348 0.999238 0.0091271
vn 0.00750719 0.999745 -0.0213151
vn 0.0785304 0.996685 -0.0212499
vn 0.0471657 0.997496 -0.0526957
vn 0.0980422 0.993796 -0.0525003
vn 0.0705181 0.994289 -0.080099
vn 0.107326 0.991013 -0.0798351
vn 0.0875246 0.991164 -0.0996651
vn 0.122282 0.987516 -0.0992982
vn 0.110308 0.987646 -0.111301
vn 0.0881496 0.989842 -0.111549
vn 0.106961 0.989927 -0.0927544
vn 0.0312471 0.995153 -0.093244
vn 0.0515126 0.995995 -0.0730838
vn -0.0378981 0.996602 -0.0731284
vn -0.0224834 0.998077 -0.0577658
vn -0.0819715 0.99497 -0.057586
vn -0.0777446 0.995545 -0.053345
vn -0.07686 0.995614 -0.0533486
vn -0.0850142 0.994478 -0.0615296
vn -0.0282533 0.997693 -0.0617285
vn -0.0445275 0.995963 -0.0779446
vn 0.03159 0.996454 -0.0779831
vn 0.014683 0.995391 -0.0947731
vn 0.0683802 0.993168 -0.0945615
vn 0.0558816 0.992689 -0.106981
vn 0.0431252 0.993318 -0.107049
vn 0.0605296 0.994122 -0.0897664
vn 0.0366438 0.995279 -0.0898709
vn 0.0607015 0.995978 -0.065902
vn 0.0419185 0.996941 -0.0659657
vn 0.0730499 0.996721 -0.0348104
vn 0.0388192 0.998637 -0.0348773
vn 0.0726332 0.997358 -0.000968989
vn 0.00885225 0.99996 -0.000971517
vn 0.0392844 0.998793 0.0294721
vn -0.0490232 0.998363 0.0294594
vn -0.0271451 0.998313 0.0513335
vn -0.117095 0.99181 0.0509991
vn -0.105716 0.992431 0.062483
vn -0.174207 0.982763 0.0618743
vn -0.170644 0.983151 0.0655301
vn -0.153638 0.98594 0.0657159
vn -0.168282 0.984432 0.0507364
vn -0.0629021 0.996697 0.0513685
vn -0.0798164 0.996216 0.034399
vn 0.0591102 0.997657 0.0344488
vn 0.0402121 0.999071 0.0155157
vn 0.148185 0.988841 0.0153568
vn 0.128732 0.991669 -0.00447616
vn 0.158009 0.987428 -0.00445701
vn 0.138547 0.990056 -0.0243522
vn 0.0891743 0.995715 -0.0244913
vn 0.0703827 0.996576 -0.0433812
vn -0.0130789 0.998968 -0.0434854
vn -0.0294291 0.997776 -0.0597993
vn -0.0856233 0.995575 -0.0387258
vn -0.0592008 0.998172 -0.0121809
vn -0.0806962 0.996664 -0.0121625
vn -0.0493388 0.998595 0.0193277
vn -0.0893018 0.995818 0.0192739
vn -0.0446022 0.996947 0.0640965
vn -0.0835863 0.994447 0.0639358
vn -0.028009 0.992473 0.11922
vn -0.0411347 0.992022 0.119166
vn 0.0118277 0.985196 0.171025
vn 0.0374981 0.984572 0.170917
vn 0.070419 0.976691 0.20277
vn 0.12815 0.971049 0.201599
vn 0.130871 0.970131 0.20425
vn 0.203227 0.958127 0.201722
vn 0.179189 0.967639 0.17767
vn 0.204748 0.962721 0.176767
vn 0.132287 0.985779 0.103636
vn 0.135663 0.985325 0.103588
vn 0.065575 0.997298 0.0331099
vn 0.0525759 0.998067 0.0331354
vn -0.0110205 0.999474 -0.0304884
vn -0.0218728 0.999296 -0.030483
vn -0.0730344 0.993986 -0.0815987
vn -0.0691331 0.994263 -0.0816215
vn -0.105277 0.987455 -0.117679
vn -0.0892616 0.98901 -0.117865
vn -0.109968 0.984248 -0.138433
vn -0.0990653 0.985382 -0.138593
vn -0.103911 0.984196 -0.143391
vn -0.118722 0.982554 -0.143152
vn -0.108573 0.985142 -0.133067
vn -0.114427 0.984491 -0.132979
vn -0.0685211 0.993827 -0.0872496
vn -0.0539959 0.994715 -0.0873275
vn -0.0169563 0.998584 -0.0504175
vn 0.0278427 0.998341 -0.0504052
vn 0.0455879 0.998426 -0.0326667
vn 0.0885763 0.995537 -0.0325721
vn 0.0846549 0.995741 -0.0365184
vn 0.0951812 0.994791 -0.0364835
vn 0.0785266 0.99549 -0.0532306
vn 0.0478843 0.997428 -0.0533343
vn 0.0324524 0.997107 -0.0687336
vn -0.020698 0.997419 -0.0687551
vn -0.0244128 0.997073 -0.0724532
vn -0.0689392 0.994997 -0.0723024
vn -0.060572 0.996114 -0.063939
vn -0.0682098 0.995622 -0.0639074
vn -0.0424735 0.998369 -0.0381592
vn -0.0129382 0.999187 -0.0381905
vn 0.00359917 0.999759 -0.0216676
vn 0.0677666 0.997467 -0.0216179
vn 0.0690966 0.997404 -0.0202822
vn 0.121488 0.992388 -0.0201802
vn 0.11218 0.993247 -0.0296103
vn 0.108121 0.993696 -0.0296237
vn 0.101562 0.994169 -0.0362482
vn 0.0270732 0.99897 -0.0364232
vn 0.037156 0.998962 -0.02634
vn -0.0807188 0.996391 -0.0262722
vn -0.0490696 0.99878 0.00550766
vn -0.161641 0.986835 0.00544178
vn -0.114478 0.991985 0.0534771
vn -0.164234 0.984991 0.0531001
vn -0.131266 0.987554 0.0866339
vn -0.109485 0.990186 0.0868647
vn -0.0945065 0.990299 0.101866
vn -0.0480921 0.9936 0.102205
vn -0.0549619 0.993922 0.0953841
vn 0.00747456 0.995399 0.0955258
vn -0.0186428 0.997402 0.0695857
vn 0.0471171 0.996467 0.0695205
vn 0.00927401 0.999453 0.0317446
vn 0.0707099 0.996994 0.0316665
vn 0.0295353 0.999518 -0.009607
vn 0.0879585 0.996078 -0.00957394
vn 0.048404 0.997612 -0.0492786
vn 0.110864 0.992625 -0.0490323
vn 0.0714448 0.993502 -0.0885931
vn 0.107004 0.990329 -0.0883101
vn 0.0930141 0.990394 -0.102313
vn 0.051378 0.993393 -0.102623
vn 0.0535988 0.993501 -0.100419
vn -0.0224069 0.994681 -0.100538
vn -0.00385451 0.996614 -0.0821378
vn -0.0775939 0.993616 -0.0818908
vn -0.0529865 0.99695 -0.0572977
vn -0.0850362 0.994736 -0.0571705
vn -0.0683101 0.996846 -0.0403852
vn -0.0446268 0.998185 -0.0404394
vn -0.0453101 0.998126 -0.041123
vn 0.0147369 0.999044 -0.0411608
vn -0.00276621 0.998277 -0.058621
vn 0.0561078 0.996708 -0.0585288
vn 0.030614 0.996 -0.0839413
vn 0.0605611 0.994638 -0.0838265
vn 0.0572621 0.994551 -0.0871128
vn 0.0606026 0.994355 -0.0870956
vn 0.062745 0.994407 -0.0849609
vn 0.0728303 0.993724 -0.0849026
vn 0.0775975 0.993759 -0.0801408
vn 0.0723994 0.994148 -0.0801723
vn 0.079833 0.994151 -0.0727391
vn 0.0391968 0.996567 -0.0729159
vn 0.053279 0.996843 -0.0588648
vn -0.0271337 0.997894 -0.0589268
vn -0.00171803 0.999435 -0.0335603
vn -0.105864 0.99382 -0.0333717
vn -0.0676872 0.997694 0.00508748
vn -0.17101 0.985256 0.00502406
vn -0.121953 0.991005 0.055108
vn -0.168246 0.984224 0.054731
vn -0.135043 0.986876 0.0885346
vn -0.0795463 0.992844 0.08907
vn -0.0718823 0.992713 0.0967118
vn 0.0400278 0.99449 0.0968849
vn 0.0134067 0.997426 0.0704317
vn 0.128418 0.989257 0.0698548
vn 0.0774955 0.996821 0.0184841
vn 0.138564 0.990183 0.0183611
vn 0.084826 0.995743 -0.0360522
vn 0.0704031 0.996865 -0.0360928
vn 0.0357758 0.996855 -0.0707191
vn -0.029408 0.997062 -0.0707338
vn -0.0345792 0.996517 -0.0758825
vn -0.0592014 0.998183 -0.0112221
vn -0.0391822 0.999193 0.00884563
vn -0.0493461 0.998743 0.00884164
vn -0.0273294 0.999149 0.0308821
vn -0.0446728 0.998525 0.0308628
vn -0.0154614 0.998076 0.0600403
vn -0.0281593 0.9978 0.0600236
vn 0.00425438 0.995726 0.0922541
vn 0.0119534 0.995664 0.0922484
vn 0.0357062 0.992636 0.115757
vn 0.0714314 0.990732 0.115535
vn 0.0741034 0.990223 0.118184
vn 0.132764 0.984163 0.117461
vn 0.109108 0.989602 0.0937206
vn 0.181302 0.979047 0.092721
vn 0.13523 0.989761 0.0456799
vn 0.132865 0.99008 0.0456947
vn 0.0722805 0.997264 -0.015522
vn 0.0656031 0.997725 -0.0155292
vn 0.0200772 0.997931 -0.0610718
vn -0.011005 0.998072 -0.0610804
vn -0.038685 0.995314 -0.088622
vn -0.0729915 0.993402 -0.0884518
vn -0.0844859 0.991403 -0.0999151
vn -0.105485 0.989409 -0.0997142
vn -0.105922 0.989318 -0.100151
vn -0.11048 0.988825 -0.100101
vn -0.104258 0.990111 -0.0938664
vn -0.104532 0.990082 -0.0938637
vn -0.0923119 0.992379 -0.0816186
vn -0.109183 0.990677 -0.0814785
vn -0.088545 0.994218 -0.0607416
vn -0.068656 0.995784 -0.0608372
vn -0.03197 0.999198 -0.0241244
vn -0.0169729 0.999565 -0.0241332
vn 0.00666153 0.999978 -0.000501771
vn 0.0456123 0.998959 -0.000501259
vn 0.0482782 0.998832 0.00217056
vn 0.0847112 0.996403 0.00216528
vn 0.0681852 0.997568 -0.0144571
vn 0.0786299 0.996799 -0.014446
vn 0.0544882 0.997765 -0.0386779
vn 0.0325049 0.998721 -0.0387149
vn 0.0152353 0.998317 -0.0559558
vn -0.0244388 0.998135 -0.0559455
vn -0.0263002 0.997982 -0.0578021
vn -0.060595 0.996492 -0.0577158
vn -0.0493811 0.997697 -0.0464984
vn -0.0424585 0.998015 -0.0465132
vn -0.0186547 0.999568 -0.0227158
vn 0.00359909 0.999735 -0.0227196
vn 0.0151014 0.999823 -0.0112196
vn 0.0691065 0.997546 -0.011194
vn 0.0604825 0.997972 -0.0198523
vn 0.112208 0.993488 -0.0197631
vn 0.0884126 0.995122 -0.0437752
vn 0.101532 0.993871 -0.0437202
vn 0.0785753 0.994668 -0.0667934
vn 0.0370855 0.997067 -0.0669545
vn 0.0326142 0.996914 -0.0714098
vn -0.0489452 0.996249 -0.0713622
vn -0.0268386 0.998423 -0.0493045
vn -0.114504 0.992214 -0.0489978
vn -0.0714136 0.997431 -0.00556304
vn -0.13176 0.991266 -0.00552866
vn -0.0866667 0.99543 0.0400945
vn -0.0949244 0.994678 0.0400642
vn -0.0661035 0.995425 0.0689865
vn -0.055082 0.996093 0.0690328
vn -0.0467656 0.995908 0.0773262
vn -0.018632 0.996826 0.0773975
vn -0.029711 0.997353 0.0663691
vn 0.00925821 0.99775 0.0663956
vn -0.0148979 0.998993 0.0423107
vn 0.0295102 0.998669 0.042297
vn 5.92421e-05 0.999917 0.012862
vn 0.0484589 0.998743 0.0128469
vn 0.0184212 0.999682 -0.0172243
vn 0.0717162 0.997277 -0.0171829
vn 0.040032 0.998 -0.0489315
vn 0.0933936 0.994435 -0.0487567
vn 0.0762771 0.994904 -0.0659402
vn 0.0537535 0.996368 -0.0660373
vn 0.0512477 0.996331 -0.0685386
vn -0.00385847 0.997635 -0.0686283
vn 0.0107722 0.99848 -0.0540525
vn -0.0529963 0.997135 -0.0539797
vn -0.0285576 0.999155 -0.029543
vn -0.0683361 0.997226 -0.0294859
vn -0.0470869 0.998857 -0.00817318
vn -0.045347 0.998938 -0.00817383
vn -0.0381674 0.999271 -0.000981844
vn -0.00277097 0.999996 -0.000982556
vn -0.0120454 0.999875 -0.0102572
vn 0.0307208 0.999475 -0.0102531
vn 0.0113734 0.999497 -0.0296014
vn 0.0574556 0.99791 -0.0295544
vn 0.0452721 0.998102 -0.0417546
vn 0.0629179 0.997147 -0.0417146
vn 0.0537656 0.997257 -0.0508784
vn 0.0777474 0.995678 -0.0507979
vn 0.0694217 0.995833 -0.0591435
vn 0.0799051 0.995049 -0.059097
vn 0.0743209 0.995134 -0.064693
vn 0.0532594 0.996477 -0.0647803
vn 0.056031 0.996501 -0.0620116
vn -0.00171568 0.998068 -0.0621091
vn 0.0150036 0.998855 -0.0454374
vn -0.0676185 0.996681 -0.0453385
vn -0.035373 0.999289 -0.0130348
vn -0.122128 0.99243 -0.0129453
vn -0.0770161 0.996496 0.0326141
vn -0.135504 0.990247 0.0324096
vn -0.100267 0.992631 0.068051
vn -0.0720526 0.995065 0.0682179
vn -0.0607572 0.994981 0.0795014
vn 0.0133974 0.996734 0.0796414
vn -0.00771722 0.99825 0.0586276
vn 0.0773762 0.995287 0.0584536
vn 0.03248 0.999381 0.0134795
vn 0.0848735 0.996301 0.013438
vn 0.0372948 0.998715 -0.0343138
vn 0.0358444 0.998768 -0.0343156
vn 0.00717092 0.997992 -0.0629346
vn -0.0346106 0.99742 -0.0628985
vn -0.0350583 0.997376 -0.063345
vn -0.0391808 0.999157 0.0122461
vn -0.0296373 0.999323 0.0217982
vn -0.0273359 0.999389 0.0217996
vn -0.0168754 0.999337 0.0322576
vn -0.0154813 0.99936 0.0322583
vn -0.0016938 0.998939 0.0460257
vn 0.00426807 0.998931 0.0460253
vn 0.0161245 0.998195 0.057851
vn 0.0358877 0.997682 0.0578213
vn 0.0352783 0.997739 0.0572131
vn 0.0745047 0.995585 0.0570896
vn 0.052637 0.997994 0.0351798
vn 0.109523 0.993367 0.0350168
vn 0.0650893 0.997832 -0.00975186
vn 0.135365 0.990748 -0.00968264
vn 0.0737228 0.994683 -0.071901
vn 0.0721021 0.994802 -0.0719096
vn 0.029643 0.993026 -0.114112
vn 0.0199833 0.993264 -0.114139
vn 0.000205047 0.991033 -0.133616
vn -0.0384901 0.990299 -0.133517
vn -0.0342896 0.991002 -0.129384
vn -0.0842014 0.988063 -0.129
vn -0.0627965 0.992189 -0.107783
vn -0.105841 0.988567 -0.107389
vn -0.077699 0.993822 -0.0792551
vn -0.104392 0.991389 -0.0790611
vn -0.0778111 0.995592 -0.0523723
vn -0.0924941 0.994338 -0.0523064
vn -0.0691538 0.997189 -0.0288509
vn -0.088672 0.995644 -0.0288062
vn -0.0634547 0.997979 -0.00344855
vn -0.0319791 0.999483 -0.00345375
vn -0.00690467 0.999742 0.0216281
vn 0.00665998 0.999744 0.0216281
vn 0.0176576 0.999312 0.0326192
vn 0.0482527 0.998303 0.0325863
vn 0.0394676 0.998938 0.0237913
vn 0.0681731 0.997391 0.0237545
vn 0.0435433 0.999051 -0.000949301
vn 0.054529 0.998512 -0.000948788
vn 0.0262898 0.999227 -0.0292277
vn 0.0152526 0.999456 -0.0292344
vn -0.00305186 0.998866 -0.0475127
vn -0.0263145 0.998525 -0.0474964
vn -0.0281107 0.998389 -0.0492898
vn -0.0493745 0.997565 -0.0492491
vn -0.0383768 0.998531 -0.0382513
vn -0.0186459 0.999093 -0.0382729
vn 0.00257989 0.999851 -0.017062
vn 0.0151002 0.99974 -0.0170601
vn 0.0227622 0.999697 -0.00939667
vn 0.0604917 0.998125 -0.00938189
vn 0.0452565 0.998671 -0.0246554
vn 0.0884707 0.995775 -0.0245839
vn 0.0546544 0.996789 -0.0585153
vn 0.0786167 0.995192 -0.0584215
vn 0.0433903 0.994666 -0.0935755
vn 0.0325541 0.995076 -0.0936141
vn 0.0158936 0.993792 -0.110112
vn -0.0267079 0.993563 -0.110086
vn -0.0143726 0.995094 -0.0978796
vn -0.0710734 0.99268 -0.0976422
vn -0.0342843 0.99755 -0.0609834
vn -0.0865761 0.994389 -0.0607902
vn -0.0323883 0.999454 -0.00647106
vn -0.06626 0.997781 -0.00646022
vn -0.0267897 0.999093 0.0330887
vn -0.0468804 0.998353 0.0330642
vn -0.0273045 0.998241 0.0526311
vn -0.0297354 0.998171 0.0526275
vn -0.030064 0.998179 0.0522995
vn -0.0148908 0.998519 0.0523174
vn -0.02889 0.998847 0.0383402
vn 5.92034e-05 0.999264 0.0383562
vn -0.0192078 0.999633 0.0191033
vn 0.0184205 0.999648 0.0191036
vn -0.00090453 1 -0.000221193
vn 0.04008 0.999196 -0.000221015
vn 0.0198994 0.999594 -0.0204177
vn 0.0764276 0.996867 -0.020362
vn 0.0629023 0.997442 -0.0339432
vn 0.0513389 0.998103 -0.0339657
vn 0.0488036 0.998141 -0.0365041
vn 0.0107807 0.999274 -0.0365456
vn 0.0229254 0.999439 -0.0244088
vn -0.0285615 0.999294 -0.0244052
vn -0.00612417 0.999979 -0.00196499
vn -0.0470884 0.998889 -0.00196285
vn -0.0248482 0.999485 0.0203043
vn -0.0381595 0.999066 0.0202958
vn -0.0264272 0.999137 0.0320323
vn -0.0120398 0.999414 0.0320412
vn -0.0149062 0.999463 0.029177
vn 0.0113735 0.99951 0.0291784
vn -0.00222751 0.999876 0.0155839
vn 0.0453061 0.998852 0.0155679
vn 0.0265922 0.999641 -0.00316952
vn 0.0538351 0.998545 -0.00316604
vn 0.0369255 0.999116 -0.0201082
vn 0.0695295 0.997378 -0.0200732
vn 0.0534861 0.997914 -0.0361647
vn 0.0744284 0.996572 -0.0361161
vn 0.0621019 0.996892 -0.048478
vn 0.056073 0.997248 -0.0484954
vn 0.0526428 0.997262 -0.051927
vn 0.0149987 0.998535 -0.0519933
vn 0.0248507 0.998802 -0.0421592
vn -0.0353446 0.998486 -0.0421459
vn -0.0114243 0.999769 -0.0182343
vn -0.0770444 0.996862 -0.0181813
vn -0.041774 0.998979 0.017214
vn -0.100486 0.994791 0.0171419
vn -0.0708085 0.996382 0.0470071
vn -0.0608827 0.997036 0.0470379
vn -0.0508765 0.997074 0.0570483
vn -0.00771789 0.998338 0.0571206
vn -0.0247146 0.998888 0.0401595
vn 0.0324568 0.998666 0.0401506
vn -0.00469459 0.999985 0.00300943
vn 0.0373166 0.999299 0.00300737
vn -0.00180925 0.999346 -0.0361201
vn 0.00718048 0.999322 -0.0361192
vn -0.0151932 0.998175 -0.0584432
vn -0.0350689 0.997676 -0.058414
vn -0.0327318 0.99789 -0.0560819
vn -0.0296374 0.999328 0.0215695
vn -0.0294848 0.999329 0.0217222
vn -0.0168802 0.999621 0.0217285
vn -0.0154484 0.999612 0.02316
vn -0.00169514 0.99973 0.0231627
vn 0.00189848 0.99964 0.0267541
vn 0.0161458 0.999512 0.0267507
vn 0.0168137 0.999483 0.0274182
vn 0.0353229 0.999 0.027405
vn 0.0244572 0.999564 0.0165349
vn 0.0526625 0.998476 0.0165169
vn 0.02412 0.999636 -0.0120676
vn 0.0650877 0.997807 -0.0120456
vn 0.0196409 0.998151 -0.0575189
vn 0.0737923 0.995622 -0.0573732
vn 0.0170744 0.993358 -0.113793
vn 0.0296442 0.993066 -0.113759
vn 0.00461051 0.990365 -0.138403
vn 0.000204911 0.990376 -0.138405
vn -0.00314566 0.989906 -0.141689
vn -0.0342318 0.989331 -0.141607
vn -0.0145803 0.992388 -0.122287
vn -0.0626922 0.990541 -0.12206
vn -0.0274701 0.995816 -0.0871537
vn -0.0776492 0.993184 -0.0869234
vn -0.0384604 0.998117 -0.0477807
vn -0.0778294 0.995826 -0.047671
vn -0.0442435 0.998923 -0.0139914
vn -0.0691758 0.997507 -0.0139715
vn -0.0436675 0.998978 0.0116182
vn -0.0634508 0.997917 0.0116059
vn -0.0406059 0.998579 0.0345006
vn -0.00690217 0.99938 0.0345283
vn 0.00526392 0.998896 0.0466743
vn 0.0176477 0.998755 0.0466677
vn 0.0183525 0.998709 0.0473711
vn 0.0394345 0.9981 0.0473422
vn 0.0256698 0.999106 0.0335855
vn 0.0435188 0.998489 0.0335647
vn 0.0199563 0.999751 0.00998965
vn 0.0262997 0.999604 0.00998818
vn 0.00307936 0.999908 -0.0132371
vn -0.00305504 0.999908 -0.0132371
vn -0.0161841 0.999521 -0.0263622
vn -0.0281352 0.999257 -0.0263552
vn -0.0276482 0.999283 -0.0258682
vn -0.0383921 0.998928 -0.025859
vn -0.0283049 0.999475 -0.015765
vn 0.00257994 0.999872 -0.0157712
vn 0.016658 0.99986 -0.00169291
vn 0.0227632 0.999739 -0.0016927
vn 0.0248512 0.999691 0.000396546
vn 0.0452702 0.998975 0.000396262
vn 0.027423 0.999471 -0.0174733
vn 0.0547399 0.998348 -0.0174537
vn 0.0208549 0.998463 -0.051347
vn 0.0435241 0.997734 -0.0513095
vn 0.00869036 0.996257 -0.0860029
vn 0.0159316 0.996168 -0.0859952
vn -0.00249992 0.994547 -0.104261
vn -0.0143633 0.994447 -0.10425
vn -0.00728233 0.995234 -0.0972406
vn -0.0341857 0.994679 -0.0971863
vn -0.00532333 0.997636 -0.0685112
vn -0.0323129 0.997129 -0.0684764
vn 0.0160274 0.999667 -0.0202281
vn -0.0267989 0.999436 -0.0202235
vn 0.00928295 0.999831 0.015861
vn -0.0273389 0.999501 0.0158557
vn -0.00802856 0.99935 0.0351596
vn -0.0300866 0.998929 0.0351448
vn -0.0271662 0.998906 0.0380636
vn -0.0288904 0.998858 0.0380617
vn -0.0361268 0.998872 0.0308262
vn -0.0192022 0.99934 0.0308406
vn -0.0287382 0.99936 0.0213057
vn -0.000904324 0.999772 0.0213144
vn -0.0084551 0.999869 0.0137658
vn 0.0199016 0.999707 0.0137636
vn 0.0130165 0.999892 0.00687733
vn 0.0629371 0.997994 0.00686428
vn 0.0549679 0.998487 -0.00113266
vn 0.0488361 0.998806 -0.00113302
vn 0.0465229 0.998911 -0.00345156
vn 0.0229321 0.999731 -0.00345439
vn 0.0298374 0.999549 0.00345579
vn -0.00612415 0.999975 0.00345727
vn 0.00860388 0.999798 0.0181836
vn -0.0248492 0.999526 0.0181787
vn -0.00855028 0.999369 0.0344708
vn -0.026425 0.999057 0.03446
vn -0.0159616 0.998863 0.0449117
vn -0.0148975 0.99888 0.0449124
vn -0.0144593 0.998867 0.0453498
vn -0.00222549 0.998968 0.0453544
vn -0.0104873 0.999256 0.0371063
vn 0.026574 0.998958 0.0370952
vn 0.00757092 0.999808 0.0181011
vn 0.0369269 0.999154 0.0180893
vn 0.0190332 0.999819 0.000182968
vn 0.0535211 0.998567 0.000182739
vn 0.0367321 0.999187 -0.0166394
vn 0.0621664 0.997927 -0.0166184
vn 0.0489483 0.998355 -0.0298702
vn 0.0526904 0.998164 -0.0298645
vn 0.0463975 0.998268 -0.0361661
vn 0.0248565 0.999036 -0.0361939
vn 0.0279131 0.999061 -0.0331389
vn -0.0114199 0.999385 -0.0331496
vn 0.00115944 0.999788 -0.020579
vn -0.0417714 0.998916 -0.0205611
vn -0.021572 0.999767 -0.000343548
vn -0.0708868 0.997484 -0.000342764
vn -0.051173 0.9985 0.019443
vn -0.0509498 0.998512 0.0194432
vn -0.0433923 0.998693 0.0270135
vn -0.0247256 0.999329 0.0270307
vn -0.0342635 0.99926 0.0174892
vn -0.00469389 0.999836 0.0174993
vn -0.0269896 0.999624 -0.00480112
vn -0.00181042 0.999987 -0.00480286
vn -0.0247866 0.999307 -0.0277771
vn -0.0152134 0.999498 -0.0277824
vn -0.0264121 0.998891 -0.0389735
vn -0.0327585 0.998703 -0.0389661
vn -0.0269278 0.999088 -0.0331379
vn -0.029488 0.999435 0.0160995
vn -0.0320346 0.999395 0.013551
vn -0.0154511 0.999789 0.0135563
vn -0.0167268 0.999785 0.0122805
vn 0.00189901 0.999923 0.0122822
vn 0.00237726 0.999916 0.0127603
vn 0.0168186 0.999777 0.0127586
vn 0.0158533 0.999805 0.0117931
vn 0.0244588 0.999631 0.0117911
vn 0.0166959 0.999853 0.00402526
vn 0.0241215 0.999701 0.00402465
vn 0.00581369 0.999881 -0.0142868
vn 0.0196715 0.999704 -0.0142843
vn -0.00852281 0.999062 -0.0424568
vn 0.0171705 0.998951 -0.0424521
vn -0.0173098 0.996896 -0.0768098
vn 0.00464155 0.997034 -0.0768204
vn -0.00845542 0.995921 -0.0898265
vn -0.00316487 0.995952 -0.0898293
vn -0.00225994 0.996035 -0.0889316
vn -0.0146323 0.995931 -0.0889223
vn 0.00205894 0.997378 -0.0723389
vn -0.0275028 0.997003 -0.0723117
vn 0.000588129 0.999018 -0.0443113
vn -0.0384666 0.998278 -0.0442785
vn -0.00694175 0.999894 -0.0127631
vn -0.0442443 0.998939 -0.0127509
vn -0.0166358 0.999751 0.0148832
vn -0.0436656 0.998936 0.014871
vn -0.0228721 0.999102 0.0356744
vn -0.0406042 0.998539 0.0356543
vn -0.0236176 0.998335 0.0526253
vn 0.00526236 0.9986 0.0526393
vn 0.0069916 0.998497 0.0543636
vn 0.0183459 0.998353 0.0543558
vn 0.0129094 0.998719 0.0489325
vn 0.0256536 0.998473 0.0489204
vn 0.0129999 0.999257 0.036285
vn 0.0199442 0.999143 0.0362809
vn 0.00471394 0.999767 0.0210609
vn 0.00307895 0.999773 0.021061
vn -0.00822361 0.999919 0.00976105
vn -0.0161889 0.999821 0.0097601
vn -0.0190406 0.999795 0.00690779
vn -0.0276568 0.999594 0.0069064
vn -0.0221425 0.999678 0.0124236
vn -0.0283062 0.999522 0.0124217
vn -0.0182592 0.999581 0.0224712
vn 0.0166539 0.999609 0.0224718
vn 0.0202688 0.999454 0.0260858
vn 0.0248428 0.999351 0.0260831
vn 0.0201622 0.999568 0.0214028
vn 0.0274209 0.999395 0.0213991
vn 0.0107555 0.999931 0.00473046
vn 0.0208822 0.999771 0.00472971
vn -0.00368828 0.999796 -0.0198412
vn 0.00872096 0.999765 -0.0198405
vn -0.0136159 0.999018 -0.0421561
vn -0.00251139 0.999108 -0.0421598
vn -0.0124278 0.998567 -0.0520548
vn -0.00730708 0.998617 -0.0520574
vn -0.000544271 0.998973 -0.0453106
vn -0.00533039 0.998959 -0.0453099
vn 0.0145966 0.999571 -0.0254075
vn 0.0160255 0.999549 -0.0254069
vn 0.043263 0.999062 0.00185073
vn 0.0092841 0.999955 0.00185238
vn 0.028482 0.999373 0.0210546
vn -0.00803174 0.999746 0.0210624
vn 0.0013952 0.999534 0.0304832
vn -0.0271733 0.999166 0.030472
vn -0.0257809 0.99916 0.031864
vn -0.0361257 0.99884 0.0318538
vn -0.0380068 0.998828 0.0299719
vn -0.0287318 0.999137 0.0299811
vn -0.0293483 0.999138 0.0293646
vn -0.00845225 0.999533 0.0293762
vn -0.00656621 0.99949 0.0312606
vn 0.0130104 0.999427 0.0312586
vn 0.0152594 0.999322 0.0335057
vn 0.0549372 0.997929 0.033459
vn 0.048442 0.998462 0.0269523
vn 0.0465062 0.998554 0.0269548
vn 0.0412062 0.998916 0.0216476
vn 0.0298306 0.99932 0.0216564
vn 0.0285363 0.999385 0.0203616
vn 0.00860352 0.999756 0.0203691
vn 0.0123039 0.999635 0.0240681
vn -0.00855289 0.999674 0.024069
vn -0.00194472 0.999528 0.0306724
vn -0.0159702 0.999402 0.0306686
vn -0.0103441 0.999288 0.0362893
vn -0.0144647 0.999237 0.0362875
vn -0.0131188 0.999206 0.0376317
vn -0.0104871 0.999237 0.0376329
vn -0.0140142 0.99932 0.0341098
vn 0.00756776 0.999389 0.0341122
vn -0.00561143 0.999765 0.020943
vn 0.019029 0.9996 0.0209395
vn 0.00590354 0.999952 0.00781471
vn 0.0367361 0.999295 0.00780957
vn 0.0235201 0.999709 -0.0054184
vn 0.0489695 0.998786 -0.0054134
vn 0.0370909 0.999162 -0.0173125
vn 0.0464209 0.998772 -0.0173057
vn 0.0378809 0.998948 -0.0258569
vn 0.0279191 0.999276 -0.0258654
vn 0.0243766 0.99927 -0.0294075
vn 0.00115918 0.999567 -0.0294163
vn 0.00320077 0.99962 -0.0273763
vn -0.0215639 0.999393 -0.0273701
vn -0.014779 0.999679 -0.0205869
vn -0.0511718 0.998478 -0.0205622
vn -0.0389262 0.999208 -0.00829416
vn -0.0434066 0.999023 -0.00829263
vn -0.0356983 0.999362 -0.000572445
vn -0.0342688 0.999412 -0.000572473
vn -0.0331979 0.999449 0.00049963
vn -0.0269899 0.999636 0.000499724
vn -0.0307367 0.999522 -0.00325017
vn -0.0247961 0.999687 -0.00325071
vn -0.0281065 0.999583 -0.0065634
vn -0.0264316 0.999629 -0.0065637
vn -0.0240592 0.999702 -0.00418988
vn -0.0269424 0.999628 -0.00418957
vn -0.0170766 0.999838 0.00568103
vn -0.0320372 0.999476 0.00467751
vn -0.0296386 0.999536 0.00707833
vn -0.0167277 0.999835 0.00708045
vn -0.0151118 0.999848 0.00869666
vn 0.00237736 0.999959 0.00869763
vn 0.00335831 0.999948 0.0096785
vn 0.0158536 0.999828 0.00967734
vn 0.0158525 0.999828 0.00967616
vn 0.0166952 0.999814 0.00967603
vn 0.0149964 0.999856 0.0079769
vn 0.0058141 0.999951 0.00797766
vn 0.00184803 0.99999 0.00401167
vn -0.00853044 0.999956 0.00401153
vn -0.0147558 0.999889 -0.00221463
vn -0.0173611 0.999847 -0.00221454
vn -0.0254096 0.999624 -0.0102665
vn -0.0084893 0.999911 -0.0102694
vn -0.0135829 0.99979 -0.0153628
vn -0.00226866 0.999879 -0.0153642
vn -0.00336238 0.999859 -0.0164576
vn 0.00206407 0.999862 -0.0164577
vn 0.0067772 0.999908 -0.0117454
vn 0.000588667 0.999931 -0.0117457
vn 0.0111819 0.999937 -0.00115251
vn -0.00694231 0.999975 -0.00115255
vn 0.00761389 0.999881 0.0134031
vn -0.0166361 0.999772 0.0134016
vn -0.00119544 0.999583 0.0288367
vn -0.0228771 0.999323 0.0288292
vn -0.00923913 0.999056 0.0424533
vn -0.0236291 0.998819 0.0424433
vn -0.0121865 0.998474 0.053863
vn 0.00699179 0.998524 0.0538657
vn 0.00339514 0.998729 0.0502787
vn 0.0129085 0.998652 0.0502748
vn 0.00585433 0.999048 0.0432354
vn 0.0129963 0.99898 0.0432325
vn 0.00459646 0.999382 0.0348448
vn 0.00471212 0.999382 0.0348448
vn -0.000924174 0.999573 0.0292143
vn -0.00822049 0.999539 0.0292133
vn -0.0079279 0.999533 0.0295057
vn -0.0190327 0.999384 0.0295013
vn -0.0125591 0.999274 0.0359695
vn -0.0221298 0.999108 0.0359636
vn -0.0122856 0.998875 0.0457943
vn -0.0182446 0.998784 0.0457901
vn -0.00842982 0.998419 0.0555815
vn 0.0202443 0.998249 0.0555721
vn 0.0147517 0.998636 0.0500931
vn 0.0201415 0.998542 0.0500884
vn 0.0108264 0.999109 0.0407903
vn 0.0107467 0.99911 0.0407903
vn -0.00119469 0.999583 0.0288632
vn -0.00368747 0.999577 0.028863
vn -0.0143481 0.999731 0.0182074
vn -0.0136257 0.999741 0.0182076
vn -0.0191003 0.999736 0.0127329
vn -0.0124437 0.999841 0.0127342
vn -0.0111008 0.999839 0.014077
vn -0.000544777 0.999901 0.0140779
vn 0.00612957 0.999766 0.0207503
vn 0.0145981 0.999678 0.0207484
vn 0.0235074 0.999284 0.0296553
vn 0.043244 0.998625 0.0296357
vn 0.0442199 0.998553 0.0306126
vn 0.0284749 0.999125 0.0306301
vn 0.0274874 0.999183 0.0296428
vn 0.00139524 0.999559 0.0296539
vn 0.000464497 0.999587 0.028724
vn -0.0257834 0.999255 0.0287144
vn -0.0243214 0.999249 0.0301761
vn -0.0380066 0.998822 0.0301632
vn -0.0333153 0.998837 0.0348555
vn -0.0293432 0.998961 0.0348599
vn -0.0227043 0.998881 0.0414935
vn -0.00656376 0.999117 0.0415033
vn -0.000706364 0.998878 0.0473492
vn 0.0152509 0.998762 0.0473437
vn 0.0183174 0.998561 0.0504038
vn 0.0483981 0.997558 0.0503532
vn 0.037704 0.998502 0.0396609
vn 0.0411834 0.998364 0.0396555
vn 0.0303099 0.999126 0.0287808
vn 0.0285304 0.999178 0.0287823
vn 0.0196197 0.99961 0.0198716
vn 0.012305 0.999727 0.019874
vn 0.0074348 0.99986 0.0150047
vn -0.00194542 0.999886 0.0150051
vn -0.00260722 0.999894 0.0143434
vn -0.0103498 0.999844 0.0143427
vn -0.00849239 0.999833 0.0161999
vn -0.0131264 0.999783 0.0161991
vn -0.0110804 0.999772 0.0182448
vn -0.01402 0.999735 0.0182441
vn -0.0131435 0.999731 0.0191205
vn -0.00561163 0.999801 0.0191218
vn -0.0101787 0.999842 0.0145558
vn 0.00590309 0.999877 0.0145563
vn -0.000469281 0.999966 0.00818473
vn 0.0235196 0.99969 0.00818247
vn 0.0141629 0.999899 -0.00117745
vn 0.0370964 0.999311 -0.00117675
vn 0.0255488 0.999592 -0.0127352
vn 0.0378905 0.999201 -0.0127302
vn 0.0265315 0.999358 -0.0240972
vn 0.0243801 0.999412 -0.0240985
vn 0.0160186 0.999345 -0.0324568
vn 0.00320028 0.999468 -0.0324608
vn -0.000354172 0.999351 -0.0360111
vn -0.0147726 0.999242 -0.0360071
vn -0.0138978 0.999286 -0.0351333
vn -0.0389035 0.998626 -0.0351101
vn -0.0282225 0.999303 -0.0244265
vn -0.0356877 0.999065 -0.0244207
vn -0.0251256 0.999588 -0.0138527
vn -0.0331947 0.999353 -0.0138494
vn -0.0227462 0.999736 -0.00339346
vn -0.0307367 0.999522 -0.00339273
vn -0.0202352 0.99977 0.00711549
vn -0.0281064 0.99958 0.00711413
vn -0.0170583 0.999689 0.0181661
vn -0.0240555 0.999546 0.0181635
vn -0.0124015 0.999479 0.0298146
vn -0.0170693 0.99941 0.0298125
vn -0.00567863 0.999135 0.0411903
vn -0.0296392 0.999558 -0.00249617
vn -0.0185003 0.999791 0.00864914
vn -0.0151118 0.999848 0.00864963
vn -0.00891736 0.99985 0.0148441
vn 0.00335809 0.999884 0.0148446
vn 0.00358801 0.99988 0.0150745
vn 0.0158514 0.999761 0.0150727
vn 0.012356 0.999857 0.0115772
vn 0.0149958 0.999821 0.0115768
vn 0.0122435 0.999886 0.00882422
vn 0.00184797 0.999959 0.00882486
vn 0.0036439 0.999937 0.0106206
vn -0.014755 0.999835 0.0106196
vn -0.00775498 0.999815 0.017619
vn -0.025407 0.999522 0.0176139
vn -0.0154798 0.999501 0.0275401
vn -0.0135794 0.999528 0.0275409
vn -0.0110894 0.999488 0.0300292
vn -0.00336132 0.999543 0.0300309
vn -0.0043799 0.999569 0.0290132
vn 0.00677481 0.999556 0.0290128
vn 0.0031844 0.999672 0.0254249
vn 0.0111783 0.999614 0.0254235
vn 0.00791345 0.999723 0.0221602
vn 0.0076127 0.999725 0.0221602
vn 0.00762256 0.999725 0.0221701
vn -0.00119564 0.999754 0.0221707
vn 0.00320489 0.999642 0.0265686
vn -0.00924421 0.999604 0.0265676
vn -0.00192255 0.999424 0.0338828
vn -0.0121972 0.999351 0.0338804
vn -0.00450081 0.999126 0.0415663
vn 0.0033965 0.99913 0.0415665
vn -0.000176194 0.999278 0.0379995
vn 0.00585558 0.999261 0.0379988
vn 0.000763501 0.999458 0.0329131
vn 0.00459676 0.999448 0.0329127
vn 0.000533457 0.999584 0.0288533
vn -0.000924183 0.999583 0.0288533
vn -0.000914287 0.999583 0.0288632
vn -0.00792805 0.999552 0.0288623
vn -0.00265961 0.999414 0.0341256
vn -0.01256 0.999339 0.0341231
vn -0.00354196 0.999063 0.0431282
vn -0.012287 0.998994 0.0431252
vn -0.00288226 0.998616 0.052509
vn -0.00843122 0.998585 0.0525074
vn -0.00119458 0.998214 0.0597214
vn 0.0147439 0.998107 0.059715
vn 0.00578392 0.998693 0.0507814
vn 0.0108215 0.998651 0.0507793
vn 0.002158 0.99911 0.0421342
vn -0.00119413 0.999111 0.0421343
vn -0.00545666 0.999268 0.0378785
vn -0.0143402 0.99918 0.0378752
vn -0.0119556 0.999118 0.0402566
vn -0.0190864 0.999007 0.0402521
vn -0.0119894 0.998807 0.0473372
vn -0.0110895 0.998817 0.0473377
vn -0.00417543 0.998519 0.0542343
vn 0.00612187 0.998509 0.0542338
vn 0.00805409 0.998389 0.0561602
vn 0.0234806 0.998146 0.0561465
vn 0.0189376 0.998487 0.0516147
vn 0.0441818 0.997691 0.0515735
vn 0.0256997 0.999121 0.0331021
vn 0.0274844 0.999074 0.0331005
vn 0.0140764 0.999707 0.019696
vn 0.000464599 0.999806 0.019698
vn -0.00298759 0.999864 0.0162469
vn -0.0243292 0.999572 0.0162422
vn -0.0170956 0.999578 0.0234761
vn -0.0333264 0.999169 0.0234665
vn -0.0203794 0.999129 0.0364112
vn -0.0227088 0.999079 0.0364093
vn -0.0116365 0.998805 0.0474655
vn -0.00070636 0.998872 0.0474687
vn 0.00295082 0.998688 0.051117
vn 0.0183167 0.998525 0.0511086
vn 0.0144308 0.99878 0.0472311
vn 0.0376916 0.998174 0.0472024
vn 0.0205628 0.999336 0.0300847
vn 0.0303087 0.999088 0.0300772
vn 0.0149851 0.999779 0.0147535
vn 0.0196214 0.999699 0.0147523
vn 0.00791451 0.999964 0.00304413
vn 0.0074356 0.999968 0.00304414
vn 0.000959558 0.999994 -0.00343202
vn -0.00260747 0.999991 -0.00343201
vn -0.00394447 0.999981 -0.004769
vn -0.0084934 0.999953 -0.00476886
vn -0.00621865 0.999978 -0.00249401
vn -0.0110822 0.999936 -0.00249391
vn -0.00699738 0.999974 0.00159126
vn -0.0131459 0.999912 0.00159116
vn -0.00816383 0.999945 0.00657372
vn -0.0101795 0.999927 0.0065736
vn -0.00730569 0.999929 0.00944746
vn -0.000469276 0.999955 0.00944771
vn -0.0016366 0.999964 0.00828049
vn 0.0141624 0.999865 0.00827967
vn 0.00668226 0.999977 0.000798816
vn 0.0255508 0.999673 0.000798573
vn 0.0128854 0.999846 -0.0118711
vn 0.0265373 0.999577 -0.0118679
vn 0.0129223 0.999592 -0.0254835
vn 0.0160218 0.999547 -0.0254823
vn 0.00643442 0.999364 -0.0350622
vn -0.000354184 0.999385 -0.0350629
vn -0.00302996 0.999283 -0.0377351
vn -0.0138965 0.999191 -0.0377316
vn -0.0105379 0.999353 -0.0343769
vn -0.0282142 0.999011 -0.0343651
vn -0.0150502 0.999662 -0.0212051
vn -0.0251224 0.99946 -0.0212008
vn -0.0120173 0.999895 -0.00809401
vn -0.0227455 0.999708 -0.0080925
vn -0.00903414 0.999943 0.00562234
vn -0.0202354 0.99978 0.00562142
vn -0.00620581 0.999788 0.0196512
vn -0.0170579 0.999661 0.0196488
vn -0.00365599 0.999447 0.0330428
vn -0.0124003 0.999377 0.0330405
vn -0.00112624 0.999018 0.0442981
vn -0.00567787 0.999002 0.0442975
vn 0.00186283 0.998655 0.0518208
usemtl GroundMaterial
f 1/1/1 65/65/1 2/2/1
f 2/2/2 65/65/2 66/66/2
f 2/2/3 66/66/3 3/3/3
f 3/3/4 66/66/4 67/67/4
f 3/3/5 67/67/5 4/4/5
f 4/4/6 67/67/6 68/68/6
f 4/4/7 68/68/7 5/5/7
f 5/5/8 68/68/8 69/69/8
f 5/5/9 69/69/9 6/6/9
f 6/6/10 69/69/10 70/70/10
f 6/6/11 70/70/11 7/7/11
f 7/7/12 70/70/12 71/71/12
f 7/7/13 71/71/13 8/8/13
f 8/8/14 71/71/14 72/72/14
f 8/8/15 72/72/15 9/9/15
f 9/9/16 72/72/16 73/73/16
f 9/9/17 73/73/17 10/10/17
f 10/10/18 73/73/18 74/74/18
f 10/10/19 74/74/19 11/11/19
f 11/11/20 74/74/20 75/75/20
f 11/11/21 75/75/21 12/12/21
f 12/12/22 75/75/22 76/76/22
f 12/12/23 76/76/23 13/13/23
f 13/13/24 76/76/24 77/77/24
f 13/13/25 77/77/25 14/14/25
f 14/14/26 77/77/26 78/78/26
f 14/14/27 78/78/27 15/15/27
f 15/15/28 78/78/28 79/79/28
f 15/15/29 79/79/29 16/16/29
f 16/16/30 79/79/30 80/80/30
f 16/16/31 80/80/31 17/17/31
f 17/17/32 80/80/32 81/81/32
f 17/17/33 81/81/33 18/18/33
f 18/18/34 81/81/34 82/82/34
f 18/18/35 82/82/35 19/19/35
f 19/19/36 82/82/36 83/83/36
f 19/19/37 83/83/37 20/20/37
f 20/20/38 83/83/38 84/84/38
f 20/20/39 84/84/39 21/21/39
f 21/21/40 84/84/40 85/85/40
f 21/21/41 85/85/41 22/22/41
f 22/22/42 85/85/42 86/86/42
f 22/22/43 86/86/43 23/23/43
f 23/23/44 86/86/44 87/87/44
f 23/23/45 87/87/45 24/24/45
f 24/24/46 87/87/46 88/88/46
f 24/24/47 88/88/47 25/25/47
f 25/25/48 88/88/48 89/89/48
f 25/25/49 89/89/49 26/26/49
f 26/26/50 89/89/50 90/90/50
f 26/26/51 90/90/51 27/27/51
f 27/27/52 90/90/52 91/91/52
f 27/27/53 91/91/53 28/28/53
f 28/28/54 91/91/54 92/92/54
f 28/28/55 92/92/55 29/29/55
f 29/29/56 92/92/56 93/93/56
f 29/29/57 93/93/57 30/30/57
f 30/30/58 93/93/58 94/94/58
f 30/30/59 94/94/59 31/31/59
f 31/31/60 94/94/60 95/95/60
f 31/31/61 95/95/61 32/32/61
f 32/32/62 95/95/62 96/96/62
f 32/32/63 96/96/63 33/33/63
f 33/33/64 96/96/64 97/97/64
f 33/33/65 97/97/65 34/34/65
f 34/34/66 97/97/66 98/98/66
f 34/34/67 98/98/67 35/35/67
f 35/35/68 98/98/68 99/99/68
f 35/35/69 99/99/69 36/36/69
f 36/36/70 99/99/70 100/100/70
f 36/36/71 100/100/71 37/37/71
f 37/37/72 100/100/72 101/101/72
f 37/37/73 101/101/73 38/38/73
f 38/38/74 101/101/74 102/102/74
f 38/38/75 102/102/75 39/39/75
f 39/39/76 102/102/76 103/103/76
f 39/39/77 103/103/77 40/40/77
f 40/40/78 103/103/78 104/104/78
f 40/40/79 104/104/79 41/41/79
f 41/41/80 104/104/80 105/105/80
f 41/41/81 105/105/81 42/42/81
f 42/42/82 105/105/82 106/106/82
f 42/42/83 106/106/83 43/43/83
f 43/43/84 106/106/84 107/107/84
f 43/43/85 107/107/85 44/44/85
f 44/44/86 107/107/86 108/108/86
f 44/44/87 108/108/87 45/45/87
f 45/45/88 108/108/88 109/109/88
f 45/45/89 109/109/89 46/46/89
f 46/46/90 109/109/90 110/110/90
f 46/46/91 110/110/91 47/47/91
f 47/47/92 110/110/92 111/111/92
f 47/47/93 111/111/93 48/48/93
f 48/48/94 111/111/94 112/112/94
f 48/48/95 112/112/95 49/49/95
f 49/49/96 112/112/96 113/113/96
f 49/49/97 113/113/97 50/50/97
f 50/50/98 113/113/98 114/114/98
f 50/50/99 114/114/99 51/51/99
f 51/51/100 114/114/100 115/115/100
f 51/51/101 115/115/101 52/52/101
f 52/52/102 115/115/102 116/116/102
f 52/52/103 116/116/103 53/53/103
f 53/53/104 116/116/104 117/117/104
f 53/53/105 117/117/105 54/54/105
f 54/54/106 117/117/106 118/118/106
f 54/54/107 118/118/107 55/55/107
f 55/55/108 118/118/108 119/119/108
f 55/55/109 119/119/109 56/56/109
f 56/56/110 119/119/110 120/120/110
f 56/56/111 120/120/111 57/57/111
f 57/57/112 120/120/112 121/121/112
f 57/57/113 121/121/113 58/58/113
f 58/58/114 121/121/114 122/122/114
f 58/58/115 122/122/115 59/59/115
f 59/59/116 122/122/116 123/123/116
f 59/59/117 123/123/117 60/60/117
f 60/60/118 123/123/118 124/124/118
f 60/60/119 124/124/119 61/61/119
f 61/61/120 124/124/120 125/125/120
f 61/61/121 125/125/121 62/62/121
f 62/62/122 125/125/122 126/126/122
f 62/62/123 126/126/123 63/63/123
f 63/63/124 126/126/124 127/127/124
f 63/63/125 127/127/125 64/64/125
f 64/64/126 127/127/126 128/128/126
f 65/65/127 129/129/127 66/66/127
f 66/66/128 129/129/128 130/130/128
f 66/66/129 130/130/129 67/67/129
f 67/67/130 130/130/130 131/131/130
f 67/67/131 131/131/131 68/68/131
f 68/68/132 131/131/132 132/132/132
f 68/68/133 132/132/133 69/69/133
f 69/69/134 132/132/134 133/133/134
f 69/69/135 133/133/135 70/70/135
f 70/70/136 133/133/136 134/134/136
f 70/70/137 134/134/137 71/71/137
f 71/71/138 134/134/138 135/135/138
f 71/71/139 135/135/139 72/72/139
f 72/72/140 135/135/140 136/136/140
f 72/72/141 136/136/141 73/73/141
f 73/73/142 136/136/142 137/137/142
f 73/73/143 137/137/143 74/74/143
f 74/74/144 137/137/144 138/138/144
f 74/74/145 138/138/145 75/75/145
f 75/75/146 138/138/146 139/139/146
f 75/75/147 139/139/147 76/76/147
f 76/76/148 139/139/148 140/140/148
f 76/76/149 140/140/149 77/77/149
f 77/77/150 140/140/150 141/141/150
f 77/77/151 141/141/151 78/78/151
f 78/78/152 141/141/152 142/142/152
f 78/78/153 142/142/153 79/79/153
f 79/79/154 142/142/154 143/143/154
f 79/79/155 143/143/155 80/80/155
f 80/80/156 143/143/156 144/144/156
f 80/80/157 144/144/157 81/81/157
f 81/81/158 144/144/158 145/145/158
f 81/81/159 145/145/159 82/82/159
f 82/82/160 145/145/160 146/146/160
f 82/82/161 146/146/161 83/83/161
f 83/83/162 146/146/162 147/147/162
f 83/83/163 147/147/163 84/84/163
f 84/84/164 147/147/164 148/148/164
f 84/84/165 148/148/165 85/85/165
f 85/85/166 148/148/166 149/149/166
f 85/85/167 149/149/167 86/86/167
f 86/86/168 149/149/168 150/150/168
f 86/86/169 150/150/169 87/87/169
f 87/87/170 150/150/170 151/151/170
f 87/87/171 151/151/171 88/88/171
f 88/88/172 151/151/172 152/152/172
f 88/88/173 152/152/173 89/89/173
f 89/89/174 152/152/174 153/153/174
f 89/89/175 153/153/175 90/90/175
f 90/90/176 153/153/176 154/154/176
f 90/90/177 154/154/177 91/91/177
f 91/91/178 154/154/178 155/155/178
f 91/91/179 155/155/179 92/92/179
f 92/92/180 155/155/180 156/156/180
f 92/92/181 156/156/181 93/93/181
f 93/93/182 156/156/182 157/157/182
f 93/93/183 157/157/183 94/94/183
f 94/94/184 157/157/184 158/158/184
f 94/94/185 158/158/185 95/95/185
f 95/95/186 158/158/186 159/159/186
f 95/95/187 159/159/187 96/96/187
f 96/96/188 159/159/188 160/160/188
f 96/96/189 160/160/189 97/97/189
f 97/97/190 160/160/190 161/161/190
f 97/97/191 161/161/191 98/98/191
f 98/98/192 161/161/192 162/162/192
f 98/98/193 162/162/193 99/99/193
f 99/99/194 162/162/194 163/163/194
f 99/99/195 163/163/195 100/100/195
f 100/100/196 163/163/196 164/164/196
f 100/100/197 164/164/197 101/101/197
f 101/101/198 164/164/198 165/165/198
f 101/101/199 165/165/199 102/102/199
f 102/102/200 165/165/200 166/166/200
f 102/102/201 166/166/201 103/103/201
f 103/103/202 166/166/202 167/167/202
f 103/103/203 167/167/203 104/104/203
f 104/104/204 167/167/204 168/168/204
f 104/104/205 168/168/205 105/105/205
f 105/105/206 168/168/206 169/169/206
f 105/105/207 169/169/207 106/106/207
f 106/106/208 169/169/208 170/170/208
f 106/106/209 170/170/209 107/107/209
f 107/107/210 170/170/210 171/171/210
f 107/107/211 171/171/211 108/108/211
f 108/108/212 171/171/212 172/172/212
f 108/108/213 172/172/213 109/109/213
f 109/109/214 172/172/214 173/173/214
f 109/109/215 173/173/215 110/110/215
f 110/110/216 173/173/216 174/174/216
f 110/110/217 174/174/217 111/111/217
f 111/111/218 174/174/218 175/175/218
f 111/111/219 175/175/219 112/112/219
f 112/112/220 175/175/220 176/176/220
f 112/112/221 176/176/221 113/113/221
f 113/113/222 176/176/222 177/177/222
f 113/113/223 177/177/223 114/114/223
f 114/114/224 177/177/224 178/178/224
f 114/114/225 178/178/225 115/115/225
f 115/115/226 178/178/226 179/179/226
f 115/115/227 179/179/227 116/116/227
f 116/116/228 179/179/228 180/180/228
f 116/116/229 180/180/229 117/117/229
f 117/117/230 180/180/230 181/181/230
f 117/117/231 181/181/231 118/118/231
f 118/118/232 181/181/232 182/182/232
f 118/118/233 182/182/233 119/119/233
f 119/119/234 182/182/234 183/183/234
f 119/119/235 183/183/235 120/120/235
f 120/120/236 183/183/236 184/184/236
f 120/120/237 184/184/237 121/121/237
f 121/121/238 184/184/238 185/185/238
f 121/121/239 185/185/239 122/122/239
f 122/122/240 185/185/240 186/186/240
f 122/122/241 186/186/241 123/123/241
f 123/123/242 186/186/242 187/187/242
f 123/123/243 187/187/243 124/124/243
f 124/124/244 187/187/244 188/188/244
f 124/124/245 188/188/245 125/125/245
f 125/125/246 188/188/246 189/189/246
f 125/125/247 189/189/247 126/126/247
f 126/126/248 189/189/248 190/190/248
f 126/126/249 190/190/249 127/127/249
f 127/127/250 190/190/250 191/191/250
f 127/127/251 191/191/251 128/128/251
f 128/128/252 191/191/252 192/192/252
f 129/129/253 193/193/253 130/130/253
f 130/130/254 193/193/254 194/194/254
f 130/130/255 194/194/255 131/131/255
f 131/131/256 194/194/256 195/195/256
f 131/131/257 195/195/257 132/132/257
f 132/132/258 195/195/258 196/196/258
f 132/132/259 196/196/259 133/133/259
f 133/133/260 196/196/260 197/197/260
f 133/133/261 197/197/261 134/134/261
f 134/134/262 197/197/262 198/198/262
f 134/134/263 198/198/263 135/135/263
f 135/135/264 198/198/264 199/199/264
f 135/135/265 199/199/265 136/136/265
f 136/136/266 199/199/266 200/200/266
f 136/136/267 200/200/267 137/137/267
f 137/137/268 200/200/268 201/201/268
f 137/137/269 201/201/269 138/138/269
f 138/138/270 201/201/270 202/202/270
f 138/138/271 202/202/271 139/139/271
f 139/139/272 202/202/272 203/203/272
f 139/139/273 203/203/273 140/140/273
f 140/140/274 203/203/274 204/204/274
f 140/140/275 204/204/275 141/141/275
f 141/141/276 204/204/276 205/205/276
f 141/141/277 205/205/277 142/142/277
f 142/142/278 205/205/278 206/206/278
f 142/142/279 206/206/279 143/143/279
f 143/143/280 206/206/280 207/207/280
f 143/143/281 207/207/281 144/144/281
f 144/144/282 207/207/282 208/208/282
f 144/144/283 208/208/283 145/145/283
f 145/145/284 208/208/284 209/209/284
f 145/145/285 209/209/285 146/146/285
f 146/146/286 209/209/286 210/210/286
f 146/146/287 210/210/287 147/147/287
f 147/147/288 210/210/288 211/211/288
f 147/147/289 211/211/289 148/148/289
f 148/148/290 211/211/290 212/212/290
f 148/148/291 212/212/291 149/149/291
f 149/149/292 212/212/292 213/213/292
f 149/149/293 213/213/293 150/150/293
f 150/150/294 213/213/294 214/214/294
f 150/150/295 214/214/295 151/151/295
f 151/151/296 214/214/296 215/215/296
f 151/151/297 215/215/297 152/152/297
f 152/152/298 215/215/298 216/216/298
f 152/152/299 216/216/299 153/153/299
f 153/153/300 216/216/300 217/217/300
f 153/153/301 217/217/301 154/154/301
f 154/154/302 217/217/302 218/218/302
f 154/154/303 218/218/303 155/155/303
f 155/155/304 218/218/304 219/219/304
f 155/155/305 219/219/305 156/156/305
f 156/156/306 219/219/306 220/220/306
f 156/156/307 220/220/307 157/157/307
f 157/157/308 220/220/308 221/221/308
f 157/157/309 221/221/309 158/158/309
f 158/158/310 221/221/310 222/222/310
f 158/158/311 222/222/311 159/159/311
f 159/159/312 222/222/312 223/223/312
f 159/159/313 223/223/313 160/160/313
f 160/160/314 223/223/314 224/224/314
f 160/160/315 224/224/315 161/161/315
f 161/161/316 224/224/316 225/225/316
f 161/161/317 225/225/317 162/162/317
f 162/162/318 225/225/318 226/226/318
f 162/162/319 226/226/319 163/163/319
f 163/163/320 226/226/320 227/227/320
f 163/163/321 227/227/321 164/164/321
f 164/164/322 227/227/322 228/228/322
f 164/164/323 228/228/323 165/165/323
f 165/165/324 228/228/324 229/229/324
f 165/165/325 229/229/325 166/166/325
f 166/166/326 229/229/326 230/230/326
f 166/166/327 230/230/327 167/167/327
f 167/167/328 230/230/328 231/231/328
f 167/167/329 231/231/329 168/168/329
f 168/168/330 231/231/330 232/232/330
f 168/168/331 232/232/331 169/169/331
f 169/169/332 232/232/332 233/233/332
f 169/169/333 233/233/333 170/170/333
f 170/170/334 233/233/334 234/234/334
f 170/170/335 234/234/335 171/171/335
f 171/171/336 234/234/336 235/235/336
f 171/171/337 235/235/337 172/172/337
f 172/172/338 235/235/338 236/236/338
f 172/172/339 236/236/339 173/173/339
f 173/173/340 236/236/340 237/237/340
f 173/173/341 237/237/341 174/174/341
f 174/174/342 237/237/342 238/238/342
f 174/174/343 238/238/343 175/175/343
f 175/175/344 238/238/344 239/239/344
f 175/175/345 239/239/345 176/176/345
f 176/176/346 239/239/346 240/240/346
f 176/176/347 240/240/347 177/177/347
f 177/177/348 240/240/348 241/241/348
f 177/177/349 241/241/349 178/178/349
f 178/178/350 241/241/350 242/242/350
f 178/178/351 242/242/351 179/179/351
f 179/179/352 242/242/352 243/243/352
f 179/179/353 243/243/353 180/180/353
f 180/180/354 243/243/354 244/244/354
f 180/180/355 244/244/355 181/181/355
f 181/181/356 244/244/356 245/245/356
f 181/181/357 245/245/357 182/182/357
f 182/182/358 245/245/358 246/246/358
f 182/182/359 246/246/359 183/183/359
f 183/183/360 246/246/360 247/247/360
f 183/183/361 247/247/361 184/184/361
f 184/184/362 247/247/362 248/248/362
f 184/184/363 248/248/363 185/185/363
f 185/185/364 248/248/364 249/249/364
f 185/185/365 249/249/365 186/186/365
f 186/186/366 249/249/366 250/250/366
f 186/186/367 250/250/367 187/187/367
f 187/187/368 250/250/368 251/251/368
f 187/187/369 251/251/369 188/188/369
f 188/188/370 251/251/370 252/252/370
f 188/188/371 252/252/371 189/189/371
f 189/189/372 252/252/372 253/253/372
f 189/189/373 253/253/373 190/190/373
f 190/190/374 253/253/374 254/254/374
f 190/190/375 254/254/375 191/191/375
f 191/191/376 254/254/376 255/255/376
f 191/191/377 255/255/377 192/192/377
f 192/192/378 255/255/378 256/256/378
f 193/193/379 257/257/379 194/194/379
f 194/194/380 257/257/380 258/258/380
f 194/194/381 258/258/381 195/195/381
f 195/195/382 258/258/382 259/259/382
f 195/195/383 259/259/383 196/196/383
f 196/196/384 259/259/384 260/260/384
f 196/196/385 260/260/385 197/197/385
f 197/197/386 260/260/386 261/261/386
f 197/197/387 261/261/387 198/198/387
f 198/198/388 261/261/388 262/262/388
f 198/198/389 262/262/389 199/199/389
f 199/199/390 262/262/390 263/263/390
f 199/199/391 263/263/391 200/200/391
f 200/200/392 263/263/392 264/264/392
f 200/200/393 264/264/393 201/201/393
f 201/201/394 264/264/394 265/265/394
f 201/201/395 265/265/395 202/202/395
f 202/202/396 265/265/396 266/266/396
f 202/202/397 266/266/397 203/203/397
f 203/203/398 266/266/398 267/267/398
f 203/203/399 267/267/399 204/204/399
f 204/204/400 267/267/400 268/268/400
f 204/204/401 268/268/401 205/205/401
f 205/205/402 268/268/402 269/269/402
f 205/205/403 269/269/403 206/206/403
f 206/206/404 269/269/404 270/270/404
f 206/206/405 270/270/405 207/207/405
f 207/207/406 270/270/406 271/271/406
f 207/207/407 271/271/407 208/208/407
f 208/208/408 271/271/408 272/272/408
f 208/208/409 272/272/409 209/209/409
f 209/209/410 272/272/410 273/273/410
f 209/209/411 273/273/411 210/210/411
f 210/210/412 273/273/412 274/274/412
f 210/210/413 274/274/413 211/211/413
f 211/211/414 274/274/414 275/275/414
f 211/211/415 275/275/415 212/212/415
f 212/212/416 275/275/416 276/276/416
f 212/212/417 276/276/417 213/213/417
f 213/213/418 276/276/418 277/277/418
f 213/213/419 277/277/419 214/214/419
f 214/214/420 277/277/420 278/278/420
f 214/214/421 278/278/421 215/215/421
f 215/215/422 278/278/422 279/279/422
f 215/215/423 279/279/423 216/216/423
f 216/216/424 279/279/424 280/280/424
f 216/216/425 280/280/425 217/217/425
f 217/217/426 280/280/426 281/281/426
f 217/217/427 281/281/427 218/218/427
f 218/218/428 281/281/428 282/282/428
f 218/218/429 282/282/429 219/219/429
f 219/219/430 282/282/430 283/283/430
f 219/219/431 283/283/431 220/220/431
f 220/220/432 283/283/432 284/284/432
f 220/220/433 284/284/433 221/221/433
f 221/221/434 284/284/434 285/285/434
f 221/221/435 285/285/435 222/222/435
f 222/222/436 285/285/436 286/286/436
f 222/222/437 286/286/437 223/223/437
f 223/223/438 286/286/438 287/287/438
f 223/223/439 287/287/439 224/224/439
f 224/224/440 287/287/440 288/288/440
f 224/224/441 288/288/441 225/225/441
f 225/225/442 288/288/442 289/289/442
f 225/225/443 289/289/443 226/226/443
f 226/226/444 289/289/444 290/290/444
f 226/226/445 290/290/445 227/227/445
f 227/227/446 290/290/446 291/291/446
f 227/227/447 291/291/447 228/228/447
f 228/228/448 291/291/448 292/292/448
f 228/228/449 292/292/449 229/229/449
f 229/229/450 292/292/450 293/293/450
f 229/229/451 293/293/451 230/230/451
f 230/230/452 293/293/452 294/294/452
f 230/230/453 294/294/453 231/231/453
f 231/231/454 294/294/454 295/295/454
f 231/231/455 295/295/455 232/232/455
f 232/232/456 295/295/456 296/296/456
f 232/232/457 296/296/457 233/233/457
f 233/233/458 296/296/458 297/297/458
f 233/233/459 297/297/459 234/234/459
f 234/234/460 297/297/460 298/298/460
f 234/234/461 298/298/461 235/235/461
f 235/235/462 298/298/462 299/299/462
f 235/235/463 299/299/463 236/236/463
f 236/236/464 299/299/464 300/300/464
f 236/236/465 300/300/465 237/237/465
f 237/237/466 300/300/466 301/301/466
f 237/237/467 301/301/467 238/238/467
f 238/238/468 301/301/468 302/302/468
f 238/238/469 302/302/469 239/239/469
f 239/239/470 302/302/470 303/303/470
f 239/239/471 303/303/471 240/240/471
f 240/240/472 303/303/472 304/304/472
f 240/240/473 304/304/473 241/241/473
f 241/241/474 304/304/474 305/305/474
f 241/241/475 305/305/475 242/242/475
f 242/242/476 305/305/476 306/306/476
f 242/242/477 306/306/477 243/243/477
f 243/243/478 306/306/478 307/307/478
f 243/243/479 307/307/479 244/244/479
f 244/244/480 307/307/480 308/308/480
f 244/244/481 308/308/481 245/245/481
f 245/245/482 308/308/482 309/309/482
f 245/245/483 309/309/483 246/246/483
f 246/246/484 309/309/484 310/310/484
f 246/246/485 310/310/485 247/247/485
f 247/247/486 310/310/486 311/311/486
f 247/247/487 311/311/487 248/248/487
f 248/248/488 311/311/488 312/312/488
f 248/248/489 312/312/489 249/249/489
f 249/249/490 312/312/490 313/313/490
f 249/249/491 313/313/491 250/250/491
f 250/250/492 313/313/492 314/314/492
f 250/250/493 314/314/493 251/251/493
f 251/251/494 314/314/494 315/315/494
f 251/251/495 315/315/495 252/252/495
f 252/252/496 315/315/496 316/316/496
f 252/252/497 316/316/497 253/253/497
f 253/253/498 316/316/498 317/317/498
f 253/253/499 317/317/499 254/254/499
f 254/254/500 317/317/500 318/318/500
f 254/254/501 318/318/501 255/255/501
f 255/255/502 318/318/502 319/319/502
f 255/255/503 319/319/503 256/256/503
f 256/256/504 319/319/504 320/320/504
f 257/257/505 321/321/505 258/258/505
f 258/258/506 321/321/506 322/322/506
f 258/258/507 322/322/507 259/259/507
f 259/259/508 322/322/508 323/323/508
f 259/259/509 323/323/509 260/260/509
f 260/260/510 323/323/510 324/324/510
f 260/260/511 324/324/511 261/261/511
f 261/261/512 324/324/512 325/325/512
f 261/261/513 325/325/513 262/262/513
f 262/262/514 325/325/514 326/326/514
f 262/262/515 326/326/515 263/263/515
f 263/263/516 326/326/516 327/327/516
f 263/263/517 327/327/517 264/264/517
f 264/264/518 327/327/518 328/328/518
f 264/264/519 328/328/519 265/265/519
f 265/265/520 328/328/520 329/329/520
f 265/265/521 329/329/521 266/266/521
f 266/266/522 329/329/522 330/330/522
f 266/266/523 330/330/523 267/267/523
f 267/267/524 330/330/524 331/331/524
f 267/267/525 331/331/525 268/268/525
f 268/268/526 331/331/526 332/332/526
f 268/268/527 332/332/527 269/269/527
f 269/269/528 332/332/528 333/333/528
f 269/269/529 333/333/529 270/270/529
f 270/270/530 333/333/530 334/334/530
f 270/270/531 334/334/531 271/271/531
f 271/271/532 334/334/532 335/335/532
f 271/271/533 335/335/533 272/272/533
f 272/272/534 335/335/534 336/336/534
f 272/272/535 336/336/535 273/273/535
f 273/273/536 336/336/536 337/337/536
f 273/273/537 337/337/537 274/274/537
f 274/274/538 337/337/538 338/338/538
f 274/274/539 338/338/539 275/275/539
f 275/275/540 338/338/540 339/339/540
f 275/275/541 339/339/541 276/276/541
f 276/276/542 339/339/542 340/340/542
f 276/276/543 340/340/543 277/277/543
f 277/277/544 340/340/544 341/341/544
f 277/277/545 341/341/545 278/278/545
f 278/278/546 341/341/546 342/342/546
f 278/278/547 342/342/547 279/279/547
f 279/279/548 342/342/548 343/343/548
f 279/279/549 343/343/549 280/280/549
f 280/280/550 343/343/550 344/344/550
f 280/280/551 344/344/551 281/281/551
f 281/281/552 344/344/552 345/345/552
f 281/281/553 345/345/553 282/282/553
f 282/282/554 345/345/554 346/346/554
f 282/282/555 346/346/555 283/283/555
f 283/283/556 346/346/556 347/347/556
f 283/283/557 347/347/557 284/284/557
f 284/284/558 347/347/558 348/348/558
f 284/284/559 348/348/559 285/285/559
f 285/285/560 348/348/560 349/349/560
f 285/285/561 349/349/561 286/286/561
f 286/286/562 349/349/562 350/350/562
f 286/286/563 350/350/563 287/287/563
f 287/287/564 350/350/564 351/351/564
f 287/287/565 351/351/565 288/288/565
f 288/288/566 351/351/566 352/352/566
f 288/288/567 352/352/567 289/289/567
f 289/289/568 352/352/568 353/353/568
f 289/289/569 353/353/569 290/290/569
f 290/290/570 353/353/570 354/354/570
f 290/290/571 354/354/571 291/291/571
f 291/291/572 354/354/572 355/355/572
f 291/291/573 355/355/573 292/292/573
f 292/292/574 355/355/574 356/356/574
f 292/292/575 356/356/575 293/293/575
f 293/293/576 356/356/576 357/357/576
f 293/293/577 357/357/577 294/294/577
f 294/294/578 357/357/578 358/358/578
f 294/294/579 358/358/579 295/295/579
f 295/295/580 358/358/580 359/359/580
f 295/295/581 359/359/581 296/296/581
f 296/296/582 359/359/582 360/360/582
f 296/296/583 360/360/583 297/297/583
f 297/297/584 360/360/584 361/361/584
f 297/297/585 361/361/585 298/298/585
f 298/298/586 361/361/586 362/362/586
f 298/298/587 362/362/587 299/299/587
f 299/299/588 362/362/588 363/363/588
f 299/299/589 363/363/589 300/300/589
f 300/300/590 363/363/590 364/364/590
f 300/300/591 364/364/591 301/301/591
f 301/301/592 364/364/592 365/365/592
f 301/301/593 365/365/593 302/302/593
f 302/302/594 365/365/594 366/366/594
f 302/302/595 366/366/595 303/303/595
f 303/303/596 366/366/596 367/367/596
f 303/303/597 367/367/597 304/304/597
f 304/304/598 367/367/598 368/368/598
f 304/304/599 368/368/599 305/305/599
f 305/305/600 368/368/600 369/369/600
f 305/305/601 369/369/601 306/306/601
f 306/306/602 369/369/602 370/370/602
f 306/306/603 370/370/603 307/307/603
f 307/307/604 370/370/604 371/371/604
f 307/307/605 371/371/605 308/308/605
f 308/308/606 371/371/606 372/372/606
f 308/308/607 372/372/607 309/309/607
f 309/309/608 372/372/608 373/373/608
f 309/309/609 373/373/609 310/310/609
f 310/310/610 373/373/610 374/374/610
f 310/310/611 374/374/611 311/311/611
f 311/311/612 374/374/612 375/375/612
f 311/311/613 375/375/613 312/312/613
f 312/312/614 375/375/614 376/376/614
f 312/312/615 376/376/615 313/313/615
f 313/313/616 376/376/616 377/377/616
f 313/313/617 377/377/617 314/314/617
f 314/314/618 377/377/618 378/378/618
f 314/314/619 378/378/619 315/315/619
f 315/315/620 378/378/620 379/379/620
f 315/315/621 379/379/621 316/316/621
f 316/316/622 379/379/622 380/380/622
f 316/316/623 380/380/623 317/317/623
f 317/317/624 380/380/624 381/381/624
f 317/317/625 381/381/625 318/318/625
f 318/318/626 381/381/626 382/382/626
f 318/318/627 382/382/627 319/319/627
f 319/319/628 382/382/628 383/383/628
f 319/319/629 383/383/629 320/320/629
f 320/320/630 383/383/630 384/384/630
f 321/321/631 385/385/631 322/322/631
f 322/322/632 385/385/632 386/386/632
f 322/322/633 386/386/633 323/323/633
f 323/323/634 386/386/634 387/387/634
f 323/323/635 387/387/635 324/324/635
f 324/324/636 387/387/636 388/388/636
f 324/324/637 388/388/637 325/325/637
f 325/325/638 388/388/638 389/389/638
f 325/325/639 389/389/639 326/326/639
f 326/326/640 389/389/640 390/390/640
f 326/326/641 390/390/641 327/327/641
f 327/327/642 390/390/642 391/391/642
f 327/327/643 391/391/643 328/328/643
f 328/328/644 391/391/644 392/392/644
f 328/328/645 392/392/645 329/329/645
f 329/329/646 392/392/646 393/393/646
f 329/329/647 393/393/647 330/330/647
f 330/330/648 393/393/648 394/394/648
f 330/330/649 394/394/649 331/331/649
f 331/331/650 394/394/650 395/395/650
f 331/331/651 395/395/651 332/332/651
f 332/332/652 395/395/652 396/396/652
f 332/332/653 396/396/653 333/333/653
f 333/333/654 396/396/654 397/397/654
f 333/333/655 397/397/655 334/334/655
f 334/334/656 397/397/656 398/398/656
f 334/334/657 398/398/657 335/335/657
f 335/335/658 398/398/658 399/399/658
f 335/335/659 399/399/659 336/336/659
f 336/336/660 399/399/660 400/400/660
f 336/336/661 400/400/661 337/337/661
f 337/337/662 400/400/662 401/401/662
f 337/337/663 401/401/663 338/338/663
f 338/338/664 401/401/664 402/402/664
f 338/338/665 402/402/665 339/339/665
f 339/339/666 402/402/666 403/403/666
f 339/339/667 403/403/667 340/340/667
f 340/340/668 403/403/668 404/404/668
f 340/340/669 404/404/669 341/341/669
f 341/341/670 404/404/670 405/405/670
f 341/341/671 405/405/671 342/342/671
f 342/342/672 405/405/672 406/406/672
f 342/342/673 406/406/673 343/343/673
f 343/343/674 406/406/674 407/407/674
f 343/343/675 407/407/675 344/344/675
f 344/344/676 407/407/676 408/408/676
f 344/344/677 408/408/677 345/345/677
f 345/345/678 408/408/678 409/409/678
f 345/345/679 409/409/679 346/346/679
f 346/346/680 409/409/680 410/410/680
f 346/346/681 410/410/681 347/347/681
f 347/347/682 410/410/682 411/411/682
f 347/347/683 411/411/683 348/348/683
f 348/348/684 411/411/684 412/412/684
f 348/348/685 412/412/685 349/349/685
f 349/349/686 412/412/686 413/413/686
f 349/349/687 413/413/687 350/350/687
f 350/350/688 413/413/688 414/414/688
f 350/350/689 414/414/689 351/351/689
f 351/351/690 414/414/690 415/415/690
f 351/351/691 415/415/691 352/352/691
f 352/352/692 415/415/692 416/416/692
f 352/352/693 416/416/693 353/353/693
f 353/353/694 416/416/694 417/417/694
f 353/353/695 417/417/695 354/354/695
f 354/354/696 417/417/696 418/418/696
f 354/354/697 418/418/697 355/355/697
f 355/355/698 418/418/698 419/419/698
f 355/355/699 419/419/699 356/356/699
f 356/356/700 419/419/700 420/420/700
f 356/356/701 420/420/701 357/357/701
f 357/357/702 420/420/702 421/421/702
f 357/357/703 421/421/703 358/358/703
f 358/358/704 421/421/704 422/422/704
f 358/358/705 422/422/705 359/359/705
f 359/359/706 422/422/706 423/423/706
f 359/359/707 423/423/707 360/360/707
f 360/360/708 423/423/708 424/424/708
f 360/360/709 424/424/709 361/361/709
f 361/361/710 424/424/710 425/425/710
f 361/361/711 425/425/711 362/362/711
f 362/362/712 425/425/712 426/426/712
f 362/362/713 426/426/713 363/363/713
f 363/363/714 426/426/714 427/427/714
f 363/363/715 427/427/715 364/364/715
f 364/364/716 427/427/716 428/428/716
f 364/364/717 428/428/717 365/365/717
f 365/365/718 428/428/718 429/429/718
f 365/365/719 429/429/719 366/366/719
f 366/366/720 429/429/720 430/430/720
f 366/366/721 430/430/721 367/367/721
f 367/367/722 430/430/722 431/431/722
f 367/367/723 431/431/723 368/368/723
f 368/368/724 431/431/724 432/432/724
f 368/368/725 432/432/725 369/369/725
f 369/369/726 432/432/726 433/433/726
f 369/369/727 433/433/727 370/370/727
f 370/370/728 433/433/728 434/434/728
f 370/370/729 434/434/729 371/371/729
f 371/371/730 434/434/730 435/435/730
f 371/371/731 435/435/731 372/372/731
f 372/372/732 435/435/732 436/436/732
f 372/372/733 436/436/733 373/373/733
f 373/373/734 436/436/734 437/437/734
f 373/373/735 437/437/735 374/374/735
f 374/374/736 437/437/736 438/438/736
f 374/374/737 438/438/737 375/375/737
f 375/375/738 438/438/738 439/439/738
f 375/375/739 439/439/739 376/376/739
f 376/376/740 439/439/740 440/440/740
f 376/376/741 440/440/741 377/377/741
f 377/377/742 440/440/742 441/441/742
f 377/377/743 441/441/743 378/378/743
f 378/378/744 441/441/744 442/442/744
f 378/378/745 442/442/745 379/379/745
f 379/379/746 442/442/746 443/443/746
f 379/379/747 443/443/747 380/380/747
f 380/380/748 443/443/748 444/444/748
f 380/380/749 444/444/749 381/381/749
f 381/381/750 444/444/750 445/445/750
f 381/381/751 445/445/751 382/382/751
f 382/382/752 445/445/752 446/446/752
f 382/382/753 446/446/753 383/383/753
f 383/383/754 446/446/754 447/447/754
f 383/383/755 447/447/755 384/384/755
f 384/384/756 447/447/756 448/448/756
f 385/385/757 449/449/757 386/386/757
f 386/386/758 449/449/758 450/450/758
f 386/386/759 450/450/759 387/387/759
f 387/387/760 450/450/760 451/451/760
f 387/387/761 451/451/761 388/388/761
f 388/388/762 451/451/762 452/452/762
f 388/388/763 452/452/763 389/389/763
f 389/389/764 452/452/764 453/453/764
f 389/389/765 453/453/765 390/390/765
f 390/390/766 453/453/766 454/454/766
f 390/390/767 454/454/767 391/391/767
f 391/391/768 454/454/768 455/455/768
f 391/391/769 455/455/769 392/392/769
f 392/392/770 455/455/770 456/456/770
f 392/392/771 456/456/771 393/393/771
f 393/393/772 456/456/772 457/457/772
f 393/393/773 457/457/773 394/394/773
f 394/394/774 457/457/774 458/458/774
f 394/394/775 458/458/775 395/395/775
f 395/395/776 458/458/776 459/459/776
f 395/395/777 459/459/777 396/396/777
f 396/396/778 459/459/778 460/460/778
f 396/396/779 460/460/779 397/397/779
f 397/397/780 460/460/780 461/461/780
f 397/397/781 461/461/781 398/398/781
f 398/398/782 461/461/782 462/462/782
f 398/398/783 462/462/783 399/399/783
f 399/399/784 462/462/784 463/463/784
f 399/399/785 463/463/785 400/400/785
f 400/400/786 463/463/786 464/464/786
f 400/400/787 464/464/787 401/401/787
f 401/401/788 464/464/788 465/465/788
f 401/401/789 465/465/789 402/402/789
f 402/402/790 465/465/790 466/466/790
f 402/402/791 466/466/791 403/403/791
f 403/403/792 466/466/792 467/467/792
f 403/403/793 467/467/793 404/404/793
f 404/404/794 467/467/794 468/468/794
f 404/404/795 468/468/795 405/405/795
f 405/405/796 468/468/796 469/469/796
f 405/405/797 469/469/797 406/406/797
f 406/406/798 469/469/798 470/470/798
f 406/406/799 470/470/799 407/407/799
f 407/407/800 470/470/800 471/471/800
f 407/407/801 471/471/801 408/408/801
f 408/408/802 471/471/802 472/472/802
f 408/408/803 472/472/803 409/409/803
f 409/409/804 472/472/804 473/473/804
f 409/409/805 473/473/805 410/410/805
f 410/410/806 473/473/806 474/474/806
f 410/410/807 474/474/807 411/411/807
f 411/411/808 474/474/808 475/475/808
f 411/411/809 475/475/809 412/412/809
f 412/412/810 475/475/810 476/476/810
f 412/412/811 476/476/811 413/413/811
f 413/413/812 476/476/812 477/477/812
f 413/413/813 477/477/813 414/414/813
f 414/414/814 477/477/814 478/478/814
f 414/414/815 478/478/815 415/415/815
f 415/415/816 478/478/816 479/479/816
f 415/415/817 479/479/817 416/416/817
f 416/416/818 479/479/818 480/480/818
f 416/416/819 480/480/819 417/417/819
f 417/417/820 480/480/820 481/481/820
f 417/417/821 481/481/821 418/418/821
f 418/418/822 481/481/822 482/482/822
f 418/418/823 482/482/823 419/419/823
f 419/419/824 482/482/824 483/483/824
f 419/419/825 483/483/825 420/420/825
f 420/420/826 483/483/826 484/484/826
f 420/420/827 484/484/827 421/421/827
f 421/421/828 484/484/828 485/485/828
f 421/421/829 485/485/829 422/422/829
f 422/422/830 485/485/830 486/486/830
f 422/422/831 486/486/831 423/423/831
f 423/423/832 486/486/832 487/487/832
f 423/423/833 487/487/833 424/424/833
f 424/424/834 487/487/834 488/488/834
f 424/424/835 488/488/835 425/425/835
f 425/425/836 488/488/836 489/489/836
f 425/425/837 489/489/837 426/426/837
f 426/426/838 489/489/838 490/490/838
f 426/426/839 490/490/839 427/427/839
f 427/427/840 490/490/840 491/491/840
f 427/427/841 491/491/841 428/428/841
f 428/428/842 491/491/842 492/492/842
f 428/428/843 492/492/843 429/429/843
f 429/429/844 492/492/844 493/493/844
f 429/429/845 493/493/845 430/430/845
f 430/430/846 493/493/846 494/494/846
f 430/430/847 494/494/847 431/431/847
f 431/431/848 494/494/848 495/495/848
f 431/431/849 495/495/849 432/432/849
f 432/432/850 495/495/850 496/496/850
f 432/432/851 496/496/851 433/433/851
f 433/433/852 496/496/852 497/497/852
f 433/433/853 497/497/853 434/434/853
f 434/434/854 497/497/854 498/498/854
f 434/434/855 498/498/855 435/435/855
f 435/435/856 498/498/856 499/499/856
f 435/435/857 499/499/857 436/436/857
f 436/436/858 499/499/858 500/500/858
f 436/436/859 500/500/859 437/437/859
f 437/437/860 500/500/860 501/501/860
f 437/437/861 501/501/861 438/438/861
f 438/438/862 501/501/862 502/502/862
f 438/438/863 502/502/863 439/439/863
f 439/439/864 502/502/864 503/503/864
f 439/439/865 503/503/865 440/440/865
f 440/440/866 503/503/866 504/504/866
f 440/440/867 504/504/867 441/441/867
f 441/441/868 504/504/868 505/505/868
f 441/441/869 505/505/869 442/442/869
f 442/442/870 505/505/870 506/506/870
f 442/442/871 506/506/871 443/443/871
f 443/443/872 506/506/872 507/507/872
f 443/443/873 507/507/873 444/444/873
f 444/444/874 507/507/874 508/508/874
f 444/444/875 508/508/875 445/445/875
f 445/445/876 508/508/876 509/509/876
f 445/445/877 509/509/877 446/446/877
f 446/446/878 509/509/878 510/510/878
f 446/446/879 510/510/879 447/447/879
f 447/447/880 510/510/880 511/511/880
f 447/447/881 511/511/881 448/448/881
f 448/448/882 511/511/882 512/512/882
f 449/449/883 513/513/883 450/450/883
f 450/450/884 513/513/884 514/514/884
f 450/450/885 514/514/885 451/451/885
f 451/451/886 514/514/886 515/515/886
f 451/451/887 515/515/887 452/452/887
f 452/452/888 515/515/888 516/516/888
f 452/452/889 516/516/889 453/453/889
f 453/453/890 516/516/890 517/517/890
f 453/453/891 517/517/891 454/454/891
f 454/454/892 517/517/892 518/518/892
f 454/454/893 518/518/893 455/455/893
f 455/455/894 518/518/894 519/519/894
f 455/455/895 519/519/895 456/456/895
f 456/456/896 519/519/896 520/520/896
f 456/456/897 520/520/897 457/457/897
f 457/457/898 520/520/898 521/521/898
f 457/457/899 521/521/899 458/458/899
f 458/458/900 521/521/900 522/522/900
f 458/458/901 522/522/901 459/459/901
f 459/459/902 522/522/902 523/523/902
f 459/459/903 523/523/903 460/460/903
f 460/460/904 523/523/904 524/524/904
f 460/460/905 524/524/905 461/461/905
f 461/461/906 524/524/906 525/525/906
f 461/461/907 525/525/907 462/462/907
f 462/462/908 525/525/908 526/526/908
f 462/462/909 526/526/909 463/463/909
f 463/463/910 526/526/910 527/527/910
f 463/463/911 527/527/911 464/464/911
f 464/464/912 527/527/912 528/528/912
f 464/464/913 528/528/913 465/465/913
f 465/465/914 528/528/914 529/529/914
f 465/465/915 529/529/915 466/466/915
f 466/466/916 529/529/916 530/530/916
f 466/466/917 530/530/917 467/467/917
f 467/467/918 530/530/918 531/531/918
f 467/467/919 531/531/919 468/468/919
f 468/468/920 531/531/920 532/532/920
f 468/468/921 532/532/921 469/469/921
f 469/469/922 532/532/922 533/533/922
f 469/469/923 533/533/923 470/470/923
f 470/470/924 533/533/924 534/534/924
f 470/470/925 534/534/925 471/471/925
f 471/471/926 534/534/926 535/535/926
f 471/471/927 535/535/927 472/472/927
f 472/472/928 535/535/928 536/536/928
f 472/472/929 536/536/929 473/473/929
f 473/473/930 536/536/930 537/537/930
f 473/473/931 537/537/931 474/474/931
f 474/474/932 537/537/932 538/538/932
f 474/474/933 538/538/933 475/475/933
f 475/475/934 538/538/934 539/539/934
f 475/475/935 539/539/935 476/476/935
f 476/476/936 539/539/936 540/540/936
f 476/476/937 540/540/937 477/477/937
f 477/477/938 540/540/938 541/541/938
f 477/477/939 541/541/939 478/478/939
f 478/478/940 541/541/940 542/542/940
f 478/478/941 542/542/941 479/479/941
f 479/479/942 542/542/942 543/543/942
f 479/479/943 543/543/943 480/480/943
f 480/480/944 543/543/944 544/544/944
f 480/480/945 544/544/945 481/481/945
f 481/481/946 544/544/946 545/545/946
f 481/481/947 545/545/947 482/482/947
f 482/482/948 545/545/948 546/546/948
f 482/482/949 546/546/949 483/483/949
f 483/483/950 546/546/950 547/547/950
f 483/483/951 547/547/951 484/484/951
f 484/484/952 547/547/952 548/548/952
f 484/484/953 548/548/953 485/485/953
f 485/485/954 548/548/954 549/549/954
f 485/485/955 549/549/955 486/486/955
f 486/486/956 549/549/956 550/550/956
f 486/486/957 550/550/957 487/487/957
f 487/487/958 550/550/958 551/551/958
f 487/487/959 551/551/959 488/488/959
f 488/488/960 551/551/960 552/552/960
f 488/488/961 552/552/961 489/489/961
f 489/489/962 552/552/962 553/553/962
f 489/489/963 553/553/963 490/490/963
f 490/490/964 553/553/964 554/554/964
f 490/490/965 554/554/965 491/491/965
f 491/491/966 554/554/966 555/555/966
f 491/491/967 555/555/967 492/492/967
f 492/492/968 555/555/968 556/556/968
f 492/492/969 556/556/969 493/493/969
f 493/493/970 556/556/970 557/557/970
f 493/493/971 557/557/971 494/494/971
f 494/494/972 557/557/972 558/558/972
f 494/494/973 558/558/973 495/495/973
f 495/495/974 558/558/974 559/559/974
f 495/495/975 559/559/975 496/496/975
f 496/496/976 559/559/976 560/560/976
f 496/496/977 560/560/977 497/497/977
f 497/497/978 560/560/978 561/561/978
f 497/497/979 561/561/979 498/498/979
f 498/498/980 561/561/980 562/562/980
f 498/498/981 562/562/981 499/499/981
f 499/499/982 562/562/982 563/563/982
f 499/499/983 563/563/983 500/500/983
f 500/500/984 563/563/984 564/564/984
f 500/500/985 564/564/985 501/501/985
f 501/501/986 564/564/986 565/565/986
f 501/501/987 565/565/987 502/502/987
f 502/502/988 565/565/988 566/566/988
f 502/502/989 566/566/989 503/503/989
f 503/503/990 566/566/990 567/567/990
f 503/503/991 567/567/991 504/504/991
f 504/504/992 567/567/992 568/568/992
f 504/504/993 568/568/993 505/505/993
f 505/505/994 568/568/994 569/569/994
f 505/505/995 569/569/995 506/506/995
f 506/506/996 569/569/996 570/570/996
f 506/506/997 570/570/997 507/507/997
f 507/507/998 570/570/998 571/571/998
f 507/507/999 571/571/999 508/508/999
f 508/508/1000 571/571/1000 572/572/1000
f 508/508/1001 572/572/1001 509/509/1001
f 509/509/1002 572/572/1002 573/573/1002
f 509/509/1003 573/573/1003 510/510/1003
f 510/510/1004 573/573/1004 574/574/1004
f 510/510/1005 574/574/1005 511/511/1005
f 511/511/1006 574/574/1006 575/575/1006
f 511/511/1007 575/575/1007 512/512/1007
f 512/512/1008 575/575/1008 576/576/1008
f 513/513/1009 577/577/1009 514/514/1009
f 514/514/1010 577/577/1010 578/578/1010
f 514/514/1011 578/578/1011 515/515/1011
f 515/515/1012 578/578/1012 579/579/1012
f 515/515/1013 579/579/1013 516/516/1013
f 516/516/1014 579/579/1014 580/580/1014
f 516/516/1015 580/580/1015 517/517/1015
f 517/517/1016 580/580/1016 581/581/1016
f 517/517/1017 581/581/1017 518/518/1017
f 518/518/1018 581/581/1018 582/582/1018
f 518/518/1019 582/582/1019 519/519/1019
f 519/519/1020 582/582/1020 583/583/1020
f 519/519/1021 583/583/1021 520/520/1021
f 520/520/1022 583/583/1022 584/584/1022
f 520/520/1023 584/584/1023 521/521/1023
f 521/521/1024 584/584/1024 585/585/1024
f 521/521/1025 585/585/1025 522/522/1025
f 522/522/1026 585/585/1026 586/586/1026
f 522/522/1027 586/586/1027 523/523/1027
f 523/523/1028 586/586/1028 587/587/1028
f 523/523/1029 587/587/1029 524/524/1029
f 524/524/1030 587/587/1030 588/588/1030
f 524/524/1031 588/588/1031 525/525/1031
f 525/525/1032 588/588/1032 589/589/1032
f 525/525/1033 589/589/1033 526/526/1033
f 526/526/1034 589/589/1034 590/590/1034
f 526/526/1035 590/590/1035 527/527/1035
f 527/527/1036 590/590/1036 591/591/1036
f 527/527/1037 591/591/1037 528/528/1037
f 528/528/1038 591/591/1038 592/592/1038
f 528/528/1039 592/592/1039 529/529/1039
f 529/529/1040 592/592/1040 593/593/1040
f 529/529/1041 593/593/1041 530/530/1041
f 530/530/1042 593/593/1042 594/594/1042
f 530/530/1043 594/594/1043 531/531/1043
f 531/531/1044 594/594/1044 595/595/1044
f 531/531/1045 595/595/1045 532/532/1045
f 532/532/1046 595/595/1046 596/596/1046
f 532/532/1047 596/596/1047 533/533/1047
f 533/533/1048 596/596/1048 597/597/1048
f 533/533/1049 597/597/1049 534/534/1049
f 534/534/1050 597/597/1050 598/598/1050
f 534/534/1051 598/598/1051 535/535/1051
f 535/535/1052 598/598/1052 599/599/1052
f 535/535/1053 599/599/1053 536/536/1053
f 536/536/1054 599/599/1054 600/600/1054
f 536/536/1055 600/600/1055 537/537/1055
f 537/537/1056 600/600/1056 601/601/1056
f 537/537/1057 601/601/1057 538/538/1057
f 538/538/1058 601/601/1058 602/602/1058
f 538/538/1059 602/602/1059 539/539/1059
f 539/539/1060 602/602/1060 603/603/1060
f 539/539/1061 603/603/1061 540/540/1061
f 540/540/1062 603/603/1062 604/604/1062
f 540/540/1063 604/604/1063 541/541/1063
f 541/541/1064 604/604/1064 605/605/1064
f 541/541/1065 605/605/1065 542/542/1065
f 542/542/1066 605/605/1066 606/606/1066
f 542/542/1067 606/606/1067 543/543/1067
f 543/543/1068 606/606/1068 607/607/1068
f 543/543/1069 607/607/1069 544/544/1069
f 544/544/1070 607/607/1070 608/608/1070
f 544/544/1071 608/608/1071 545/545/1071
f 545/545/1072 608/608/1072 609/609/1072
f 545/545/1073 609/609/1073 546/546/1073
f 546/546/1074 609/609/1074 610/610/1074
f 546/546/1075 610/610/1075 547/547/1075
f 547/547/1076 610/610/1076 611/611/1076
f 547/547/1077 611/611/1077 548/548/1077
f 548/548/1078 611/611/1078 612/612/1078
f 548/548/1079 612/612/1079 549/549/1079
f 549/549/1080 612/612/1080 613/613/1080
f 549/549/1081 613/613/1081 550/550/1081
f 550/550/1082 613/613/1082 614/614/1082
f 550/550/1083 614/614/1083 551/551/1083
f 551/551/1084 614/614/1084 615/615/1084
f 551/551/1085 615/615/1085 552/552/1085
f 552/552/1086 615/615/1086 616/616/1086
f 552/552/1087 616/616/1087 553/553/1087
f 553/553/1088 616/616/1088 617/617/1088
f 553/553/1089 617/617/1089 554/554/1089
f 554/554/1090 617/617/1090 618/618/1090
f 554/554/1091 618/618/1091 555/555/1091
f 555/555/1092 618/618/1092 619/619/1092
f 555/555/1093 619/619/1093 556/556/1093
f 556/556/1094 619/619/1094 620/620/1094
f 556/556/1095 620/620/1095 557/557/1095
f 557/557/1096 620/620/1096 621/621/1096
f 557/557/1097 621/621/1097 558/558/1097
f 558/558/1098 621/621/1098 622/622/1098
f 558/558/1099 622/622/1099 559/559/1099
f 559/559/1100 622/622/1100 623/623/1100
f 559/559/1101 623/623/1101 560/560/1101
f 560/560/1102 623/623/1102 624/624/1102
f 560/560/1103 624/624/1103 561/561/1103
f 561/561/1104 624/624/1104 625/625/1104
f 561/561/1105 625/625/1105 562/562/1105
f 562/562/1106 625/625/1106 626/626/1106
f 562/562/1107 626/626/1107 563/563/1107
f 563/563/1108 626/626/1108 627/627/1108
f 563/563/1109 627/627/1109 564/564/1109
f 564/564/1110 627/627/1110 628/628/1110
f 564/564/1111 628/628/1111 565/565/1111
f 565/565/1112 628/628/1112 629/629/1112
f 565/565/1113 629/629/1113 566/566/1113
f 566/566/1114 629/629/1114 630/630/1114
f 566/566/1115 630/630/1115 567/567/1115
f 567/567/1116 630/630/1116 631/631/1116
f 567/567/1117 631/631/1117 568/568/1117
f 568/568/1118 631/631/1118 632/632/1118
f 568/568/1119 632/632/1119 569/569/1119
f 569/569/1120 632/632/1120 633/633/1120
f 569/569/1121 633/633/1121 570/570/1121
f 570/570/1122 633/633/1122 634/634/1122
f 570/570/1123 634/634/1123 571/571/1123
f 571/571/1124 634/634/1124 635/635/1124
f 571/571/1125 635/635/1125 572/572/1125
f 572/572/1126 635/635/1126 636/636/1126
f 572/572/1127 636/636/1127 573/573/1127
f 573/573/1128 636/636/1128 637/637/1128
f 573/573/1129 637/637/1129 574/574/1129
f 574/574/1130 637/637/1130 638/638/1130
f 574/574/1131 638/638/1131 575/575/1131
f 575/575/1132 638/638/1132 639/639/1132
f 575/575/1133 639/639/1133 576/576/1133
f 576/576/1134 639/639/1134 640/640/1134
f 577/577/1135 641/641/1135 578/578/1135
f 578/578/1136 641/641/1136 642/642/1136
f 578/578/1137 642/642/1137 579/579/1137
f 579/579/1138 642/642/1138 643/643/1138
f 579/579/1139 643/643/1139 580/580/1139
f 580/580/1140 643/643/1140 644/644/1140
f 580/580/1141 644/644/1141 581/581/1141
f 581/581/1142 644/644/1142 645/645/1142
f 581/581/1143 645/645/1143 582/582/1143
f 582/582/1144 645/645/1144 646/646/1144
f 582/582/1145 646/646/1145 583/583/1145
f 583/583/1146 646/646/1146 647/647/1146
f 583/583/1147 647/647/1147 584/584/1147
f 584/584/1148 647/647/1148 648/648/1148
f 584/584/1149 648/648/1149 585/585/1149
f 585/585/1150 648/648/1150 649/649/1150
f 585/585/1151 649/649/1151 586/586/1151
f 586/586/1152 649/649/1152 650/650/1152
f 586/586/1153 650/650/1153 587/587/1153
f 587/587/1154 650/650/1154 651/651/1154
f 587/587/1155 651/651/1155 588/588/1155
f 588/588/1156 651/651/1156 652/652/1156
f 588/588/1157 652/652/1157 589/589/1157
f 589/589/1158 652/652/1158 653/653/1158
f 589/589/1159 653/653/1159 590/590/1159
f 590/590/1160 653/653/1160 654/654/1160
f 590/590/1161 654/654/1161 591/591/1161
f 591/591/1162 654/654/1162 655/655/1162
f 591/591/1163 655/655/1163 592/592/1163
f 592/592/1164 655/655/1164 656/656/1164
f 592/592/1165 656/656/1165 593/593/1165
f 593/593/1166 656/656/1166 657/657/1166
f 593/593/1167 657/657/1167 594/594/1167
f 594/594/1168 657/657/1168 658/658/1168
f 594/594/1169 658/658/1169 595/595/1169
f 595/595/1170 658/658/1170 659/659/1170
f 595/595/1171 659/659/1171 596/596/1171
f 596/596/1172 659/659/1172 660/660/1172
f 596/596/1173 660/660/1173 597/597/1173
f 597/597/1174 660/660/1174 661/661/1174
f 597/597/1175 661/661/1175 598/598/1175
f 598/598/1176 661/661/1176 662/662/1176
f 598/598/1177 662/662/1177 599/599/1177
f 599/599/1178 662/662/1178 663/663/1178
f 599/599/1179 663/663/1179 600/600/1179
f 600/600/1180 663/663/1180 664/664/1180
f 600/600/1181 664/664/1181 601/601/1181
f 601/601/1182 664/664/1182 665/665/1182
f 601/601/1183 665/665/1183 602/602/1183
f 602/602/1184 665/665/1184 666/666/1184
f 602/602/1185 666/666/1185 603/603/1185
f 603/603/1186 666/666/1186 667/667/1186
f 603/603/1187 667/667/1187 604/604/1187
f 604/604/1188 667/667/1188 668/668/1188
f 604/604/1189 668/668/1189 605/605/1189
f 605/605/1190 668/668/1190 669/669/1190
f 605/605/1191 669/669/1191 606/606/1191
f 606/606/1192 669/669/1192 670/670/1192
f 606/606/1193 670/670/1193 607/607/1193
f 607/607/1194 670/670/1194 671/671/1194
f 607/607/1195 671/671/1195 608/608/1195
f 608/608/1196 671/671/1196 672/672/1196
f 608/608/1197 672/672/1197 609/609/1197
f 609/609/1198 672/672/1198 673/673/1198
f 609/609/1199 673/673/1199 610/610/1199
f 610/610/1200 673/673/1200 674/674/1200
f 610/610/1201 674/674/1201 611/611/1201
f 611/611/1202 674/674/1202 675/675/1202
f 611/611/1203 675/675/1203 612/612/1203
f 612/612/1204 675/675/1204 676/676/1204
f 612/612/1205 676/676/1205 613/613/1205
f 613/613/1206 676/676/1206 677/677/1206
f 613/613/1207 677/677/1207 614/614/1207
f 614/614/1208 677/677/1208 678/678/1208
f 614/614/1209 678/678/1209 615/615/1209
f 615/615/1210 678/678/1210 679/679/1210
f 615/615/1211 679/679/1211 616/616/1211
f 616/616/1212 679/679/1212 680/680/1212
f 616/616/1213 680/680/1213 617/617/1213
f 617/617/1214 680/680/1214 681/681/1214
f 617/617/1215 681/681/1215 618/618/1215
f 618/618/1216 681/681/1216 682/682/1216
f 618/618/1217 682/682/1217 619/619/1217
f 619/619/1218 682/682/1218 683/683/1218
f 619/619/1219 683/683/1219 620/620/1219
f 620/620/1220 683/683/1220 684/684/1220
f 620/620/1221 684/684/1221 621/621/1221
f 621/621/1222 684/684/1222 685/685/1222
f 621/621/1223 685/685/1223 622/622/1223
f 622/622/1224 685/685/1224 686/686/1224
f 622/622/1225 686/686/1225 623/623/1225
f 623/623/1226 686/686/1226 687/687/1226
f 623/623/1227 687/687/1227 624/624/1227
f 624/624/1228 687/687/1228 688/688/1228
f 624/624/1229 688/688/1229 625/625/1229
f 625/625/1230 688/688/1230 689/689/1230
f 625/625/1231 689/689/1231 626/626/1231
f 626/626/1232 689/689/1232 690/690/1232
f 626/626/1233 690/690/1233 627/627/1233
f 627/627/1234 690/690/1234 691/691/1234
f 627/627/1235 691/691/1235 628/628/1235
f 628/628/1236 691/691/1236 692/692/1236
f 628/628/1237 692/692/1237 629/629/1237
f 629/629/1238 692/692/1238 693/693/1238
f 629/629/1239 693/693/1239 630/630/1239
f 630/630/1240 693/693/1240 694/694/1240
f 630/630/1241 694/694/1241 631/631/1241
f 631/631/1242 694/694/1242 695/695/1242
f 631/631/1243 695/695/1243 632/632/1243
f 632/632/1244 695/695/1244 696/696/1244
f 632/632/1245 696/696/1245 633/633/1245
f 633/633/1246 696/696/1246 697/697/1246
f 633/633/1247 697/697/1247 634/634/1247
f 634/634/1248 697/697/1248 698/698/1248
f 634/634/1249 698/698/1249 635/635/1249
f 635/635/1250 698/698/1250 699/699/1250
f 635/635/1251 699/699/1251 636/636/1251
f 636/636/1252 699/699/1252 700/700/1252
f 636/636/1253 700/700/1253 637/637/1253
f 637/637/1254 700/700/1254 701/701/1254
f 637/637/1255 701/701/1255 638/638/1255
f 638/638/1256 701/701/1256 702/702/1256
f 638/638/1257 702/702/1257 639/639/1257
f 639/639/1258 702/702/1258 703/703/1258
f 639/639/1259 703/703/1259 640/640/1259
f 640/640/1260 703/703/1260 704/704/1260
f 641/641/1261 705/705/1261 642/642/1261
f 642/642/1262 705/705/1262 706/706/1262
f 642/642/1263 706/706/1263 643/643/1263
f 643/643/1264 706/706/1264 707/707/1264
f 643/643/1265 707/707/1265 644/644/1265
f 644/644/1266 707/707/1266 708/708/1266
f 644/644/1267 708/708/1267 645/645/1267
f 645/645/1268 708/708/1268 709/709/1268
f 645/645/1269 709/709/1269 646/646/1269
f 646/646/1270 709/709/1270 710/710/1270
f 646/646/1271 710/710/1271 647/647/1271
f 647/647/1272 710/710/1272 711/711/1272
f 647/647/1273 711/711/1273 648/648/1273
f 648/648/1274 711/711/1274 712/712/1274
f 648/648/1275 712/712/1275 649/649/1275
f 649/649/1276 712/712/1276 713/713/1276
f 649/649/1277 713/713/1277 650/650/1277
f 650/650/1278 713/713/1278 714/714/1278
f 650/650/1279 714/714/1279 651/651/1279
f 651/651/1280 714/714/1280 715/715/1280
f 651/651/1281 715/715/1281 652/652/1281
f 652/652/1282 715/715/1282 716/716/1282
f 652/652/1283 716/716/1283 653/653/1283
f 653/653/1284 716/716/1284 717/717/1284
f 653/653/1285 717/717/1285 654/654/1285
f 654/654/1286 717/717/1286 718/718/1286
f 654/654/1287 718/718/1287 655/655/1287
f 655/655/1288 718/718/1288 719/719/1288
f 655/655/1289 719/719/1289 656/656/1289
f 656/656/1290 719/719/1290 720/720/1290
f 656/656/1291 720/720/1291 657/657/1291
f 657/657/1292 720/720/1292 721/721/1292
f 657/657/1293 721/721/1293 658/658/1293
f 658/658/1294 721/721/1294 722/722/1294
f 658/658/1295 722/722/1295 659/659/1295
f 659/659/1296 722/722/1296 723/723/1296
f 659/659/1297 723/723/1297 660/660/1297
f 660/660/1298 723/723/1298 724/724/1298
f 660/660/1299 724/724/1299 661/661/1299
f 661/661/1300 724/724/1300 725/725/1300
f 661/661/1301 725/725/1301 662/662/1301
f 662/662/1302 725/725/1302 726/726/1302
f 662/662/1303 726/726/1303 663/663/1303
f 663/663/1304 726/726/1304 727/727/1304
f 663/663/1305 727/727/1305 664/664/1305
f 664/664/1306 727/727/1306 728/728/1306
f 664/664/1307 728/728/1307 665/665/1307
f 665/665/1308 728/728/1308 729/729/1308
f 665/665/1309 729/729/1309 666/666/1309
f 666/666/1310 729/729/1310 730/730/1310
f 666/666/1311 730/730/1311 667/667/1311
f 667/667/1312 730/730/1312 731/731/1312
f 667/667/1313 731/731/1313 668/668/1313
f 668/668/1314 731/731/1314 732/732/1314
f 668/668/1315 732/732/1315 669/669/1315
f 669/669/1316 732/732/1316 733/733/1316
f 669/669/1317 733/733/1317 670/670/1317
f 670/670/1318 733/733/1318 734/734/1318
f 670/670/1319 734/734/1319 671/671/1319
f 671/671/1320 734/734/1320 735/735/1320
f 671/671/1321 735/735/1321 672/672/1321
f 672/672/1322 735/735/1322 736/736/1322
f 672/672/1323 736/736/1323 673/673/1323
f 673/673/1324 736/736/1324 737/737/1324
f 673/673/1325 737/737/1325 674/674/1325
f 674/674/1326 737/737/1326 738/738/1326
f 674/674/1327 738/738/1327 675/675/1327
f 675/675/1328 738/738/1328 739/739/1328
f 675/675/1329 739/739/1329 676/676/1329
f 676/676/1330 739/739/1330 740/740/1330
f 676/676/1331 740/740/1331 677/677/1331
f 677/677/1332 740/740/1332 741/741/1332
f 677/677/1333 741/741/1333 678/678/1333
f 678/678/1334 741/741/1334 742/742/1334
f 678/678/1335 742/742/1335 679/679/1335
f 679/679/1336 742/742/1336 743/743/1336
f 679/679/1337 743/743/1337 680/680/1337
f 680/680/1338 743/743/1338 744/744/1338
f 680/680/1339 744/744/1339 681/681/1339
f 681/681/1340 744/744/1340 745/745/1340
f 681/681/1341 745/745/1341 682/682/1341
f 682/682/1342 745/745/1342 746/746/1342
f 682/682/1343 746/746/1343 683/683/1343
f 683/683/1344 746/746/1344 747/747/1344
f 683/683/1345 747/747/1345 684/684/1345
f 684/684/1346 747/747/1346 748/748/1346
f 684/684/1347 748/748/1347 685/685/1347
f 685/685/1348 748/748/1348 749/749/1348
f 685/685/1349 749/749/1349 686/686/1349
f 686/686/1350 749/749/1350 750/750/1350
f 686/686/1351 750/750/1351 687/687/1351
f 687/687/1352 750/750/1352 751/751/1352
f 687/687/1353 751/751/1353 688/688/1353
f 688/688/1354 751/751/1354 752/752/1354
f 688/688/1355 752/752/1355 689/689/1355
f 689/689/1356 752/752/1356 753/753/1356
f 689/689/1357 753/753/1357 690/690/1357
f 690/690/1358 753/753/1358 754/754/1358
f 690/690/1359 754/754/1359 691/691/1359
f 691/691/1360 754/754/1360 755/755/1360
f 691/691/1361 755/755/1361 692/692/1361
f 692/692/1362 755/755/1362 756/756/1362
f 692/692/1363 756/756/1363 693/693/1363
f 693/693/1364 756/756/1364 757/757/1364
f 693/693/1365 757/757/1365 694/694/1365
f 694/694/1366 757/757/1366 758/758/1366
f 694/694/1367 758/758/1367 695/695/1367
f 695/695/1368 758/758/1368 759/759/1368
f 695/695/1369 759/759/1369 696/696/1369
f 696/696/1370 759/759/1370 760/760/1370
f 696/696/1371 760/760/1371 697/697/1371
f 697/697/1372 760/760/1372 761/761/1372
f 697/697/1373 761/761/1373 698/698/1373
f 698/698/1374 761/761/1374 762/762/1374
f 698/698/1375 762/762/1375 699/699/1375
f 699/699/1376 762/762/1376 763/763/1376
f 699/699/1377 763/763/1377 700/700/1377
f 700/700/1378 763/763/1378 764/764/1378
f 700/700/1379 764/764/1379 701/701/1379
f 701/701/1380 764/764/1380 765/765/1380
f 701/701/1381 765/765/1381 702/702/1381
f 702/702/1382 765/765/1382 766/766/1382
f 702/702/1383 766/766/1383 703/703/1383
f 703/703/1384 766/766/1384 767/767/1384
f 703/703/1385 767/767/1385 704/704/1385
f 704/704/1386 767/767/1386 768/768/1386
f 705/705/1387 769/769/1387 706/706/1387
f 706/706/1388 769/769/1388 770/770/1388
f 706/706/1389 770/770/1389 707/707/1389
f 707/707/1390 770/770/1390 771/771/1390
f 707/707/1391 771/771/1391 708/708/1391
f 708/708/1392 771/771/1392 772/772/1392
f 708/708/1393 772/772/1393 709/709/1393
f 709/709/1394 772/772/1394 773/773/1394
f 709/709/1395 773/773/1395 710/710/1395
f 710/710/1396 773/773/1396 774/774/1396
f 710/710/1397 774/774/1397 711/711/1397
f 711/711/1398 774/774/1398 775/775/1398
f 711/711/1399 775/775/1399 712/712/1399
f 712/712/1400 775/775/1400 776/776/1400
f 712/712/1401 776/776/1401 713/713/1401
f 713/713/1402 776/776/1402 777/777/1402
f 713/713/1403 777/777/1403 714/714/1403
f 714/714/1404 777/777/1404 778/778/1404
f 714/714/1405 778/778/1405 715/715/1405
f 715/715/1406 778/778/1406 779/779/1406
f 715/715/1407 779/779/1407 716/716/1407
f 716/716/1408 779/779/1408 780/780/1408
f 716/716/1409 780/780/1409 717/717/1409
f 717/717/1410 780/780/1410 781/781/1410
f 717/717/1411 781/781/1411 718/718/1411
f 718/718/1412 781/781/1412 782/782/1412
f 718/718/1413 782/782/1413 719/719/1413
f 719/719/1414 782/782/1414 783/783/1414
f 719/719/1415 783/783/1415 720/720/1415
f 720/720/1416 783/783/1416 784/784/1416
f 720/720/1417 784/784/1417 721/721/1417
f 721/721/1418 784/784/1418 785/785/1418
f 721/721/1419 785/785/1419 722/722/1419
f 722/722/1420 785/785/1420 786/786/1420
f 722/722/1421 786/786/1421 723/723/1421
f 723/723/1422 786/786/1422 787/787/1422
f 723/723/1423 787/787/1423 724/724/1423
f 724/724/1424 787/787/1424 788/788/1424
f 724/724/1425 788/788/1425 725/725/1425
f 725/725/1426 788/788/1426 789/789/1426
f 725/725/1427 789/789/1427 726/726/1427
f 726/726/1428 789/789/1428 790/790/1428
f 726/726/1429 790/790/1429 727/727/1429
f 727/727/1430 790/790/1430 791/791/1430
f 727/727/1431 791/791/1431 728/728/1431
f 728/728/1432 791/791/1432 792/792/1432
f 728/728/1433 792/792/1433 729/729/1433
f 729/729/1434 792/792/1434 793/793/1434
f 729/729/1435 793/793/1435 730/730/1435
f 730/730/1436 793/793/1436 794/794/1436
f 730/730/1437 794/794/1437 731/731/1437
f 731/731/1438 794/794/1438 795/795/1438
f 731/731/1439 795/795/1439 732/732/1439
f 732/732/1440 795/795/1440 796/796/1440
f 732/732/1441 796/796/1441 733/733/1441
f 733/733/1442 796/796/1442 797/797/1442
f 733/733/1443 797/797/1443 734/734/1443
f 734/734/1444 797/797/1444 798/798/1444
f 734/734/1445 798/798/1445 735/735/1445
f 735/735/1446 798/798/1446 799/799/1446
f 735/735/1447 799/799/1447 736/736/1447
f 736/736/1448 799/799/1448 800/800/1448
f 736/736/1449 800/800/1449 737/737/1449
f 737/737/1450 800/800/1450 801/801/1450
f 737/737/1451 801/801/1451 738/738/1451
f 738/738/1452 801/801/1452 802/802/1452
f 738/738/1453 802/802/1453 739/739/1453
f 739/739/1454 802/802/1454 803/803/1454
f 739/739/1455 803/803/1455 740/740/1455
f 740/740/1456 803/803/1456 804/804/1456
f 740/740/1457 804/804/1457 741/741/1457
f 741/741/1458 804/804/1458 805/805/1458
f 741/741/1459 805/805/1459 742/742/1459
f 742/742/1460 805/805/1460 806/806/1460
f 742/742/1461 806/806/1461 743/743/1461
f 743/743/1462 806/806/1462 807/807/1462
f 743/743/1463 807/807/1463 744/744/1463
f 744/744/1464 807/807/1464 808/808/1464
f 744/744/1465 808/808/1465 745/745/1465
f 745/745/1466 808/808/1466 809/809/1466
f 745/745/1467 809/809/1467 746/746/1467
f 746/746/1468 809/809/1468 810/810/1468
f 746/746/1469 810/810/1469 747/747/1469
f 747/747/1470 810/810/1470 811/811/1470
f 747/747/1471 811/811/1471 748/748/1471
f 748/748/1472 811/811/1472 812/812/1472
f 748/748/1473 812/812/1473 749/749/1473
f 749/749/1474 812/812/1474 813/813/1474
f 749/749/1475 813/813/1475 750/750/1475
f 750/750/1476 813/813/1476 814/814/1476
f 750/750/1477 814/814/1477 751/751/1477
f 751/751/1478 814/814/1478 815/815/1478
f 751/751/1479 815/815/1479 752/752/1479
f 752/752/1480 815/815/1480 816/816/1480
f 752/752/1481 816/816/1481 753/753/1481
f 753/753/1482 816/816/1482 817/817/1482
f 753/753/1483 817/817/1483 754/754/1483
f 754/754/1484 817/817/1484 818/818/1484
f 754/754/1485 818/818/1485 755/755/1485
f 755/755/1486 818/818/1486 819/819/1486
f 755/755/1487 819/819/1487 756/756/1487
f 756/756/1488 819/819/1488 820/820/1488
f 756/756/1489 820/820/1489 757/757/1489
f 757/757/1490 820/820/1490 821/821/1490
f 757/757/1491 821/821/1491 758/758/1491
f 758/758/1492 821/821/1492 822/822/1492
f 758/758/1493 822/822/1493 759/759/1493
f 759/759/1494 822/822/1494 823/823/1494
f 759/759/1495 823/823/1495 760/760/1495
f 760/760/1496 823/823/1496 824/824/1496
f 760/760/1497 824/824/1497 761/761/1497
f 761/761/1498 824/824/1498 825/825/1498
f 761/761/1499 825/825/1499 762/762/1499
f 762/762/1500 825/825/1500 826/826/1500
f 762/762/1501 826/826/1501 763/763/1501
f 763/763/1502 826/826/1502 827/827/1502
f 763/763/1503 827/827/1503 764/764/1503
f 764/764/1504 827/827/1504 828/828/1504
f 764/764/1505 828/828/1505 765/765/1505
f 765/765/1506 828/828/1506 829/829/1506
f 765/765/1507 829/829/1507 766/766/1507
f 766/766/1508 829/829/1508 830/830/1508
f 766/766/1509 830/830/1509 767/767/1509
f 767/767/1510 830/830/1510 831/831/1510
f 767/767/1511 831/831/1511 768/768/1511
f 768/768/1512 831/831/1512 832/832/1512
f 769/769/1513 833/833/1513 770/770/1513
f 770/770/1514 833/833/1514 834/834/1514
f 770/770/1515 834/834/1515 771/771/1515
f 771/771/1516 834/834/1516 835/835/1516
f 771/771/1517 835/835/1517 772/772/1517
f 772/772/1518 835/835/1518 836/836/1518
f 772/772/1519 836/836/1519 773/773/1519
f 773/773/1520 836/836/1520 837/837/1520
f 773/773/1521 837/837/1521 774/774/1521
f 774/774/1522 837/837/1522 838/838/1522
f 774/774/1523 838/838/1523 775/775/1523
f 775/775/1524 838/838/1524 839/839/1524
f 775/775/1525 839/839/1525 776/776/1525
f 776/776/1526 839/839/1526 840/840/1526
f 776/776/1527 840/840/1527 777/777/1527
f 777/777/1528 840/840/1528 841/841/1528
f 777/777/1529 841/841/1529 778/778/1529
f 778/778/1530 841/841/1530 842/842/1530
f 778/778/1531 842/842/1531 779/779/1531
f 779/779/1532 842/842/1532 843/843/1532
f 779/779/1533 843/843/1533 780/780/1533
f 780/780/1534 843/843/1534 844/844/1534
f 780/780/1535 844/844/1535 781/781/1535
f 781/781/1536 844/844/1536 845/845/1536
f 781/781/1537 845/845/1537 782/782/1537
f 782/782/1538 845/845/1538 846/846/1538
f 782/782/1539 846/846/1539 783/783/1539
f 783/783/1540 846/846/1540 847/847/1540
f 783/783/1541 847/847/1541 784/784/1541
f 784/784/1542 847/847/1542 848/848/1542
f 784/784/1543 848/848/1543 785/785/1543
f 785/785/1544 848/848/1544 849/849/1544
f 785/785/1545 849/849/1545 786/786/1545
f 786/786/1546 849/849/1546 850/850/1546
f 786/786/1547 850/850/1547 787/787/1547
f 787/787/1548 850/850/1548 851/851/1548
f 787/787/1549 851/851/1549 788/788/1549
f 788/788/1550 851/851/1550 852/852/1550
f 788/788/1551 852/852/1551 789/789/1551
f 789/789/1552 852/852/1552 853/853/1552
f 789/789/1553 853/853/1553 790/790/1553
f 790/790/1554 853/853/1554 854/854/1554
f 790/790/1555 854/854/1555 791/791/1555
f 791/791/1556 854/854/1556 855/855/1556
f 791/791/1557 855/855/1557 792/792/1557
f 792/792/1558 855/855/1558 856/856/1558
f 792/792/1559 856/856/1559 793/793/1559
f 793/793/1560 856/856/1560 857/857/1560
f 793/793/1561 857/857/1561 794/794/1561
f 794/794/1562 857/857/1562 858/858/1562
f 794/794/1563 858/858/1563 795/795/1563
f 795/795/1564 858/858/1564 859/859/1564
f 795/795/1565 859/859/1565 796/796/1565
f 796/796/1566 859/859/1566 860/860/1566
f 796/796/1567 860/860/1567 797/797/1567
f 797/797/1568 860/860/1568 861/861/1568
f 797/797/1569 861/861/1569 798/798/1569
f 798/798/1570 861/861/1570 862/862/1570
f 798/798/1571 862/862/1571 799/799/1571
f 799/799/1572 862/862/1572 863/863/1572
f 799/799/1573 863/863/1573 800/800/1573
f 800/800/1574 863/863/1574 864/864/1574
f 800/800/1575 864/864/1575 801/801/1575
f 801/801/1576 864/864/1576 865/865/1576
f 801/801/1577 865/865/1577 802/802/1577
f 802/802/1578 865/865/1578 866/866/1578
f 802/802/1579 866/866/1579 803/803/1579
f 803/803/1580 866/866/1580 867/867/1580
f 803/803/1581 867/867/1581 804/804/1581
f 804/804/1582 867/867/1582 868/868/1582
f 804/804/1583 868/868/1583 805/805/1583
f 805/805/1584 868/868/1584 869/869/1584
f 805/805/1585 869/869/1585 806/806/1585
f 806/806/1586 869/869/1586 870/870/1586
f 806/806/1587 870/870/1587 807/807/1587
f 807/807/1588 870/870/1588 871/871/1588
f 807/807/1589 871/871/1589 808/808/1589
f 808/808/1590 871/871/1590 872/872/1590
f 808/808/1591 872/872/1591 809/809/1591
f 809/809/1592 872/872/1592 873/873/1592
f 809/809/1593 873/873/1593 810/810/1593
f 810/810/1594 873/873/1594 874/874/1594
f 810/810/1595 874/874/1595 811/811/1595
f 811/811/1596 874/874/1596 875/875/1596
f 811/811/1597 875/875/1597 812/812/1597
f 812/812/1598 875/875/1598 876/876/1598
f 812/812/1599 876/876/1599 813/813/1599
f 813/813/1600 876/876/1600 877/877/1600
f 813/813/1601 877/877/1601 814/814/1601
f 814/814/1602 877/877/1602 878/878/1602
f 814/814/1603 878/878/1603 815/815/1603
f 815/815/1604 878/878/1604 879/879/1604
f 815/815/1605 879/879/1605 816/816/1605
f 816/816/1606 879/879/1606 880/880/1606
f 816/816/1607 880/880/1607 817/817/1607
f 817/817/1608 880/880/1608 881/881/1608
f 817/817/1609 881/881/1609 818/818/1609
f 818/818/1610 881/881/1610 882/882/1610
f 818/818/1611 882/882/1611 819/819/1611
f 819/819/1612 882/882/1612 883/883/1612
f 819/819/1613 883/883/1613 820/820/1613
f 820/820/1614 883/883/1614 884/884/1614
f 820/820/1615 884/884/1615 821/821/1615
f 821/821/1616 884/884/1616 885/885/1616
f 821/821/1617 885/885/1617 822/822/1617
f 822/822/1618 885/885/1618 886/886/1618
f 822/822/1619 886/886/1619 823/823/1619
f 823/823/1620 886/886/1620 887/887/1620
f 823/823/1621 887/887/1621 824/824/1621
f 824/824/1622 887/887/1622 888/888/1622
f 824/824/1623 888/888/1623 825/825/1623
f 825/825/1624 888/888/1624 889/889/1624
f 825/825/1625 889/889/1625 826/826/1625
f 826/826/1626 889/889/1626 890/890/1626
f 826/826/1627 890/890/1627 827/827/1627
f 827/827/1628 890/890/1628 891/891/1628
f 827/827/1629 891/891/1629 828/828/1629
f 828/828/1630 891/891/1630 892/892/1630
f 828/828/1631 892/892/1631 829/829/1631
f 829/829/1632 892/892/1632 893/893/1632
f 829/829/1633 893/893/1633 830/830/1633
f 830/830/1634 893/893/1634 894/894/1634
f 830/830/1635 894/894/1635 831/831/1635
f 831/831/1636 894/894/1636 895/895/1636
f 831/831/1637 895/895/1637 832/832/1637
f 832/832/1638 895/895/1638 896/896/1638
f 833/833/1639 897/897/1639 834/834/1639
f 834/834/1640 897/897/1640 898/898/1640
f 834/834/1641 898/898/1641 835/835/1641
f 835/835/1642 898/898/1642 899/899/1642
f 835/835/1643 899/899/1643 836/836/1643
f 836/836/1644 899/899/1644 900/900/1644
f 836/836/1645 900/900/1645 837/837/1645
f 837/837/1646 900/900/1646 901/901/1646
f 837/837/1647 901/901/1647 838/838/1647
f 838/838/1648 901/901/1648 902/902/1648
f 838/838/1649 902/902/1649 839/839/1649
f 839/839/1650 902/902/1650 903/903/1650
f 839/839/1651 903/903/1651 840/840/1651
f 840/840/1652 903/903/1652 904/904/1652
f 840/840/1653 904/904/1653 841/841/1653
f 841/841/1654 904/904/1654 905/905/1654
f 841/841/1655 905/905/1655 842/842/1655
f 842/842/1656 905/905/1656 906/906/1656
f 842/842/1657 906/906/1657 843/843/1657
f 843/843/1658 906/906/1658 907/907/1658
f 843/843/1659 907/907/1659 844/844/1659
f 844/844/1660 907/907/1660 908/908/1660
f 844/844/1661 908/908/1661 845/845/1661
f 845/845/1662 908/908/1662 909/909/1662
f 845/845/1663 909/909/1663 846/846/1663
f 846/846/1664 909/909/1664 910/910/1664
f 846/846/1665 910/910/1665 847/847/1665
f 847/847/1666 910/910/1666 911/911/1666
f 847/847/1667 911/911/1667 848/848/1667
f 848/848/1668 911/911/1668 912/912/1668
f 848/848/1669 912/912/1669 849/849/1669
f 849/849/1670 912/912/1670 913/913/1670
f 849/849/1671 913/913/1671 850/850/1671
f 850/850/1672 913/913/1672 914/914/1672
f 850/850/1673 914/914/1673 851/851/1673
f 851/851/1674 914/914/1674 915/915/1674
f 851/851/1675 915/915/1675 852/852/1675
f 852/852/1676 915/915/1676 916/916/1676
f 852/852/1677 916/916/1677 853/853/1677
f 853/853/1678 916/916/1678 917/917/1678
f 853/853/1679 917/917/1679 854/854/1679
f 854/854/1680 917/917/1680 918/918/1680
f 854/854/1681 918/918/1681 855/855/1681
f 855/855/1682 918/918/1682 919/919/1682
f 855/855/1683 919/919/1683 856/856/1683
f 856/856/1684 919/919/1684 920/920/1684
f 856/856/1685 920/920/1685 857/857/1685
f 857/857/1686 920/920/1686 921/921/1686
f 857/857/1687 921/921/1687 858/858/1687
f 858/858/1688 921/921/1688 922/922/1688
f 858/858/1689 922/922/1689 859/859/1689
f 859/859/1690 922/922/1690 923/923/1690
f 859/859/1691 923/923/1691 860/860/1691
f 860/860/1692 923/923/1692 924/924/1692
f 860/860/1693 924/924/1693 861/861/1693
f 861/861/1694 924/924/1694 925/925/1694
f 861/861/1695 925/925/1695 862/862/1695
f 862/862/1696 925/925/1696 926/926/1696
f 862/862/1697 926/926/1697 863/863/1697
f 863/863/1698 926/926/1698 927/927/1698
f 863/863/1699 927/927/1699 864/864/1699
f 864/864/1700 927/927/1700 928/928/1700
f 864/864/1701 928/928/1701 865/865/1701
f 865/865/1702 928/928/1702 929/929/1702
f 865/865/1703 929/929/1703 866/866/1703
f 866/866/1704 929/929/1704 930/930/1704
f 866/866/1705 930/930/1705 867/867/1705
f 867/867/1706 930/930/1706 931/931/1706
f 867/867/1707 931/931/1707 868/868/1707
f 868/868/1708 931/931/1708 932/932/1708
f 868/868/1709 932/932/1709 869/869/1709
f 869/869/1710 932/932/1710 933/933/1710
f 869/869/1711 933/933/1711 870/870/1711
f 870/870/1712 933/933/1712 934/934/1712
f 870/870/1713 934/934/1713 871/871/1713
f 871/871/1714 934/934/1714 935/935/1714
f 871/871/1715 935/935/1715 872/872/1715
f 872/872/1716 935/935/1716 936/936/1716
f 872/872/1717 936/936/1717 873/873/1717
f 873/873/1718 936/936/1718 937/937/1718
f 873/873/1719 937/937/1719 874/874/1719
f 874/874/1720 937/937/1720 938/938/1720
f 874/874/1721 938/938/1721 875/875/1721
f 875/875/1722 938/938/1722 939/939/1722
f 875/875/1723 939/939/1723 876/876/1723
f 876/876/1724 939/939/1724 940/940/1724
f 876/876/1725 940/940/1725 877/877/1725
f 877/877/1726 940/940/1726 941/941/1726
f 877/877/1727 941/941/1727 878/878/1727
f 878/878/1728 941/941/1728 942/942/1728
f 878/878/1729 942/942/1729 879/879/1729
f 879/879/1730 942/942/1730 943/943/1730
f 879/879/1731 943/943/1731 880/880/1731
f 880/880/1732 943/943/1732 944/944/1732
f 880/880/1733 944/944/1733 881/881/1733
f 881/881/1734 944/944/1734 945/945/1734
f 881/881/1735 945/945/1735 882/882/1735
f 882/882/1736 945/945/1736 946/946/1736
f 882/882/1737 946/946/1737 883/883/1737
f 883/883/1738 946/946/1738 947/947/1738
f 883/883/1739 947/947/1739 884/884/1739
f 884/884/1740 947/947/1740 948/948/1740
f 884/884/1741 948/948/1741 885/885/1741
f 885/885/1742 948/948/1742 949/949/1742
f 885/885/1743 949/949/1743 886/886/1743
f 886/886/1744 949/949/1744 950/950/1744
f 886/886/1745 950/950/1745 887/887/1745
f 887/887/1746 950/950/1746 951/951/1746
f 887/887/1747 951/951/1747 888/888/1747
f 888/888/1748 951/951/1748 952/952/1748
f 888/888/1749 952/952/1749 889/889/1749
f 889/889/1750 952/952/1750 953/953/1750
f 889/889/1751 953/953/1751 890/890/1751
f 890/890/1752 953/953/1752 954/954/1752
f 890/890/1753 954/954/1753 891/891/1753
f 891/891/1754 954/954/1754 955/955/1754
f 891/891/1755 955/955/1755 892/892/1755
f 892/892/1756 955/955/1756 956/956/1756
f 892/892/1757 956/956/1757 893/893/1757
f 893/893/1758 956/956/1758 957/957/1758
f 893/893/1759 957/957/1759 894/894/1759
f 894/894/1760 957/957/1760 958/958/1760
f 894/894/1761 958/958/1761 895/895/1761
f 895/895/1762 958/958/1762 959/959/1762
f 895/895/1763 959/959/1763 896/896/1763
f 896/896/1764 959/959/1764 960/960/1764
f 897/897/1765 961/961/1765 898/898/1765
f 898/898/1766 961/961/1766 962/962/1766
f 898/898/1767 962/962/1767 899/899/1767
f 899/899/1768 962/962/1768 963/963/1768
f 899/899/1769 963/963/1769 900/900/1769
f 900/900/1770 963/963/1770 964/964/1770
f 900/900/1771 964/964/1771 901/901/1771
f 901/901/1772 964/964/1772 965/965/1772
f 901/901/1773 965/965/1773 902/902/1773
f 902/902/1774 965/965/1774 966/966/1774
f 902/902/1775 966/966/1775 903/903/1775
f 903/903/1776 966/966/1776 967/967/1776
f 903/903/1777 967/967/1777 904/904/1777
f 904/904/1778 967/967/1778 968/968/1778
f 904/904/1779 968/968/1779 905/905/1779
f 905/905/1780 968/968/1780 969/969/1780
f 905/905/1781 969/969/1781 906/906/1781
f 906/906/1782 969/969/1782 970/970/1782
f 906/906/1783 970/970/1783 907/907/1783
f 907/907/1784 970/970/1784 971/971/1784
f 907/907/1785 971/971/1785 908/908/1785
f 908/908/1786 971/971/1786 972/972/1786
f 908/908/1787 972/972/1787 909/909/1787
f 909/909/1788 972/972/1788 973/973/1788
f 909/909/1789 973/973/1789 910/910/1789
f 910/910/1790 973/973/1790 974/974/1790
f 910/910/1791 974/974/1791 911/911/1791
f 911/911/1792 974/974/1792 975/975/1792
f 911/911/1793 975/975/1793 912/912/1793
f 912/912/1794 975/975/1794 976/976/1794
f 912/912/1795 976/976/1795 913/913/1795
f 913/913/1796 976/976/1796 977/977/1796
f 913/913/1797 977/977/1797 914/914/1797
f 914/914/1798 977/977/1798 978/978/1798
f 914/914/1799 978/978/1799 915/915/1799
f 915/915/1800 978/978/1800 979/979/1800
f 915/915/1801 979/979/1801 916/916/1801
f 916/916/1802 979/979/1802 980/980/1802
f 916/916/1803 980/980/1803 917/917/1803
f 917/917/1804 980/980/1804 981/981/1804
f 917/917/1805 981/981/1805 918/918/1805
f 918/918/1806 981/981/1806 982/982/1806
f 918/918/1807 982/982/1807 919/919/1807
f 919/919/1808 982/982/1808 983/983/1808
f 919/919/1809 983/983/1809 920/920/1809
f 920/920/1810 983/983/1810 984/984/1810
f 920/920/1811 984/984/1811 921/921/1811
f 921/921/1812 984/984/1812 985/985/1812
f 921/921/1813 985/985/1813 922/922/1813
f 922/922/1814 985/985/1814 986/986/1814
f 922/922/1815 986/986/1815 923/923/1815
f 923/923/1816 986/986/1816 987/987/1816
f 923/923/1817 987/987/1817 924/924/1817
f 924/924/1818 987/987/1818 988/988/1818
f 924/924/1819 988/988/1819 925/925/1819
f 925/925/1820 988/988/1820 989/989/1820
f 925/925/1821 989/989/1821 926/926/1821
f 926/926/1822 989/989/1822 990/990/1822
f 926/926/1823 990/990/1823 927/927/1823
f 927/927/1824 990/990/1824 991/991/1824
f 927/927/1825 991/991/1825 928/928/1825
f 928/928/1826 991/991/1826 992/992/1826
f 928/928/1827 992/992/1827 929/929/1827
f 929/929/1828 992/992/1828 993/993/1828
f 929/929/1829 993/993/1829 930/930/1829
f 930/930/1830 993/993/1830 994/994/1830
f 930/930/1831 994/994/1831 931/931/1831
f 931/931/1832 994/994/1832 995/995/1832
f 931/931/1833 995/995/1833 932/932/1833
f 932/932/1834 995/995/1834 996/996/1834
f 932/932/1835 996/996/1835 933/933/1835
f 933/933/1836 996/996/1836 997/997/1836
f 933/933/1837 997/997/1837 934/934/1837
f 934/934/1838 997/997/1838 998/998/1838
f 934/934/1839 998/998/1839 935/935/1839
f 935/935/1840 998/998/1840 999/999/1840
f 935/935/1841 999/999/1841 936/936/1841
f 936/936/1842 999/999/1842 1000/1000/1842
f 936/936/1843 1000/1000/1843 937/937/1843
f 937/937/1844 1000/1000/1844 1001/1001/1844
f 937/937/1845 1001/1001/1845 938/938/1845
f 938/938/1846 1001/1001/1846 1002/1002/1846
f 938/938/1847 1002/1002/1847 939/939/1847
f 939/939/1848 1002/1002/1848 1003/1003/1848
f 939/939/1849 1003/1003/1849 940/940/1849
f 940/940/1850 1003/1003/1850 1004/1004/1850
f 940/940/1851 1004/1004/1851 941/941/1851
f 941/941/1852 1004/1004/1852 1005/1005/1852
f 941/941/1853 1005/1005/1853 942/942/1853
f 942/942/1854 1005/1005/1854 1006/1006/1854
f 942/942/1855 1006/1006/1855 943/943/1855
f 943/943/1856 1006/1006/1856 1007/1007/1856
f 943/943/1857 1007/1007/1857 944/944/1857
f 944/944/1858 1007/1007/1858 1008/1008/1858
f 944/944/1859 1008/1008/1859 945/945/1859
f 945/945/1860 1008/1008/1860 1009/1009/1860
f 945/945/1861 1009/1009/1861 946/946/1861
f 946/946/1862 1009/1009/1862 1010/1010/1862
f 946/946/1863 1010/1010/1863 947/947/1863
f 947/947/1864 1010/1010/1864 1011/1011/1864
f 947/947/1865 1011/1011/1865 948/948/1865
f 948/948/1866 1011/1011/1866 1012/1012/1866
f 948/948/1867 1012/1012/1867 949/949/1867
f 949/949/1868 1012/1012/1868 1013/1013/1868
f 949/949/1869 1013/1013/1869 950/950/1869
f 950/950/1870 1013/1013/1870 1014/1014/1870
f 950/950/1871 1014/1014/1871 951/951/1871
f 951/951/1872 1014/1014/1872 1015/1015/1872
f 951/951/1873 1015/1015/1873 952/952/1873
f 952/952/1874 1015/1015/1874 1016/1016/1874
f 952/952/1875 1016/1016/1875 953/953/1875
f 953/953/1876 1016/1016/1876 1017/1017/1876
f 953/953/1877 1017/1017/1877 954/954/1877
f 954/954/1878 1017/1017/1878 1018/1018/1878
f 954/954/1879 1018/1018/1879 955/955/1879
f 955/955/1880 1018/1018/1880 1019/1019/1880
f 955/955/1881 1019/1019/1881 956/956/1881
f 956/956/1882 1019/1019/1882 1020/1020/1882
f 956/956/1883 1020/1020/1883 957/957/1883
f 957/957/1884 1020/1020/1884 1021/1021/1884
f 957/957/1885 1021/1021/1885 958/958/1885
f 958/958/1886 1021/1021/1886 1022/1022/1886
f 958/958/1887 1022/1022/1887 959/959/1887
f 959/959/1888 1022/1022/1888 1023/1023/1888
f 959/959/1889 1023/1023/1889 960/960/1889
f 960/960/1890 1023/1023/1890 1024/1024/1890
f 961/961/1891 1025/1025/1891 962/962/1891
f 962/962/1892 1025/1025/1892 1026/1026/1892
f 962/962/1893 1026/1026/1893 963/963/1893
f 963/963/1894 1026/1026/1894 1027/1027/1894
f 963/963/1895 1027/1027/1895 964/964/1895
f 964/964/1896 1027/1027/1896 1028/1028/1896
f 964/964/1897 1028/1028/1897 965/965/1897
f 965/965/1898 1028/1028/1898 1029/1029/1898
f 965/965/1899 1029/1029/1899 966/966/1899
f 966/966/1900 1029/1029/1900 1030/1030/1900
f 966/966/1901 1030/1030/1901 967/967/1901
f 967/967/1902 1030/1030/1902 1031/1031/1902
f 967/967/1903 1031/1031/1903 968/968/1903
f 968/968/1904 1031/1031/1904 1032/1032/1904
f 968/968/1905 1032/1032/1905 969/969/1905
f 969/969/1906 1032/1032/1906 1033/1033/1906
f 969/969/1907 1033/1033/1907 970/970/1907
f 970/970/1908 1033/1033/1908 1034/1034/1908
f 970/970/1909 1034/1034/1909 971/971/1909
f 971/971/1910 1034/1034/1910 1035/1035/1910
f 971/971/1911 1035/1035/1911 972/972/1911
f 972/972/1912 1035/1035/1912 1036/1036/1912
f 972/972/1913 1036/1036/1913 973/973/1913
f 973/973/1914 1036/1036/1914 1037/1037/1914
f 973/973/1915 1037/1037/1915 974/974/1915
f 974/974/1916 1037/1037/1916 1038/1038/1916
f 974/974/1917 1038/1038/1917 975/975/1917
f 975/975/1918 1038/1038/1918 1039/1039/1918
f 975/975/1919 1039/1039/1919 976/976/1919
f 976/976/1920 1039/1039/1920 1040/1040/1920
f 976/976/1921 1040/1040/1921 977/977/1921
f 977/977/1922 1040/1040/1922 1041/1041/1922
f 977/977/1923 1041/1041/1923 978/978/1923
f 978/978/1924 1041/1041/1924 1042/1042/1924
f 978/978/1925 1042/1042/1925 979/979/1925
f 979/979/1926 1042/1042/1926 1043/1043/1926
f 979/979/1927 1043/1043/1927 980/980/1927
f 980/980/1928 1043/1043/1928 1044/1044/1928
f 980/980/1929 1044/1044/1929 981/981/1929
f 981/981/1930 1044/1044/1930 1045/1045/1930
f 981/981/1931 1045/1045/1931 982/982/1931
f 982/982/1932 1045/1045/1932 1046/1046/1932
f 982/982/1933 1046/1046/1933 983/983/1933
f 983/983/1934 1046/1046/1934 1047/1047/1934
f 983/983/1935 1047/1047/1935 984/984/1935
f 984/984/1936 1047/1047/1936 1048/1048/1936
f 984/984/1937 1048/1048/1937 985/985/1937
f 985/985/1938 1048/1048/1938 1049/1049/1938
f 985/985/1939 1049/1049/1939 986/986/1939
f 986/986/1940 1049/1049/1940 1050/1050/1940
f 986/986/1941 1050/1050/1941 987/987/1941
f 987/987/1942 1050/1050/1942 1051/1051/1942
f 987/987/1943 1051/1051/1943 988/988/1943
f 988/988/1944 1051/1051/1944 1052/1052/1944
f 988/988/1945 1052/1052/1945 989/989/1945
f 989/989/1946 1052/1052/1946 1053/1053/1946
f 989/989/1947 1053/1053/1947 990/990/1947
f 990/990/1948 1053/1053/1948 1054/1054/1948
f 990/990/1949 1054/1054/1949 991/991/1949
f 991/991/1950 1054/1054/1950 1055/1055/1950
f 991/991/1951 1055/1055/1951 992/992/1951
f 992/992/1952 1055/1055/1952 1056/1056/1952
f 992/992/1953 1056/1056/1953 993/993/1953
f 993/993/1954 1056/1056/1954 1057/1057/1954
f 993/993/1955 1057/1057/1955 994/994/1955
f 994/994/1956 1057/1057/1956 1058/1058/1956
f 994/994/1957 1058/1058/1957 995/995/1957
f 995/995/1958 1058/1058/1958 1059/1059/1958
f 995/995/1959 1059/1059/1959 996/996/1959
f 996/996/1960 1059/1059/1960 1060/1060/1960
f 996/996/1961 1060/1060/1961 997/997/1961
f 997/997/1962 1060/1060/1962 1061/1061/1962
f 997/997/1963 1061/1061/1963 998/998/1963
f 998/998/1964 1061/1061/1964 1062/1062/1964
f 998/998/1965 1062/1062/1965 999/999/1965
f 999/999/1966 1062/1062/1966 1063/1063/1966
f 999/999/1967 1063/1063/1967 1000/1000/1967
f 1000/1000/1968 1063/1063/1968 1064/1064/1968
f 1000/1000/1969 1064/1064/1969 1001/1001/1969
f 1001/1001/1970 1064/1064/1970 1065/1065/1970
f 1001/1001/1971 1065/1065/1971 1002/1002/1971
f 1002/1002/1972 1065/1065/1972 1066/1066/1972
f 1002/1002/1973 1066/1066/1973 1003/1003/1973
f 1003/1003/1974 1066/1066/1974 1067/1067/1974
f 1003/1003/1975 1067/1067/1975 1004/1004/1975
f 1004/1004/1976 1067/1067/1976 1068/1068/1976
f 1004/1004/1977 1068/1068/1977 1005/1005/1977
f 1005/1005/1978 1068/1068/1978 1069/1069/1978
f 1005/1005/1979 1069/1069/1979 1006/1006/1979
f 1006/1006/1980 1069/1069/1980 1070/1070/1980
f 1006/1006/1981 1070/1070/1981 1007/1007/1981
f 1007/1007/1982 1070/1070/1982 1071/1071/1982
f 1007/1007/1983 1071/1071/1983 1008/1008/1983
f 1008/1008/1984 1071/1071/1984 1072/1072/1984
f 1008/1008/1985 1072/1072/1985 1009/1009/1985
f 1009/1009/1986 1072/1072/1986 1073/1073/1986
f 1009/1009/1987 1073/1073/1987 1010/1010/1987
f 1010/1010/1988 1073/1073/1988 1074/1074/1988
f 1010/1010/1989 1074/1074/1989 1011/1011/1989
f 1011/1011/1990 1074/1074/1990 1075/1075/1990
f 1011/1011/1991 1075/1075/1991 1012/1012/1991
f 1012/1012/1992 1075/1075/1992 1076/1076/1992
f 1012/1012/1993 1076/1076/1993 1013/1013/1993
f 1013/1013/1994 1076/1076/1994 1077/1077/1994
f 1013/1013/1995 1077/1077/1995 1014/1014/1995
f 1014/1014/1996 1077/1077/1996 1078/1078/1996
f 1014/1014/1997 1078/1078/1997 1015/1015/1997
f 1015/1015/1998 1078/1078/1998 1079/1079/1998
f 1015/1015/1999 1079/1079/1999 1016/1016/1999
f 1016/1016/2000 1079/1079/2000 1080/1080/2000
f 1016/1016/2001 1080/1080/2001 1017/1017/2001
f 1017/1017/2002 1080/1080/2002 1081/1081/2002
f 1017/1017/2003 1081/1081/2003 1018/1018/2003
f 1018/1018/2004 1081/1081/2004 1082/1082/2004
f 1018/1018/2005 1082/1082/2005 1019/1019/2005
f 1019/1019/2006 1082/1082/2006 1083/1083/2006
f 1019/1019/2007 1083/1083/2007 1020/1020/2007
f 1020/1020/2008 1083/1083/2008 1084/1084/2008
f 1020/1020/2009 1084/1084/2009 1021/1021/2009
f 1021/1021/2010 1084/1084/2010 1085/1085/2010
f 1021/1021/2011 1085/1085/2011 1022/1022/2011
f 1022/1022/2012 1085/1085/2012 1086/1086/2012
f 1022/1022/2013 1086/1086/2013 1023/1023/2013
f 1023/1023/2014 1086/1086/2014 1087/1087/2014
f 1023/1023/2015 1087/1087/2015 1024/1024/2015
f 1024/1024/2016 1087/1087/2016 1088/1088/2016
f 1025/1025/2017 1089/1089/2017 1026/1026/2017
f 1026/1026/2018 1089/1089/2018 1090/1090/2018
f 1026/1026/2019 1090/1090/2019 1027/1027/2019
f 1027/1027/2020 1090/1090/2020 1091/1091/2020
f 1027/1027/2021 1091/1091/2021 1028/1028/2021
f 1028/1028/2022 1091/1091/2022 1092/1092/2022
f 1028/1028/2023 1092/1092/2023 1029/1029/2023
f 1029/1029/2024 1092/1092/2024 1093/1093/2024
f 1029/1029/2025 1093/1093/2025 1030/1030/2025
f 1030/1030/2026 1093/1093/2026 1094/1094/2026
f 1030/1030/2027 1094/1094/2027 1031/1031/2027
f 1031/1031/2028 1094/1094/2028 1095/1095/2028
f 1031/1031/2029 1095/1095/2029 1032/1032/2029
f 1032/1032/2030 1095/1095/2030 1096/1096/2030
f 1032/1032/2031 1096/1096/2031 1033/1033/2031
f 1033/1033/2032 1096/1096/2032 1097/1097/2032
f 1033/1033/2033 1097/1097/2033 1034/1034/2033
f 1034/1034/2034 1097/1097/2034 1098/1098/2034
f 1034/1034/2035 1098/1098/2035 1035/1035/2035
f 1035/1035/2036 1098/1098/2036 1099/1099/2036
f 1035/1035/2037 1099/1099/2037 1036/1036/2037
f 1036/1036/2038 1099/1099/2038 1100/1100/2038
f 1036/1036/2039 1100/1100/2039 1037/1037/2039
f 1037/1037/2040 1100/1100/2040 1101/1101/2040
f 1037/1037/2041 1101/1101/2041 1038/1038/2041
f 1038/1038/2042 1101/1101/2042 1102/1102/2042
f 1038/1038/2043 1102/1102/2043 1039/1039/2043
f 1039/1039/2044 1102/1102/2044 1103/1103/2044
f 1039/1039/2045 1103/1103/2045 1040/1040/2045
f 1040/1040/2046 1103/1103/2046 1104/1104/2046
f 1040/1040/2047 1104/1104/2047 1041/1041/2047
f 1041/1041/2048 1104/1104/2048 1105/1105/2048
f 1041/1041/2049 1105/1105/2049 1042/1042/2049
f 1042/1042/2050 1105/1105/2050 1106/1106/2050
f 1042/1042/2051 1106/1106/2051 1043/1043/2051
f 1043/1043/2052 1106/1106/2052 1107/1107/2052
f 1043/1043/2053 1107/1107/2053 1044/1044/2053
f 1044/1044/2054 1107/1107/2054 1108/1108/2054
f 1044/1044/2055 1108/1108/2055 1045/1045/2055
f 1045/1045/2056 1108/1108/2056 1109/1109/2056
f 1045/1045/2057 1109/1109/2057 1046/1046/2057
f 1046/1046/2058 1109/1109/2058 1110/1110/2058
f 1046/1046/2059 1110/1110/2059 1047/1047/2059
f 1047/1047/2060 1110/1110/2060 1111/1111/2060
f 1047/1047/2061 1111/1111/2061 1048/1048/2061
f 1048/1048/2062 1111/1111/2062 1112/1112/2062
f 1048/1048/2063 1112/1112/2063 1049/1049/2063
f 1049/1049/2064 1112/1112/2064 1113/1113/2064
f 1049/1049/2065 1113/1113/2065 1050/1050/2065
f 1050/1050/2066 1113/1113/2066 1114/1114/2066
f 1050/1050/2067 1114/1114/2067 1051/1051/2067
f 1051/1051/2068 1114/1114/2068 1115/1115/2068
f 1051/1051/2069 1115/1115/2069 1052/1052/2069
f 1052/1052/2070 1115/1115/2070 1116/1116/2070
f 1052/1052/2071 1116/1116/2071 1053/1053/2071
f 1053/1053/2072 1116/1116/2072 1117/1117/2072
f 1053/1053/2073 1117/1117/2073 1054/1054/2073
f 1054/1054/2074 1117/1117/2074 1118/1118/2074
f 1054/1054/2075 1118/1118/2075 1055/1055/2075
f 1055/1055/2076 1118/1118/2076 1119/1119/2076
f 1055/1055/2077 1119/1119/2077 1056/1056/2077
f 1056/1056/2078 1119/1119/2078 1120/1120/2078
f 1056/1056/2079 1120/1120/2079 1057/1057/2079
f 1057/1057/2080 1120/1120/2080 1121/1121/2080
f 1057/1057/2081 1121/1121/2081 1058/1058/2081
f 1058/1058/2082 1121/1121/2082 1122/1122/2082
f 1058/1058/2083 1122/1122/2083 1059/1059/2083
f 1059/1059/2084 1122/1122/2084 1123/1123/2084
f 1059/1059/2085 1123/1123/2085 1060/1060/2085
f 1060/1060/2086 1123/1123/2086 1124/1124/2086
f 1060/1060/2087 1124/1124/2087 1061/1061/2087
f 1061/1061/2088 1124/1124/2088 1125/1125/2088
f 1061/1061/2089 1125/1125/2089 1062/1062/2089
f 1062/1062/2090 1125/1125/2090 1126/1126/2090
f 1062/1062/2091 1126/1126/2091 1063/1063/2091
f 1063/1063/2092 1126/1126/2092 1127/1127/2092
f 1063/1063/2093 1127/1127/2093 1064/1064/2093
f 1064/1064/2094 1127/1127/2094 1128/1128/2094
f 1064/1064/2095 1128/1128/2095 1065/1065/2095
f 1065/1065/2096 1128/1128/2096 1129/1129/2096
f 1065/1065/2097 1129/1129/2097 1066/1066/2097
f 1066/1066/2098 1129/1129/2098 1130/1130/2098
f 1066/1066/2099 1130/1130/2099 1067/1067/2099
f 1067/1067/2100 1130/1130/2100 1131/1131/2100
f 1067/1067/2101 1131/1131/2101 1068/1068/2101
f 1068/1068/2102 1131/1131/2102 1132/1132/2102
f 1068/1068/2103 1132/1132/2103 1069/1069/2103
f 1069/1069/2104 1132/1132/2104 1133/1133/2104
f 1069/1069/2105 1133/1133/2105 1070/1070/2105
f 1070/1070/2106 1133/1133/2106 1134/1134/2106
f 1070/1070/2107 1134/1134/2107 1071/1071/2107
f 1071/1071/2108 1134/1134/2108 1135/1135/2108
f 1071/1071/2109 1135/1135/2109 1072/1072/2109
f 1072/1072/2110 1135/1135/2110 1136/1136/2110
f 1072/1072/2111 1136/1136/2111 1073/1073/2111
f 1073/1073/2112 1136/1136/2112 1137/1137/2112
f 1073/1073/2113 1137/1137/2113 1074/1074/2113
f 1074/1074/2114 1137/1137/2114 1138/1138/2114
f 1074/1074/2115 1138/1138/2115 1075/1075/2115
f 1075/1075/2116 1138/1138/2116 1139/1139/2116
f 1075/1075/2117 1139/1139/2117 1076/1076/2117
f 1076/1076/2118 1139/1139/2118 1140/1140/2118
f 1076/1076/2119 1140/1140/2119 1077/1077/2119
f 1077/1077/2120 1140/1140/2120 1141/1141/2120
f 1077/1077/2121 1141/1141/2121 1078/1078/2121
f 1078/1078/2122 1141/1141/2122 1142/1142/2122
f 1078/1078/2123 1142/1142/2123 1079/1079/2123
f 1079/1079/2124 1142/1142/2124 1143/1143/2124
f 1079/1079/2125 1143/1143/2125 1080/1080/2125
f 1080/1080/2126 1143/1143/2126 1144/1144/2126
f 1080/1080/2127 1144/1144/2127 1081/1081/2127
f 1081/1081/2128 1144/1144/2128 1145/1145/2128
f 1081/1081/2129 1145/1145/2129 1082/1082/2129
f 1082/1082/2130 1145/1145/2130 1146/1146/2130
f 1082/1082/2131 1146/1146/2131 1083/1083/2131
f 1083/1083/2132 1146/1146/2132 1147/1147/2132
f 1083/1083/2133 1147/1147/2133 1084/1084/2133
f 1084/1084/2134 1147/1147/2134 1148/1148/2134
f 1084/1084/2135 1148/1148/2135 1085/1085/2135
f 1085/1085/2136 1148/1148/2136 1149/1149/2136
f 1085/1085/2137 1149/1149/2137 1086/1086/2137
f 1086/1086/2138 1149/1149/2138 1150/1150/2138
f 1086/1086/2139 1150/1150/2139 1087/1087/2139
f 1087/1087/2140 1150/1150/2140 1151/1151/2140
f 1087/1087/2141 1151/1151/2141 1088/1088/2141
f 1088/1088/2142 1151/1151/2142 1152/1152/2142
f 1089/1089/2143 1153/1153/2143 1090/1090/2143
f 1090/1090/2144 1153/1153/2144 1154/1154/2144
f 1090/1090/2145 1154/1154/2145 1091/1091/2145
f 1091/1091/2146 1154/1154/2146 1155/1155/2146
f 1091/1091/2147 1155/1155/2147 1092/1092/2147
f 1092/1092/2148 1155/1155/2148 1156/1156/2148
f 1092/1092/2149 1156/1156/2149 1093/1093/2149
f 1093/1093/2150 1156/1156/2150 1157/1157/2150
f 1093/1093/2151 1157/1157/2151 1094/1094/2151
f 1094/1094/2152 1157/1157/2152 1158/1158/2152
f 1094/1094/2153 1158/1158/2153 1095/1095/2153
f 1095/1095/2154 1158/1158/2154 1159/1159/2154
f 1095/1095/2155 1159/1159/2155 1096/1096/2155
f 1096/1096/2156 1159/1159/2156 1160/1160/2156
f 1096/1096/2157 1160/1160/2157 1097/1097/2157
f 1097/1097/2158 1160/1160/2158 1161/1161/2158
f 1097/1097/2159 1161/1161/2159 1098/1098/2159
f 1098/1098/2160 1161/1161/2160 1162/1162/2160
f 1098/1098/2161 1162/1162/2161 1099/1099/2161
f 1099/1099/2162 1162/1162/2162 1163/1163/2162
f 1099/1099/2163 1163/1163/2163 1100/1100/2163
f 1100/1100/2164 1163/1163/2164 1164/1164/2164
f 1100/1100/2165 1164/1164/2165 1101/1101/2165
f 1101/1101/2166 1164/1164/2166 1165/1165/2166
f 1101/1101/2167 1165/1165/2167 1102/1102/2167
f 1102/1102/2168 1165/1165/2168 1166/1166/2168
f 1102/1102/2169 1166/1166/2169 1103/1103/2169
f 1103/1103/2170 1166/1166/2170 1167/1167/2170
f 1103/1103/2171 1167/1167/2171 1104/1104/2171
f 1104/1104/2172 1167/1167/2172 1168/1168/2172
f 1104/1104/2173 1168/1168/2173 1105/1105/2173
f 1105/1105/2174 1168/1168/2174 1169/1169/2174
f 1105/1105/2175 1169/1169/2175 1106/1106/2175
f 1106/1106/2176 1169/1169/2176 1170/1170/2176
f 1106/1106/2177 1170/1170/2177 1107/1107/2177
f 1107/1107/2178 1170/1170/2178 1171/1171/2178
f 1107/1107/2179 1171/1171/2179 1108/1108/2179
f 1108/1108/2180 1171/1171/2180 1172/1172/2180
f 1108/1108/2181 1172/1172/2181 1109/1109/2181
f 1109/1109/2182 1172/1172/2182 1173/1173/2182
f 1109/1109/2183 1173/1173/2183 1110/1110/2183
f 1110/1110/2184 1173/1173/2184 1174/1174/2184
f 1110/1110/2185 1174/1174/2185 1111/1111/2185
f 1111/1111/2186 1174/1174/2186 1175/1175/2186
f 1111/1111/2187 1175/1175/2187 1112/1112/2187
f 1112/1112/2188 1175/1175/2188 1176/1176/2188
f 1112/1112/2189 1176/1176/2189 1113/1113/2189
f 1113/1113/2190 1176/1176/2190 1177/1177/2190
f 1113/1113/2191 1177/1177/2191 1114/1114/2191
f 1114/1114/2192 1177/1177/2192 1178/1178/2192
f 1114/1114/2193 1178/1178/2193 1115/1115/2193
f 1115/1115/2194 1178/1178/2194 1179/1179/2194
f 1115/1115/2195 1179/1179/2195 1116/1116/2195
f 1116/1116/2196 1179/1179/2196 1180/1180/2196
f 1116/1116/2197 1180/1180/2197 1117/1117/2197
f 1117/1117/2198 1180/1180/2198 1181/1181/2198
f 1117/1117/2199 1181/1181/2199 1118/1118/2199
f 1118/1118/2200 1181/1181/2200 1182/1182/2200
f 1118/1118/2201 1182/1182/2201 1119/1119/2201
f 1119/1119/2202 1182/1182/2202 1183/1183/2202
f 1119/1119/2203 1183/1183/2203 1120/1120/2203
f 1120/1120/2204 1183/1183/2204 1184/1184/2204
f 1120/1120/2205 1184/1184/2205 1121/1121/2205
f 1121/1121/2206 1184/1184/2206 1185/1185/2206
f 1121/1121/2207 1185/1185/2207 1122/1122/2207
f 1122/1122/2208 1185/1185/2208 1186/1186/2208
f 1122/1122/2209 1186/1186/2209 1123/1123/2209
f 1123/1123/2210 1186/1186/2210 1187/1187/2210
f 1123/1123/2211 1187/1187/2211 1124/1124/2211
f 1124/1124/2212 1187/1187/2212 1188/1188/2212
f 1124/1124/2213 1188/1188/2213 1125/1125/2213
f 1125/1125/2214 1188/1188/2214 1189/1189/2214
f 1125/1125/2215 1189/1189/2215 1126/1126/2215
f 1126/1126/2216 1189/1189/2216 1190/1190/2216
f 1126/1126/2217 1190/1190/2217 1127/1127/2217
f 1127/1127/2218 1190/1190/2218 1191/1191/2218
f 1127/1127/2219 1191/1191/2219 1128/1128/2219
f 1128/1128/2220 1191/1191/2220 1192/1192/2220
f 1128/1128/2221 1192/1192/2221 1129/1129/2221
f 1129/1129/2222 1192/1192/2222 1193/1193/2222
f 1129/1129/2223 1193/1193/2223 1130/1130/2223
f 1130/1130/2224 1193/1193/2224 1194/1194/2224
f 1130/1130/2225 1194/1194/2225 1131/1131/2225
f 1131/1131/2226 1194/1194/2226 1195/1195/2226
f 1131/1131/2227 1195/1195/2227 1132/1132/2227
f 1132/1132/2228 1195/1195/2228 1196/1196/2228
f 1132/1132/2229 1196/1196/2229 1133/1133/2229
f 1133/1133/2230 1196/1196/2230 1197/1197/2230
f 1133/1133/2231 1197/1197/2231 1134/1134/2231
f 1134/1134/2232 1197/1197/2232 1198/1198/2232
f 1134/1134/2233 1198/1198/2233 1135/1135/2233
f 1135/1135/2234 1198/1198/2234 1199/1199/2234
f 1135/1135/2235 1199/1199/2235 1136/1136/2235
f 1136/1136/2236 1199/1199/2236 1200/1200/2236
f 1136/1136/2237 1200/1200/2237 1137/1137/2237
f 1137/1137/2238 1200/1200/2238 1201/1201/2238
f 1137/1137/2239 1201/1201/2239 1138/1138/2239
f 1138/1138/2240 1201/1201/2240 1202/1202/2240
f 1138/1138/2241 1202/1202/2241 1139/1139/2241
f 1139/1139/2242 1202/1202/2242 1203/1203/2242
f 1139/1139/2243 1203/1203/2243 1140/1140/2243
f 1140/1140/2244 1203/1203/2244 1204/1204/2244
f 1140/1140/2245 1204/1204/2245 1141/1141/2245
f 1141/1141/2246 1204/1204/2246 1205/1205/2246
f 1141/1141/2247 1205/1205/2247 1142/1142/2247
f 1142/1142/2248 1205/1205/2248 1206/1206/2248
f 1142/1142/2249 1206/1206/2249 1143/1143/2249
f 1143/1143/2250 1206/1206/2250 1207/1207/2250
f 1143/1143/2251 1207/1207/2251 1144/1144/2251
f 1144/1144/2252 1207/1207/2252 1208/1208/2252
f 1144/1144/2253 1208/1208/2253 1145/1145/2253
f 1145/1145/2254 1208/1208/2254 1209/1209/2254
f 1145/1145/2255 1209/1209/2255 1146/1146/2255
f 1146/1146/2256 1209/1209/2256 1210/1210/2256
f 1146/1146/2257 1210/1210/2257 1147/1147/2257
f 1147/1147/2258 1210/1210/2258 1211/1211/2258
f 1147/1147/2259 1211/1211/2259 1148/1148/2259
f 1148/1148/2260 1211/1211/2260 1212/1212/2260
f 1148/1148/2261 1212/1212/2261 1149/1149/2261
f 1149/1149/2262 1212/1212/2262 1213/1213/2262
f 1149/1149/2263 1213/1213/2263 1150/1150/2263
f 1150/1150/2264 1213/1213/2264 1214/1214/2264
f 1150/1150/2265 1214/1214/2265 1151/1151/2265
f 1151/1151/2266 1214/1214/2266 1215/1215/2266
f 1151/1151/2267 1215/1215/2267 1152/1152/2267
f 1152/1152/2268 1215/1215/2268 1216/1216/2268
f 1153/1153/2269 1217/1217/2269 1154/1154/2269
f 1154/1154/2270 1217/1217/2270 1218/1218/2270
f 1154/1154/2271 1218/1218/2271 1155/1155/2271
f 1155/1155/2272 1218/1218/2272 1219/1219/2272
f 1155/1155/2273 1219/1219/2273 1156/1156/2273
f 1156/1156/2274 1219/1219/2274 1220/1220/2274
f 1156/1156/2275 1220/1220/2275 1157/1157/2275
f 1157/1157/2276 1220/1220/2276 1221/1221/2276
f 1157/1157/2277 1221/1221/2277 1158/1158/2277
f 1158/1158/2278 1221/1221/2278 1222/1222/2278
f 1158/1158/2279 1222/1222/2279 1159/1159/2279
f 1159/1159/2280 1222/1222/2280 1223/1223/2280
f 1159/1159/2281 1223/1223/2281 1160/1160/2281
f 1160/1160/2282 1223/1223/2282 1224/1224/2282
f 1160/1160/2283 1224/1224/2283 1161/1161/2283
f 1161/1161/2284 1224/1224/2284 1225/1225/2284
f 1161/1161/2285 1225/1225/2285 1162/1162/2285
f 1162/1162/2286 1225/1225/2286 1226/1226/2286
f 1162/1162/2287 1226/1226/2287 1163/1163/2287
f 1163/1163/2288 1226/1226/2288 1227/1227/2288
f 1163/1163/2289 1227/1227/2289 1164/1164/2289
f 1164/1164/2290 1227/1227/2290 1228/1228/2290
f 1164/1164/2291 1228/1228/2291 1165/1165/2291
f 1165/1165/2292 1228/1228/2292 1229/1229/2292
f 1165/1165/2293 1229/1229/2293 1166/1166/2293
f 1166/1166/2294 1229/1229/2294 1230/1230/2294
f 1166/1166/2295 1230/1230/2295 1167/1167/2295
f 1167/1167/2296 1230/1230/2296 1231/1231/2296
f 1167/1167/2297 1231/1231/2297 1168/1168/2297
f 1168/1168/2298 1231/1231/2298 1232/1232/2298
f 1168/1168/2299 1232/1232/2299 1169/1169/2299
f 1169/1169/2300 1232/1232/2300 1233/1233/2300
f 1169/1169/2301 1233/1233/2301 1170/1170/2301
f 1170/1170/2302 1233/1233/2302 1234/1234/2302
f 1170/1170/2303 1234/1234/2303 1171/1171/2303
f 1171/1171/2304 1234/1234/2304 1235/1235/2304
f 1171/1171/2305 1235/1235/2305 1172/1172/2305
f 1172/1172/2306 1235/1235/2306 1236/1236/2306
f 1172/1172/2307 1236/1236/2307 1173/1173/2307
f 1173/1173/2308 1236/1236/2308 1237/1237/2308
f 1173/1173/2309 1237/1237/2309 1174/1174/2309
f 1174/1174/2310 1237/1237/2310 1238/1238/2310
f 1174/1174/2311 1238/1238/2311 1175/1175/2311
f 1175/1175/2312 1238/1238/2312 1239/1239/2312
f 1175/1175/2313 1239/1239/2313 1176/1176/2313
f 1176/1176/2314 1239/1239/2314 1240/1240/2314
f 1176/1176/2315 1240/1240/2315 1177/1177/2315
f 1177/1177/2316 1240/1240/2316 1241/1241/2316
f 1177/1177/2317 1241/1241/2317 1178/1178/2317
f 1178/1178/2318 1241/1241/2318 1242/1242/2318
f 1178/1178/2319 1242/1242/2319 1179/1179/2319
f 1179/1179/2320 1242/1242/2320 1243/1243/2320
f 1179/1179/2321 1243/1243/2321 1180/1180/2321
f 1180/1180/2322 1243/1243/2322 1244/1244/2322
f 1180/1180/2323 1244/1244/2323 1181/1181/2323
f 1181/1181/2324 1244/1244/2324 1245/1245/2324
f 1181/1181/2325 1245/1245/2325 1182/1182/2325
f 1182/1182/2326 1245/1245/2326 1246/1246/2326
f 1182/1182/2327 1246/1246/2327 1183/1183/2327
f 1183/1183/2328 1246/1246/2328 1247/1247/2328
f 1183/1183/2329 1247/1247/2329 1184/1184/2329
f 1184/1184/2330 1247/1247/2330 1248/1248/2330
f 1184/1184/2331 1248/1248/2331 1185/1185/2331
f 1185/1185/2332 1248/1248/2332 1249/1249/2332
f 1185/1185/2333 1249/1249/2333 1186/1186/2333
f 1186/1186/2334 1249/1249/2334 1250/1250/2334
f 1186/1186/2335 1250/1250/2335 1187/1187/2335
f 1187/1187/2336 1250/1250/2336 1251/1251/2336
f 1187/1187/2337 1251/1251/2337 1188/1188/2337
f 1188/1188/2338 1251/1251/2338 1252/1252/2338
f 1188/1188/2339 1252/1252/2339 1189/1189/2339
f 1189/1189/2340 1252/1252/2340 1253/1253/2340
f 1189/1189/2341 1253/1253/2341 1190/1190/2341
f 1190/1190/2342 1253/1253/2342 1254/1254/2342
f 1190/1190/2343 1254/1254/2343 1191/1191/2343
f 1191/1191/2344 1254/1254/2344 1255/1255/2344
f 1191/1191/2345 1255/1255/2345 1192/1192/2345
f 1192/1192/2346 1255/1255/2346 1256/1256/2346
f 1192/1192/2347 1256/1256/2347 1193/1193/2347
f 1193/1193/2348 1256/1256/2348 1257/1257/2348
f 1193/1193/2349 1257/1257/2349 1194/1194/2349
f 1194/1194/2350 1257/1257/2350 1258/1258/2350
f 1194/1194/2351 1258/1258/2351 1195/1195/2351
f 1195/1195/2352 1258/1258/2352 1259/1259/2352
f 1195/1195/2353 1259/1259/2353 1196/1196/2353
f 1196/1196/2354 1259/1259/2354 1260/1260/2354
f 1196/1196/2355 1260/1260/2355 1197/1197/2355
f 1197/1197/2356 1260/1260/2356 1261/1261/2356
f 1197/1197/2357 1261/1261/2357 1198/1198/2357
f 1198/1198/2358 1261/1261/2358 1262/1262/2358
f 1198/1198/2359 1262/1262/2359 1199/1199/2359
f 1199/1199/2360 1262/1262/2360 1263/1263/2360
f 1199/1199/2361 1263/1263/2361 1200/1200/2361
f 1200/1200/2362 1263/1263/2362 1264/1264/2362
f 1200/1200/2363 1264/1264/2363 1201/1201/2363
f 1201/1201/2364 1264/1264/2364 1265/1265/2364
f 1201/1201/2365 1265/1265/2365 1202/1202/2365
f 1202/1202/2366 1265/1265/2366 1266/1266/2366
f 1202/1202/2367 1266/1266/2367 1203/1203/2367
f 1203/1203/2368 1266/1266/2368 1267/1267/2368
f 1203/1203/2369 1267/1267/2369 1204/1204/2369
f 1204/1204/2370 1267/1267/2370 1268/1268/2370
f 1204/1204/2371 1268/1268/2371 1205/1205/2371
f 1205/1205/2372 1268/1268/2372 1269/1269/2372
f 1205/1205/2373 1269/1269/2373 1206/1206/2373
f 1206/1206/2374 1269/1269/2374 1270/1270/2374
f 1206/1206/2375 1270/1270/2375 1207/1207/2375
f 1207/1207/2376 1270/1270/2376 1271/1271/2376
f 1207/1207/2377 1271/1271/2377 1208/1208/2377
f 1208/1208/2378 1271/1271/2378 1272/1272/2378
f 1208/1208/2379 1272/1272/2379 1209/1209/2379
f 1209/1209/2380 1272/1272/2380 1273/1273/2380
f 1209/1209/2381 1273/1273/2381 1210/1210/2381
f 1210/1210/2382 1273/1273/2382 1274/1274/2382
f 1210/1210/2383 1274/1274/2383 1211/1211/2383
f 1211/1211/2384 1274/1274/2384 1275/1275/2384
f 1211/1211/2385 1275/1275/2385 1212/1212/2385
f 1212/1212/2386 1275/1275/2386 1276/1276/2386
f 1212/1212/2387 1276/1276/2387 1213/1213/2387
f 1213/1213/2388 1276/1276/2388 1277/1277/2388
f 1213/1213/2389 1277/1277/2389 1214/1214/2389
f 1214/1214/2390 1277/1277/2390 1278/1278/2390
f 1214/1214/2391 1278/1278/2391 1215/1215/2391
f 1215/1215/2392 1278/1278/2392 1279/1279/2392
f 1215/1215/2393 1279/1279/2393 1216/1216/2393
f 1216/1216/2394 1279/1279/2394 1280/1280/2394
f 1217/1217/2395 1281/1281/2395 1218/1218/2395
f 1218/1218/2396 1281/1281/2396 1282/1282/2396
f 1218/1218/2397 1282/1282/2397 1219/1219/2397
f 1219/1219/2398 1282/1282/2398 1283/1283/2398
f 1219/1219/2399 1283/1283/2399 1220/1220/2399
f 1220/1220/2400 1283/1283/2400 1284/1284/2400
f 1220/1220/2401 1284/1284/2401 1221/1221/2401
f 1221/1221/2402 1284/1284/2402 1285/1285/2402
f 1221/1221/2403 1285/1285/2403 1222/1222/2403
f 1222/1222/2404 1285/1285/2404 1286/1286/2404
f 1222/1222/2405 1286/1286/2405 1223/1223/2405
f 1223/1223/2406 1286/1286/2406 1287/1287/2406
f 1223/1223/2407 1287/1287/2407 1224/1224/2407
f 1224/1224/2408 1287/1287/2408 1288/1288/2408
f 1224/1224/2409 1288/1288/2409 1225/1225/2409
f 1225/1225/2410 1288/1288/2410 1289/1289/2410
f 1225/1225/2411 1289/1289/2411 1226/1226/2411
f 1226/1226/2412 1289/1289/2412 1290/1290/2412
f 1226/1226/2413 1290/1290/2413 1227/1227/2413
f 1227/1227/2414 1290/1290/2414 1291/1291/2414
f 1227/1227/2415 1291/1291/2415 1228/1228/2415
f 1228/1228/2416 1291/1291/2416 1292/1292/2416
f 1228/1228/2417 1292/1292/2417 1229/1229/2417
f 1229/1229/2418 1292/1292/2418 1293/1293/2418
f 1229/1229/2419 1293/1293/2419 1230/1230/2419
f 1230/1230/2420 1293/1293/2420 1294/1294/2420
f 1230/1230/2421 1294/1294/2421 1231/1231/2421
f 1231/1231/2422 1294/1294/2422 1295/1295/2422
f 1231/1231/2423 1295/1295/2423 1232/1232/2423
f 1232/1232/2424 1295/1295/2424 1296/1296/2424
f 1232/1232/2425 1296/1296/2425 1233/1233/2425
f 1233/1233/2426 1296/1296/2426 1297/1297/2426
f 1233/1233/2427 1297/1297/2427 1234/1234/2427
f 1234/1234/2428 1297/1297/2428 1298/1298/2428
f 1234/1234/2429 1298/1298/2429 1235/1235/2429
f 1235/1235/2430 1298/1298/2430 1299/1299/2430
f 1235/1235/2431 1299/1299/2431 1236/1236/2431
f 1236/1236/2432 1299/1299/2432 1300/1300/2432
f 1236/1236/2433 1300/1300/2433 1237/1237/2433
f 1237/1237/2434 1300/1300/2434 1301/1301/2434
f 1237/1237/2435 1301/1301/2435 1238/1238/2435
f 1238/1238/2436 1301/1301/2436 1302/1302/2436
f 1238/1238/2437 1302/1302/2437 1239/1239/2437
f 1239/1239/2438 1302/1302/2438 1303/1303/2438
f 1239/1239/2439 1303/1303/2439 1240/1240/2439
f 1240/1240/2440 1303/1303/2440 1304/1304/2440
f 1240/1240/2441 1304/1304/2441 1241/1241/2441
f 1241/1241/2442 1304/1304/2442 1305/1305/2442
f 1241/1241/2443 1305/1305/2443 1242/1242/2443
f 1242/1242/2444 1305/1305/2444 1306/1306/2444
f 1242/1242/2445 1306/1306/2445 1243/1243/2445
f 1243/1243/2446 1306/1306/2446 1307/1307/2446
f 1243/1243/2447 1307/1307/2447 1244/1244/2447
f 1244/1244/2448 1307/1307/2448 1308/1308/2448
f 1244/1244/2449 1308/1308/2449 1245/1245/2449
f 1245/1245/2450 1308/1308/2450 1309/1309/2450
f 1245/1245/2451 1309/1309/2451 1246/1246/2451
f 1246/1246/2452 1309/1309/2452 1310/1310/2452
f 1246/1246/2453 1310/1310/2453 1247/1247/2453
f 1247/1247/2454 1310/1310/2454 1311/1311/2454
f 1247/1247/2455 1311/1311/2455 1248/1248/2455
f 1248/1248/2456 1311/1311/2456 1312/1312/2456
f 1248/1248/2457 1312/1312/2457 1249/1249/2457
f 1249/1249/2458 1312/1312/2458 1313/1313/2458
f 1249/1249/2459 1313/1313/2459 1250/1250/2459
f 1250/1250/2460 1313/1313/2460 1314/1314/2460
f 1250/1250/2461 1314/1314/2461 1251/1251/2461
f 1251/1251/2462 1314/1314/2462 1315/1315/2462
f 1251/1251/2463 1315/1315/2463 1252/1252/2463
f 1252/1252/2464 1315/1315/2464 1316/1316/2464
f 1252/1252/2465 1316/1316/2465 1253/1253/2465
f 1253/1253/2466 1316/1316/2466 1317/1317/2466
f 1253/1253/2467 1317/1317/2467 1254/1254/2467
f 1254/1254/2468 1317/1317/2468 1318/1318/2468
f 1254/1254/2469 1318/1318/2469 1255/1255/2469
f 1255/1255/2470 1318/1318/2470 1319/1319/2470
f 1255/1255/2471 1319/1319/2471 1256/1256/2471
f 1256/1256/2472 1319/1319/2472 1320/1320/2472
f 1256/1256/2473 1320/1320/2473 1257/1257/2473
f 1257/1257/2474 1320/1320/2474 1321/1321/2474
f 1257/1257/2475 1321/1321/2475 1258/1258/2475
f 1258/1258/2476 1321/1321/2476 1322/1322/2476
f 1258/1258/2477 1322/1322/2477 1259/1259/2477
f 1259/1259/2478 1322/1322/2478 1323/1323/2478
f 1259/1259/2479 1323/1323/2479 1260/1260/2479
f 1260/1260/2480 1323/1323/2480 1324/1324/2480
f 1260/1260/2481 1324/1324/2481 1261/1261/2481
f 1261/1261/2482 1324/1324/2482 1325/1325/2482
f 1261/1261/2483 1325/1325/2483 1262/1262/2483
f 1262/1262/2484 1325/1325/2484 1326/1326/2484
f 1262/1262/2485 1326/1326/2485 1263/1263/2485
f 1263/1263/2486 1326/1326/2486 1327/1327/2486
f 1263/1263/2487 1327/1327/2487 1264/1264/2487
f 1264/1264/2488 1327/1327/2488 1328/1328/2488
f 1264/1264/2489 1328/1328/2489 1265/1265/2489
f 1265/1265/2490 1328/1328/2490 1329/1329/2490
f 1265/1265/2491 1329/1329/2491 1266/1266/2491
f 1266/1266/2492 1329/1329/2492 1330/1330/2492
f 1266/1266/2493 1330/1330/2493 1267/1267/2493
f 1267/1267/2494 1330/1330/2494 1331/1331/2494
f 1267/1267/2495 1331/1331/2495 1268/1268/2495
f 1268/1268/2496 1331/1331/2496 1332/1332/2496
f 1268/1268/2497 1332/1332/2497 1269/1269/2497
f 1269/1269/2498 1332/1332/2498 1333/1333/2498
f 1269/1269/2499 1333/1333/2499 1270/1270/2499
f 1270/1270/2500 1333/1333/2500 1334/1334/2500
f 1270/1270/2501 1334/1334/2501 1271/1271/2501
f 1271/1271/2502 1334/1334/2502 1335/1335/2502
f 1271/1271/2503 1335/1335/2503 1272/1272/2503
f 1272/1272/2504 1335/1335/2504 1336/1336/2504
f 1272/1272/2505 1336/1336/2505 1273/1273/2505
f 1273/1273/2506 1336/1336/2506 1337/1337/2506
f 1273/1273/2507 1337/1337/2507 1274/1274/2507
f 1274/1274/2508 1337/1337/2508 1338/1338/2508
f 1274/1274/2509 1338/1338/2509 1275/1275/2509
f 1275/1275/2510 1338/1338/2510 1339/1339/2510
f 1275/1275/2511 1339/1339/2511 1276/1276/2511
f 1276/1276/2512 1339/1339/2512 1340/1340/2512
f 1276/1276/2513 1340/1340/2513 1277/1277/2513
f 1277/1277/2514 1340/1340/2514 1341/1341/2514
f 1277/1277/2515 1341/1341/2515 1278/1278/2515
f 1278/1278/2516 1341/1341/2516 1342/1342/2516
f 1278/1278/2517 1342/1342/2517 1279/1279/2517
f 1279/1279/2518 1342/1342/2518 1343/1343/2518
f 1279/1279/2519 1343/1343/2519 1280/1280/2519
f 1280/1280/2520 1343/1343/2520 1344/1344/2520
f 1281/1281/2521 1345/1345/2521 1282/1282/2521
f 1282/1282/2522 1345/1345/2522 1346/1346/2522
f 1282/1282/2523 1346/1346/2523 1283/1283/2523
f 1283/1283/2524 1346/1346/2524 1347/1347/2524
f 1283/1283/2525 1347/1347/2525 1284/1284/2525
f 1284/1284/2526 1347/1347/2526 1348/1348/2526
f 1284/1284/2527 1348/1348/2527 1285/1285/2527
f 1285/1285/2528 1348/1348/2528 1349/1349/2528
f 1285/1285/2529 1349/1349/2529 1286/1286/2529
f 1286/1286/2530 1349/1349/2530 1350/1350/2530
f 1286/1286/2531 1350/1350/2531 1287/1287/2531
f 1287/1287/2532 1350/1350/2532 1351/1351/2532
f 1287/1287/2533 1351/1351/2533 1288/1288/2533
f 1288/1288/2534 1351/1351/2534 1352/1352/2534
f 1288/1288/2535 1352/1352/2535 1289/1289/2535
f 1289/1289/2536 1352/1352/2536 1353/1353/2536
f 1289/1289/2537 1353/1353/2537 1290/1290/2537
f 1290/1290/2538 1353/1353/2538 1354/1354/2538
f 1290/1290/2539 1354/1354/2539 1291/1291/2539
f 1291/1291/2540 1354/1354/2540 1355/1355/2540
f 1291/1291/2541 1355/1355/2541 1292/1292/2541
f 1292/1292/2542 1355/1355/2542 1356/1356/2542
f 1292/1292/2543 1356/1356/2543 1293/1293/2543
f 1293/1293/2544 1356/1356/2544 1357/1357/2544
f 1293/1293/2545 1357/1357/2545 1294/1294/2545
f 1294/1294/2546 1357/1357/2546 1358/1358/2546
f 1294/1294/2547 1358/1358/2547 1295/1295/2547
f 1295/1295/2548 1358/1358/2548 1359/1359/2548
f 1295/1295/2549 1359/1359/2549 1296/1296/2549
f 1296/1296/2550 1359/1359/2550 1360/1360/2550
f 1296/1296/2551 1360/1360/2551 1297/1297/2551
f 1297/1297/2552 1360/1360/2552 1361/1361/2552
f 1297/1297/2553 1361/1361/2553 1298/1298/2553
f 1298/1298/2554 1361/1361/2554 1362/1362/2554
f 1298/1298/2555 1362/1362/2555 1299/1299/2555
f 1299/1299/2556 1362/1362/2556 1363/1363/2556
f 1299/1299/2557 1363/1363/2557 1300/1300/2557
f 1300/1300/2558 1363/1363/2558 1364/1364/2558
f 1300/1300/2559 1364/1364/2559 1301/1301/2559
f 1301/1301/2560 1364/1364/2560 1365/1365/2560
f 1301/1301/2561 1365/1365/2561 1302/1302/2561
f 1302/1302/2562 1365/1365/2562 1366/1366/2562
f 1302/1302/2563 1366/1366/2563 1303/1303/2563
f 1303/1303/2564 1366/1366/2564 1367/1367/2564
f 1303/1303/2565 1367/1367/2565 1304/1304/2565
f 1304/1304/2566 1367/1367/2566 1368/1368/2566
f 1304/1304/2567 1368/1368/2567 1305/1305/2567
f 1305/1305/2568 1368/1368/2568 1369/1369/2568
f 1305/1305/2569 1369/1369/2569 1306/1306/2569
f 1306/1306/2570 1369/1369/2570 1370/1370/2570
f 1306/1306/2571 1370/1370/2571 1307/1307/2571
f 1307/1307/2572 1370/1370/2572 1371/1371/2572
f 1307/1307/2573 1371/1371/2573 1308/1308/2573
f 1308/1308/2574 1371/1371/2574 1372/1372/2574
f 1308/1308/2575 1372/1372/2575 1309/1309/2575
f 1309/1309/2576 1372/1372/2576 1373/1373/2576
f 1309/1309/2577 1373/1373/2577 1310/1310/2577
f 1310/1310/2578 1373/1373/2578 1374/1374/2578
f 1310/1310/2579 1374/1374/2579 1311/1311/2579
f 1311/1311/2580 1374/1374/2580 1375/1375/2580
f 1311/1311/2581 1375/1375/2581 1312/1312/2581
f 1312/1312/2582 1375/1375/2582 1376/1376/2582
f 1312/1312/2583 1376/1376/2583 1313/1313/2583
f 1313/1313/2584 1376/1376/2584 1377/1377/2584
f 1313/1313/2585 1377/1377/2585 1314/1314/2585
f 1314/1314/2586 1377/1377/2586 1378/1378/2586
f 1314/1314/2587 1378/1378/2587 1315/1315/2587
f 1315/1315/2588 1378/1378/2588 1379/1379/2588
f 1315/1315/2589 1379/1379/2589 1316/1316/2589
f 1316/1316/2590 1379/1379/2590 1380/1380/2590
f 1316/1316/2591 1380/1380/2591 1317/1317/2591
f 1317/1317/2592 1380/1380/2592 1381/1381/2592
f 1317/1317/2593 1381/1381/2593 1318/1318/2593
f 1318/1318/2594 1381/1381/2594 1382/1382/2594
f 1318/1318/2595 1382/1382/2595 1319/1319/2595
f 1319/1319/2596 1382/1382/2596 1383/1383/2596
f 1319/1319/2597 1383/1383/2597 1320/1320/2597
f 1320/1320/2598 1383/1383/2598 1384/1384/2598
f 1320/1320/2599 1384/1384/2599 1321/1321/2599
f 1321/1321/2600 1384/1384/2600 1385/1385/2600
f 1321/1321/2601 1385/1385/2601 1322/1322/2601
f 1322/1322/2602 1385/1385/2602 1386/1386/2602
f 1322/1322/2603 1386/1386/2603 1323/1323/2603
f 1323/1323/2604 1386/1386/2604 1387/1387/2604
f 1323/1323/2605 1387/1387/2605 1324/1324/2605
f 1324/1324/2606 1387/1387/2606 1388/1388/2606
f 1324/1324/2607 1388/1388/2607 1325/1325/2607
f 1325/1325/2608 1388/1388/2608 1389/1389/2608
f 1325/1325/2609 1389/1389/2609 1326/1326/2609
f 1326/1326/2610 1389/1389/2610 1390/1390/2610
f 1326/1326/2611 1390/1390/2611 1327/1327/2611
f 1327/1327/2612 1390/1390/2612 1391/1391/2612
f 1327/1327/2613 1391/1391/2613 1328/1328/2613
f 1328/1328/2614 1391/1391/2614 1392/1392/2614
f 1328/1328/2615 1392/1392/2615 1329/1329/2615
f 1329/1329/2616 1392/1392/2616 1393/1393/2616
f 1329/1329/2617 1393/1393/2617 1330/1330/2617
f 1330/1330/2618 1393/1393/2618 1394/1394/2618
f 1330/1330/2619 1394/1394/2619 1331/1331/2619
f 1331/1331/2620 1394/1394/2620 1395/1395/2620
f 1331/1331/2621 1395/1395/2621 1332/1332/2621
f 1332/1332/2622 1395/1395/2622 1396/1396/2622
f 1332/1332/2623 1396/1396/2623 1333/1333/2623
f 1333/1333/2624 1396/1396/2624 1397/1397/2624
f 1333/1333/2625 1397/1397/2625 1334/1334/2625
f 1334/1334/2626 1397/1397/2626 1398/1398/2626
f 1334/1334/2627 1398/1398/2627 1335/1335/2627
f 1335/1335/2628 1398/1398/2628 1399/1399/2628
f 1335/1335/2629 1399/1399/2629 1336/1336/2629
f 1336/1336/2630 1399/1399/2630 1400/1400/2630
f 1336/1336/2631 1400/1400/2631 1337/1337/2631
f 1337/1337/2632 1400/1400/2632 1401/1401/2632
f 1337/1337/2633 1401/1401/2633 1338/1338/2633
f 1338/1338/2634 1401/1401/2634 1402/1402/2634
f 1338/1338/2635 1402/1402/2635 1339/1339/2635
f 1339/1339/2636 1402/1402/2636 1403/1403/2636
f 1339/1339/2637 1403/1403/2637 1340/1340/2637
f 1340/1340/2638 1403/1403/2638 1404/1404/2638
f 1340/1340/2639 1404/1404/2639 1341/1341/2639
f 1341/1341/2640 1404/1404/2640 1405/1405/2640
f 1341/1341/2641 1405/1405/2641 1342/1342/2641
f 1342/1342/2642 1405/1405/2642 1406/1406/2642
f 1342/1342/2643 1406/1406/2643 1343/1343/2643
f 1343/1343/2644 1406/1406/2644 1407/1407/2644
f 1343/1343/2645 1407/1407/2645 1344/1344/2645
f 1344/1344/2646 1407/1407/2646 1408/1408/2646
f 1345/1345/2647 1409/1409/2647 1346/1346/2647
f 1346/1346/2648 1409/1409/2648 1410/1410/2648
f 1346/1346/2649 1410/1410/2649 1347/1347/2649
f 1347/1347/2650 1410/1410/2650 1411/1411/2650
f 1347/1347/2651 1411/1411/2651 1348/1348/2651
f 1348/1348/2652 1411/1411/2652 1412/1412/2652
f 1348/1348/2653 1412/1412/2653 1349/1349/2653
f 1349/1349/2654 1412/1412/2654 1413/1413/2654
f 1349/1349/2655 1413/1413/2655 1350/1350/2655
f 1350/1350/2656 1413/1413/2656 1414/1414/2656
f 1350/1350/2657 1414/1414/2657 1351/1351/2657
f 1351/1351/2658 1414/1414/2658 1415/1415/2658
f 1351/1351/2659 1415/1415/2659 1352/1352/2659
f 1352/1352/2660 1415/1415/2660 1416/1416/2660
f 1352/1352/2661 1416/1416/2661 1353/1353/2661
f 1353/1353/2662 1416/1416/2662 1417/1417/2662
f 1353/1353/2663 1417/1417/2663 1354/1354/2663
f 1354/1354/2664 1417/1417/2664 1418/1418/2664
f 1354/1354/2665 1418/1418/2665 1355/1355/2665
f 1355/1355/2666 1418/1418/2666 1419/1419/2666
f 1355/1355/2667 1419/1419/2667 1356/1356/2667
f 1356/1356/2668 1419/1419/2668 1420/1420/2668
f 1356/1356/2669 1420/1420/2669 1357/1357/2669
f 1357/1357/2670 1420/1420/2670 1421/1421/2670
f 1357/1357/2671 1421/1421/2671 1358/1358/2671
f 1358/1358/2672 1421/1421/2672 1422/1422/2672
f 1358/1358/2673 1422/1422/2673 1359/1359/2673
f 1359/1359/2674 1422/1422/2674 1423/1423/2674
f 1359/1359/2675 1423/1423/2675 1360/1360/2675
f 1360/1360/2676 1423/1423/2676 1424/1424/2676
f 1360/1360/2677 1424/1424/2677 1361/1361/2677
f 1361/1361/2678 1424/1424/2678 1425/1425/2678
f 1361/1361/2679 1425/1425/2679 1362/1362/2679
f 1362/1362/2680 1425/1425/2680 1426/1426/2680
f 1362/1362/2681 1426/1426/2681 1363/1363/2681
f 1363/1363/2682 1426/1426/2682 1427/1427/2682
f 1363/1363/2683 1427/1427/2683 1364/1364/2683
f 1364/1364/2684 1427/1427/2684 1428/1428/2684
f 1364/1364/2685 1428/1428/2685 1365/1365/2685
f 1365/1365/2686 1428/1428/2686 1429/1429/2686
f 1365/1365/2687 1429/1429/2687 1366/1366/2687
f 1366/1366/2688 1429/1429/2688 1430/1430/2688
f 1366/1366/2689 1430/1430/2689 1367/1367/2689
f 1367/1367/2690 1430/1430/2690 1431/1431/2690
f 1367/1367/2691 1431/1431/2691 1368/1368/2691
f 1368/1368/2692 1431/1431/2692 1432/1432/2692
f 1368/1368/2693 1432/1432/2693 1369/1369/2693
f 1369/1369/2694 1432/1432/2694 1433/1433/2694
f 1369/1369/2695 1433/1433/2695 1370/1370/2695
f 1370/1370/2696 1433/1433/2696 1434/1434/2696
f 1370/1370/2697 1434/1434/2697 1371/1371/2697
f 1371/1371/2698 1434/1434/2698 1435/1435/2698
f 1371/1371/2699 1435/1435/2699 1372/1372/2699
f 1372/1372/2700 1435/1435/2700 1436/1436/2700
f 1372/1372/2701 1436/1436/2701 1373/1373/2701
f 1373/1373/2702 1436/1436/2702 1437/1437/2702
f 1373/1373/2703 1437/1437/2703 1374/1374/2703
f 1374/1374/2704 1437/1437/2704 1438/1438/2704
f 1374/1374/2705 1438/1438/2705 1375/1375/2705
f 1375/1375/2706 1438/1438/2706 1439/1439/2706
f 1375/1375/2707 1439/1439/2707 1376/1376/2707
f 1376/1376/2708 1439/1439/2708 1440/1440/2708
f 1376/1376/2709 1440/1440/2709 1377/1377/2709
f 1377/1377/2710 1440/1440/2710 1441/1441/2710
f 1377/1377/2711 1441/1441/2711 1378/1378/2711
f 1378/1378/2712 1441/1441/2712 1442/1442/2712
f 1378/1378/2713 1442/1442/2713 1379/1379/2713
f 1379/1379/2714 1442/1442/2714 1443/1443/2714
f 1379/1379/2715 1443/1443/2715 1380/1380/2715
f 1380/1380/2716 1443/1443/2716 1444/1444/2716
f 1380/1380/2717 1444/1444/2717 1381/1381/2717
f 1381/1381/2718 1444/1444/2718 1445/1445/2718
f 1381/1381/2719 1445/1445/2719 1382/1382/2719
f 1382/1382/2720 1445/1445/2720 1446/1446/2720
f 1382/1382/2721 1446/1446/2721 1383/1383/2721
f 1383/1383/2722 1446/1446/2722 1447/1447/2722
f 1383/1383/2723 1447/1447/2723 1384/1384/2723
f 1384/1384/2724 1447/1447/2724 1448/1448/2724
f 1384/1384/2725 1448/1448/2725 1385/1385/2725
f 1385/1385/2726 1448/1448/2726 1449/1449/2726
f 1385/1385/2727 1449/1449/2727 1386/1386/2727
f 1386/1386/2728 1449/1449/2728 1450/1450/2728
f 1386/1386/2729 1450/1450/2729 1387/1387/2729
f 1387/1387/2730 1450/1450/2730 1451/1451/2730
f 1387/1387/2731 1451/1451/2731 1388/1388/2731
f 1388/1388/2732 1451/1451/2732 1452/1452/2732
f 1388/1388/2733 1452/1452/2733 1389/1389/2733
f 1389/1389/2734 1452/1452/2734 1453/1453/2734
f 1389/1389/2735 1453/1453/2735 1390/1390/2735
f 1390/1390/2736 1453/1453/2736 1454/1454/2736
f 1390/1390/2737 1454/1454/2737 1391/1391/2737
f 1391/1391/2738 1454/1454/2738 1455/1455/2738
f 1391/1391/2739 1455/1455/2739 1392/1392/2739
f 1392/1392/2740 1455/1455/2740 1456/1456/2740
f 1392/1392/2741 1456/1456/2741 1393/1393/2741
f 1393/1393/2742 1456/1456/2742 1457/1457/2742
f 1393/1393/2743 1457/1457/2743 1394/1394/2743
f 1394/1394/2744 1457/1457/2744 1458/1458/2744
f 1394/1394/2745 1458/1458/2745 1395/1395/2745
f 1395/1395/2746 1458/1458/2746 1459/1459/2746
f 1395/1395/2747 1459/1459/2747 1396/1396/2747
f 1396/1396/2748 1459/1459/2748 1460/1460/2748
f 1396/1396/2749 1460/1460/2749 1397/1397/2749
f 1397/1397/2750 1460/1460/2750 1461/1461/2750
f 1397/1397/2751 1461/1461/2751 1398/1398/2751
f 1398/1398/2752 1461/1461/2752 1462/1462/2752
f 1398/1398/2753 1462/1462/2753 1399/1399/2753
f 1399/1399/2754 1462/1462/2754 1463/1463/2754
f 1399/1399/2755 1463/1463/2755 1400/1400/2755
f 1400/1400/2756 1463/1463/2756 1464/1464/2756
f 1400/1400/2757 1464/1464/2757 1401/1401/2757
f 1401/1401/2758 1464/1464/2758 1465/1465/2758
f 1401/1401/2759 1465/1465/2759 1402/1402/2759
f 1402/1402/2760 1465/1465/2760 1466/1466/2760
f 1402/1402/2761 1466/1466/2761 1403/1403/2761
f 1403/1403/2762 1466/1466/2762 1467/1467/2762
f 1403/1403/2763 1467/1467/2763 1404/1404/2763
f 1404/1404/2764 1467/1467/2764 1468/1468/2764
f 1404/1404/2765 1468/1468/2765 1405/1405/2765
f 1405/1405/2766 1468/1468/2766 1469/1469/2766
f 1405/1405/2767 1469/1469/2767 1406/1406/2767
f 1406/1406/2768 1469/1469/2768 1470/1470/2768
f 1406/1406/2769 1470/1470/2769 1407/1407/2769
f 1407/1407/2770 1470/1470/2770 1471/1471/2770
f 1407/1407/2771 1471/1471/2771 1408/1408/2771
f 1408/1408/2772 1471/1471/2772 1472/1472/2772
f 1409/1409/2773 1473/1473/2773 1410/1410/2773
f 1410/1410/2774 1473/1473/2774 1474/1474/2774
f 1410/1410/2775 1474/1474/2775 1411/1411/2775
f 1411/1411/2776 1474/1474/2776 1475/1475/2776
f 1411/1411/2777 1475/1475/2777 1412/1412/2777
f 1412/1412/2778 1475/1475/2778 1476/1476/2778
f 1412/1412/2779 1476/1476/2779 1413/1413/2779
f 1413/1413/2780 1476/1476/2780 1477/1477/2780
f 1413/1413/2781 1477/1477/2781 1414/1414/2781
f 1414/1414/2782 1477/1477/2782 1478/1478/2782
f 1414/1414/2783 1478/1478/2783 1415/1415/2783
f 1415/1415/2784 1478/1478/2784 1479/1479/2784
f 1415/1415/2785 1479/1479/2785 1416/1416/2785
f 1416/1416/2786 1479/1479/2786 1480/1480/2786
f 1416/1416/2787 1480/1480/2787 1417/1417/2787
f 1417/1417/2788 1480/1480/2788 1481/1481/2788
f 1417/1417/2789 1481/1481/2789 1418/1418/2789
f 1418/1418/2790 1481/1481/2790 1482/1482/2790
f 1418/1418/2791 1482/1482/2791 1419/1419/2791
f 1419/1419/2792 1482/1482/2792 1483/1483/2792
f 1419/1419/2793 1483/1483/2793 1420/1420/2793
f 1420/1420/2794 1483/1483/2794 1484/1484/2794
f 1420/1420/2795 1484/1484/2795 1421/1421/2795
f 1421/1421/2796 1484/1484/2796 1485/1485/2796
f 1421/1421/2797 1485/1485/2797 1422/1422/2797
f 1422/1422/2798 1485/1485/2798 1486/1486/2798
f 1422/1422/2799 1486/1486/2799 1423/1423/2799
f 1423/1423/2800 1486/1486/2800 1487/1487/2800
f 1423/1423/2801 1487/1487/2801 1424/1424/2801
f 1424/1424/2802 1487/1487/2802 1488/1488/2802
f 1424/1424/2803 1488/1488/2803 1425/1425/2803
f 1425/1425/2804 1488/1488/2804 1489/1489/2804
f 1425/1425/2805 1489/1489/2805 1426/1426/2805
f 1426/1426/2806 1489/1489/2806 1490/1490/2806
f 1426/1426/2807 1490/1490/2807 1427/1427/2807
f 1427/1427/2808 1490/1490/2808 1491/1491/2808
f 1427/1427/2809 1491/1491/2809 1428/1428/2809
f 1428/1428/2810 1491/1491/2810 1492/1492/2810
f 1428/1428/2811 1492/1492/2811 1429/1429/2811
f 1429/1429/2812 1492/1492/2812 1493/1493/2812
f 1429/1429/2813 1493/1493/2813 1430/1430/2813
f 1430/1430/2814 1493/1493/2814 1494/1494/2814
f 1430/1430/2815 1494/1494/2815 1431/1431/2815
f 1431/1431/2816 1494/1494/2816 1495/1495/2816
f 1431/1431/2817 1495/1495/2817 1432/1432/2817
f 1432/1432/2818 1495/1495/2818 1496/1496/2818
f 1432/1432/2819 1496/1496/2819 1433/1433/2819
f 1433/1433/2820 1496/1496/2820 1497/1497/2820
f 1433/1433/2821 1497/1497/2821 1434/1434/2821
f 1434/1434/2822 1497/1497/2822 1498/1498/2822
f 1434/1434/2823 1498/1498/2823 1435/1435/2823
f 1435/1435/2824 1498/1498/2824 1499/1499/2824
f 1435/1435/2825 1499/1499/2825 1436/1436/2825
f 1436/1436/2826 1499/1499/2826 1500/1500/2826
f 1436/1436/2827 1500/1500/2827 1437/1437/2827
f 1437/1437/2828 1500/1500/2828 1501/1501/2828
f 1437/1437/2829 1501/1501/2829 1438/1438/2829
f 1438/1438/2830 1501/1501/2830 1502/1502/2830
f 1438/1438/2831 1502/1502/2831 1439/1439/2831
f 1439/1439/2832 1502/1502/2832 1503/1503/2832
f 1439/1439/2833 1503/1503/2833 1440/1440/2833
f 1440/1440/2834 1503/1503/2834 1504/1504/2834
f 1440/1440/2835 1504/1504/2835 1441/1441/2835
f 1441/1441/2836 1504/1504/2836 1505/1505/2836
f 1441/1441/2837 1505/1505/2837 1442/1442/2837
f 1442/1442/2838 1505/1505/2838 1506/1506/2838
f 1442/1442/2839 1506/1506/2839 1443/1443/2839
f 1443/1443/2840 1506/1506/2840 1507/1507/2840
f 1443/1443/2841 1507/1507/2841 1444/1444/2841
f 1444/1444/2842 1507/1507/2842 1508/1508/2842
f 1444/1444/2843 1508/1508/2843 1445/1445/2843
f 1445/1445/2844 1508/1508/2844 1509/1509/2844
f 1445/1445/2845 1509/1509/2845 1446/1446/2845
f 1446/1446/2846 1509/1509/2846 1510/1510/2846
f 1446/1446/2847 1510/1510/2847 1447/1447/2847
f 1447/1447/2848 1510/1510/2848 1511/1511/2848
f 1447/1447/2849 1511/1511/2849 1448/1448/2849
f 1448/1448/2850 1511/1511/2850 1512/1512/2850
f 1448/1448/2851 1512/1512/2851 1449/1449/2851
f 1449/1449/2852 1512/1512/2852 1513/1513/2852
f 1449/1449/2853 1513/1513/2853 1450/1450/2853
f 1450/1450/2854 1513/1513/2854 1514/1514/2854
f 1450/1450/2855 1514/1514/2855 1451/1451/2855
f 1451/1451/2856 1514/1514/2856 1515/1515/2856
f 1451/1451/2857 1515/1515/2857 1452/1452/2857
f 1452/1452/2858 1515/1515/2858 1516/1516/2858
f 1452/1452/2859 1516/1516/2859 1453/1453/2859
f 1453/1453/2860 1516/1516/2860 1517/1517/2860
f 1453/1453/2861 1517/1517/2861 1454/1454/2861
f 1454/1454/2862 1517/1517/2862 1518/1518/2862
f 1454/1454/2863 1518/1518/2863 1455/1455/2863
f 1455/1455/2864 1518/1518/2864 1519/1519/2864
f 1455/1455/2865 1519/1519/2865 1456/1456/2865
f 1456/1456/2866 1519/1519/2866 1520/1520/2866
f 1456/1456/2867 1520/1520/2867 1457/1457/2867
f 1457/1457/2868 1520/1520/2868 1521/1521/2868
f 1457/1457/2869 1521/1521/2869 1458/1458/2869
f 1458/1458/2870 1521/1521/2870 1522/1522/2870
f 1458/1458/2871 1522/1522/2871 1459/1459/2871
f 1459/1459/2872 1522/1522/2872 1523/1523/2872
f 1459/1459/2873 1523/1523/2873 1460/1460/2873
f 1460/1460/2874 1523/1523/2874 1524/1524/2874
f 1460/1460/2875 1524/1524/2875 1461/1461/2875
f 1461/1461/2876 1524/1524/2876 1525/1525/2876
f 1461/1461/2877 1525/1525/2877 1462/1462/2877
f 1462/1462/2878 1525/1525/2878 1526/1526/2878
f 1462/1462/2879 1526/1526/2879 1463/1463/2879
f 1463/1463/2880 1526/1526/2880 1527/1527/2880
f 1463/1463/2881 1527/1527/2881 1464/1464/2881
f 1464/1464/2882 1527/1527/2882 1528/1528/2882
f 1464/1464/2883 1528/1528/2883 1465/1465/2883
f 1465/1465/2884 1528/1528/2884 1529/1529/2884
f 1465/1465/2885 1529/1529/2885 1466/1466/2885
f 1466/1466/2886 1529/1529/2886 1530/1530/2886
f 1466/1466/2887 1530/1530/2887 1467/1467/2887
f 1467/1467/2888 1530/1530/2888 1531/1531/2888
f 1467/1467/2889 1531/1531/2889 1468/1468/2889
f 1468/1468/2890 1531/1531/2890 1532/1532/2890
f 1468/1468/2891 1532/1532/2891 1469/1469/2891
f 1469/1469/2892 1532/1532/2892 1533/1533/2892
f 1469/1469/2893 1533/1533/2893 1470/1470/2893
f 1470/1470/2894 1533/1533/2894 1534/1534/2894
f 1470/1470/2895 1534/1534/2895 1471/1471/2895
f 1471/1471/2896 1534/1534/2896 1535/1535/2896
f 1471/1471/2897 1535/1535/2897 1472/1472/2897
f 1472/1472/2898 1535/1535/2898 1536/1536/2898
f 1473/1473/2899 1537/1537/2899 1474/1474/2899
f 1474/1474/2900 1537/1537/2900 1538/1538/2900
f 1474/1474/2901 1538/1538/2901 1475/1475/2901
f 1475/1475/2902 1538/1538/2902 1539/1539/2902
f 1475/1475/2903 1539/1539/2903 1476/1476/2903
f 1476/1476/2904 1539/1539/2904 1540/1540/2904
f 1476/1476/2905 1540/1540/2905 1477/1477/2905
f 1477/1477/2906 1540/1540/2906 1541/1541/2906
f 1477/1477/2907 1541/1541/2907 1478/1478/2907
f 1478/1478/2908 1541/1541/2908 1542/1542/2908
f 1478/1478/2909 1542/1542/2909 1479/1479/2909
f 1479/1479/2910 1542/1542/2910 1543/1543/2910
f 1479/1479/2911 1543/1543/2911 1480/1480/2911
f 1480/1480/2912 1543/1543/2912 1544/1544/2912
f 1480/1480/2913 1544/1544/2913 1481/1481/2913
f 1481/1481/2914 1544/1544/2914 1545/1545/2914
f 1481/1481/2915 1545/1545/2915 1482/1482/2915
f 1482/1482/2916 1545/1545/2916 1546/1546/2916
f 1482/1482/2917 1546/1546/2917 1483/1483/2917
f 1483/1483/2918 1546/1546/2918 1547/1547/2918
f 1483/1483/2919 1547/1547/2919 1484/1484/2919
f 1484/1484/2920 1547/1547/2920 1548/1548/2920
f 1484/1484/2921 1548/1548/2921 1485/1485/2921
f 1485/1485/2922 1548/1548/2922 1549/1549/2922
f 1485/1485/2923 1549/1549/2923 1486/1486/2923
f 1486/1486/2924 1549/1549/2924 1550/1550/2924
f 1486/1486/2925 1550/1550/2925 1487/1487/2925
f 1487/1487/2926 1550/1550/2926 1551/1551/2926
f 1487/1487/2927 1551/1551/2927 1488/1488/2927
f 1488/1488/2928 1551/1551/2928 1552/1552/2928
f 1488/1488/2929 1552/1552/2929 1489/1489/2929
f 1489/1489/2930 1552/1552/2930 1553/1553/2930
f 1489/1489/2931 1553/1553/2931 1490/1490/2931
f 1490/1490/2932 1553/1553/2932 1554/1554/2932
f 1490/1490/2933 1554/1554/2933 1491/1491/2933
f 1491/1491/2934 1554/1554/2934 1555/1555/2934
f 1491/1491/2935 1555/1555/2935 1492/1492/2935
f 1492/1492/2936 1555/1555/2936 1556/1556/2936
f 1492/1492/2937 1556/1556/2937 1493/1493/2937
f 1493/1493/2938 1556/1556/2938 1557/1557/2938
f 1493/1493/2939 1557/1557/2939 1494/1494/2939
f 1494/1494/2940 1557/1557/2940 1558/1558/2940
f 1494/1494/2941 1558/1558/2941 1495/1495/2941
f 1495/1495/2942 1558/1558/2942 1559/1559/2942
f 1495/1495/2943 1559/1559/2943 1496/1496/2943
f 1496/1496/2944 1559/1559/2944 1560/1560/2944
f 1496/1496/2945 1560/1560/2945 1497/1497/2945
f 1497/1497/2946 1560/1560/2946 1561/1561/2946
f 1497/1497/2947 1561/1561/2947 1498/1498/2947
f 1498/1498/2948 1561/1561/2948 1562/1562/2948
f 1498/1498/2949 1562/1562/2949 1499/1499/2949
f 1499/1499/2950 1562/1562/2950 1563/1563/2950
f 1499/1499/2951 1563/1563/2951 1500/1500/2951
f 1500/1500/2952 1563/1563/2952 1564/1564/2952
f 1500/1500/2953 1564/1564/2953 1501/1501/2953
f 1501/1501/2954 1564/1564/2954 1565/1565/2954
f 1501/1501/2955 1565/1565/2955 1502/1502/2955
f 1502/1502/2956 1565/1565/2956 1566/1566/2956
f 1502/1502/2957 1566/1566/2957 1503/1503/2957
f 1503/1503/2958 1566/1566/2958 1567/1567/2958
f 1503/1503/2959 1567/1567/2959 1504/1504/2959
f 1504/1504/2960 1567/1567/2960 1568/1568/2960
f 1504/1504/2961 1568/1568/2961 1505/1505/2961
f 1505/1505/2962 1568/1568/2962 1569/1569/2962
f 1505/1505/2963 1569/1569/2963 1506/1506/2963
f 1506/1506/2964 1569/1569/2964 1570/1570/2964
f 1506/1506/2965 1570/1570/2965 1507/1507/2965
f 1507/1507/2966 1570/1570/2966 1571/1571/2966
f 1507/1507/2967 1571/1571/2967 1508/1508/2967
f 1508/1508/2968 1571/1571/2968 1572/1572/2968
f 1508/1508/2969 1572/1572/2969 1509/1509/2969
f 1509/1509/2970 1572/1572/2970 1573/1573/2970
f 1509/1509/2971 1573/1573/2971 1510/1510/2971
f 1510/1510/2972 1573/1573/2972 1574/1574/2972
f 1510/1510/2973 1574/1574/2973 1511/1511/2973
f 1511/1511/2974 1574/1574/2974 1575/1575/2974
f 1511/1511/2975 1575/1575/2975 1512/1512/2975
f 1512/1512/2976 1575/1575/2976 1576/1576/2976
f 1512/1512/2977 1576/1576/2977 1513/1513/2977
f 1513/1513/2978 1576/1576/2978 1577/1577/2978
f 1513/1513/2979 1577/1577/2979 1514/1514/2979
f 1514/1514/2980 1577/1577/2980 1578/1578/2980
f 1514/1514/2981 1578/1578/2981 1515/1515/2981
f 1515/1515/2982 1578/1578/2982 1579/1579/2982
f 1515/1515/2983 1579/1579/2983 1516/1516/2983
f 1516/1516/2984 1579/1579/2984 1580/1580/2984
f 1516/1516/2985 1580/1580/2985 1517/1517/2985
f 1517/1517/2986 1580/1580/2986 1581/1581/2986
f 1517/1517/2987 1581/1581/2987 1518/1518/2987
f 1518/1518/2988 1581/1581/2988 1582/1582/2988
f 1518/1518/2989 1582/1582/2989 1519/1519/2989
f 1519/1519/2990 1582/1582/2990 1583/1583/2990
f 1519/1519/2991 1583/1583/2991 1520/1520/2991
f 1520/1520/2992 1583/1583/2992 1584/1584/2992
f 1520/1520/2993 1584/1584/2993 1521/1521/2993
f 1521/1521/2994 1584/1584/2994 1585/1585/2994
f 1521/1521/2995 1585/1585/2995 1522/1522/2995
f 1522/1522/2996 1585/1585/2996 1586/1586/2996
f 1522/1522/2997 1586/1586/2997 1523/1523/2997
f 1523/1523/2998 1586/1586/2998 1587/1587/2998
f 1523/1523/2999 1587/1587/2999 1524/1524/2999
f 1524/1524/3000 1587/1587/3000 1588/1588/3000
f 1524/1524/3001 1588/1588/3001 1525/1525/3001
f 1525/1525/3002 1588/1588/3002 1589/1589/3002
f 1525/1525/3003 1589/1589/3003 1526/1526/3003
f 1526/1526/3004 1589/1589/3004 1590/1590/3004
f 1526/1526/3005 1590/1590/3005 1527/1527/3005
f 1527/1527/3006 1590/1590/3006 1591/1591/3006
f 1527/1527/3007 1591/1591/3007 1528/1528/3007
f 1528/1528/3008 1591/1591/3008 1592/1592/3008
f 1528/1528/3009 1592/1592/3009 1529/1529/3009
f 1529/1529/3010 1592/1592/3010 1593/1593/3010
f 1529/1529/3011 1593/1593/3011 1530/1530/3011
f 1530/1530/3012 1593/1593/3012 1594/1594/3012
f 1530/1530/3013 1594/1594/3013 1531/1531/3013
f 1531/1531/3014 1594/1594/3014 1595/1595/3014
f 1531/1531/3015 1595/1595/3015 1532/1532/3015
f 1532/1532/3016 1595/1595/3016 1596/1596/3016
f 1532/1532/3017 1596/1596/3017 1533/1533/3017
f 1533/1533/3018 1596/1596/3018 1597/1597/3018
f 1533/1533/3019 1597/1597/3019 1534/1534/3019
f 1534/1534/3020 1597/1597/3020 1598/1598/3020
f 1534/1534/3021 1598/1598/3021 1535/1535/3021
f 1535/1535/3022 1598/1598/3022 1599/1599/3022
f 1535/1535/3023 1599/1599/3023 1536/1536/3023
f 1536/1536/3024 1599/1599/3024 1600/1600/3024
f 1537/1537/3025 1601/1601/3025 1538/1538/3025
f 1538/1538/3026 1601/1601/3026 1602/1602/3026
f 1538/1538/3027 1602/1602/3027 1539/1539/3027
f 1539/1539/3028 1602/1602/3028 1603/1603/3028
f 1539/1539/3029 1603/1603/3029 1540/1540/3029
f 1540/1540/3030 1603/1603/3030 1604/1604/3030
f 1540/1540/3031 1604/1604/3031 1541/1541/3031
f 1541/1541/3032 1604/1604/3032 1605/1605/3032
f 1541/1541/3033 1605/1605/3033 1542/1542/3033
f 1542/1542/3034 1605/1605/3034 1606/1606/3034
f 1542/1542/3035 1606/1606/3035 1543/1543/3035
f 1543/1543/3036 1606/1606/3036 1607/1607/3036
f 1543/1543/3037 1607/1607/3037 1544/1544/3037
f 1544/1544/3038 1607/1607/3038 1608/1608/3038
f 1544/1544/3039 1608/1608/3039 1545/1545/3039
f 1545/1545/3040 1608/1608/3040 1609/1609/3040
f 1545/1545/3041 1609/1609/3041 1546/1546/3041
f 1546/1546/3042 1609/1609/3042 1610/1610/3042
f 1546/1546/3043 1610/1610/3043 1547/1547/3043
f 1547/1547/3044 1610/1610/3044 1611/1611/3044
f 1547/1547/3045 1611/1611/3045 1548/1548/3045
f 1548/1548/3046 1611/1611/3046 1612/1612/3046
f 1548/1548/3047 1612/1612/3047 1549/1549/3047
f 1549/1549/3048 1612/1612/3048 1613/1613/3048
f 1549/1549/3049 1613/1613/3049 1550/1550/3049
f 1550/1550/3050 1613/1613/3050 1614/1614/3050
f 1550/1550/3051 1614/1614/3051 1551/1551/3051
f 1551/1551/3052 1614/1614/3052 1615/1615/3052
f 1551/1551/3053 1615/1615/3053 1552/1552/3053
f 1552/1552/3054 1615/1615/3054 1616/1616/3054
f 1552/1552/3055 1616/1616/3055 1553/1553/3055
f 1553/1553/3056 1616/1616/3056 1617/1617/3056
f 1553/1553/3057 1617/1617/3057 1554/1554/3057
f 1554/1554/3058 1617/1617/3058 1618/1618/3058
f 1554/1554/3059 1618/1618/3059 1555/1555/3059
f 1555/1555/3060 1618/1618/3060 1619/1619/3060
f 1555/1555/3061 1619/1619/3061 1556/1556/3061
f 1556/1556/3062 1619/1619/3062 1620/1620/3062
f 1556/1556/3063 1620/1620/3063 1557/1557/3063
f 1557/1557/3064 1620/1620/3064 1621/1621/3064
f 1557/1557/3065 1621/1621/3065 1558/1558/3065
f 1558/1558/3066 1621/1621/3066 1622/1622/3066
f 1558/1558/3067 1622/1622/3067 1559/1559/3067
f 1559/1559/3068 1622/1622/3068 1623/1623/3068
f 1559/1559/3069 1623/1623/3069 1560/1560/3069
f 1560/1560/3070 1623/1623/3070 1624/1624/3070
f 1560/1560/3071 1624/1624/3071 1561/1561/3071
f 1561/1561/3072 1624/1624/3072 1625/1625/3072
f 1561/1561/3073 1625/1625/3073 1562/1562/3073
f 1562/1562/3074 1625/1625/3074 1626/1626/3074
f 1562/1562/3075 1626/1626/3075 1563/1563/3075
f 1563/1563/3076 1626/1626/3076 1627/1627/3076
f 1563/1563/3077 1627/1627/3077 1564/1564/3077
f 1564/1564/3078 1627/1627/3078 1628/1628/3078
f 1564/1564/3079 1628/1628/3079 1565/1565/3079
f 1565/1565/3080 1628/1628/3080 1629/1629/3080
f 1565/1565/3081 1629/1629/3081 1566/1566/3081
f 1566/1566/3082 1629/1629/3082 1630/1630/3082
f 1566/1566/3083 1630/1630/3083 1567/1567/3083
f 1567/1567/3084 1630/1630/3084 1631/1631/3084
f 1567/1567/3085 1631/1631/3085 1568/1568/3085
f 1568/1568/3086 1631/1631/3086 1632/1632/3086
f 1568/1568/3087 1632/1632/3087 1569/1569/3087
f 1569/1569/3088 1632/1632/3088 1633/1633/3088
f 1569/1569/3089 1633/1633/3089 1570/1570/3089
f 1570/1570/3090 1633/1633/3090 1634/1634/3090
f 1570/1570/3091 1634/1634/3091 1571/1571/3091
f 1571/1571/3092 1634/1634/3092 1635/1635/3092
f 1571/1571/3093 1635/1635/3093 1572/1572/3093
f 1572/1572/3094 1635/1635/3094 1636/1636/3094
f 1572/1572/3095 1636/1636/3095 1573/1573/3095
f 1573/1573/3096 1636/1636/3096 1637/1637/3096
f 1573/1573/3097 1637/1637/3097 1574/1574/3097
f 1574/1574/3098 1637/1637/3098 1638/1638/3098
f 1574/1574/3099 1638/1638/3099 1575/1575/3099
f 1575/1575/3100 1638/1638/3100 1639/1639/3100
f 1575/1575/3101 1639/1639/3101 1576/1576/3101
f 1576/1576/3102 1639/1639/3102 1640/1640/3102
f 1576/1576/3103 1640/1640/3103 1577/1577/3103
f 1577/1577/3104 1640/1640/3104 1641/1641/3104
f 1577/1577/3105 1641/1641/3105 1578/1578/3105
f 1578/1578/3106 1641/1641/3106 1642/1642/3106
f 1578/1578/3107 1642/1642/3107 1579/1579/3107
f 1579/1579/3108 1642/1642/3108 1643/1643/3108
f 1579/1579/3109 1643/1643/3109 1580/1580/3109
f 1580/1580/3110 1643/1643/3110 1644/1644/3110
f 1580/1580/3111 1644/1644/3111 1581/1581/3111
f 1581/1581/3112 1644/1644/3112 1645/1645/3112
f 1581/1581/3113 1645/1645/3113 1582/1582/3113
f 1582/1582/3114 1645/1645/3114 1646/1646/3114
f 1582/1582/3115 1646/1646/3115 1583/1583/3115
f 1583/1583/3116 1646/1646/3116 1647/1647/3116
f 1583/1583/3117 1647/1647/3117 1584/1584/3117
f 1584/1584/3118 1647/1647/3118 1648/1648/3118
f 1584/1584/3119 1648/1648/3119 1585/1585/3119
f 1585/1585/3120 1648/1648/3120 1649/1649/3120
f 1585/1585/3121 1649/1649/3121 1586/1586/3121
f 1586/1586/3122 1649/1649/3122 1650/1650/3122
f 1586/1586/3123 1650/1650/3123 1587/1587/3123
f 1587/1587/3124 1650/1650/3124 1651/1651/3124
f 1587/1587/3125 1651/1651/3125 1588/1588/3125
f 1588/1588/3126 1651/1651/3126 1652/1652/3126
f 1588/1588/3127 1652/1652/3127 1589/1589/3127
f 1589/1589/3128 1652/1652/3128 1653/1653/3128
f 1589/1589/3129 1653/1653/3129 1590/1590/3129
f 1590/1590/3130 1653/1653/3130 1654/1654/3130
f 1590/1590/3131 1654/1654/3131 1591/1591/3131
f 1591/1591/3132 1654/1654/3132 1655/1655/3132
f 1591/1591/3133 1655/1655/3133 1592/1592/3133
f 1592/1592/3134 1655/1655/3134 1656/1656/3134
f 1592/1592/3135 1656/1656/3135 1593/1593/3135
f 1593/1593/3136 1656/1656/3136 1657/1657/3136
f 1593/1593/3137 1657/1657/3137 1594/1594/3137
f 1594/1594/3138 1657/1657/3138 1658/1658/3138
f 1594/1594/3139 1658/1658/3139 1595/1595/3139
f 1595/1595/3140 1658/1658/3140 1659/1659/3140
f 1595/1595/3141 1659/1659/3141 1596/1596/3141
f 1596/1596/3142 1659/1659/3142 1660/1660/3142
f 1596/1596/3143 1660/1660/3143 1597/1597/3143
f 1597/1597/3144 1660/1660/3144 1661/1661/3144
f 1597/1597/3145 1661/1661/3145 1598/1598/3145
f 1598/1598/3146 1661/1661/3146 1662/1662/3146
f 1598/1598/3147 1662/1662/3147 1599/1599/3147
f 1599/1599/3148 1662/1662/3148 1663/1663/3148
f 1599/1599/3149 1663/1663/3149 1600/1600/3149
f 1600/1600/3150 1663/1663/3150 1664/1664/3150
f 1601/1601/3151 1665/1665/3151 1602/1602/3151
f 1602/1602/3152 1665/1665/3152 1666/1666/3152
f 1602/1602/3153 1666/1666/3153 1603/1603/3153
f 1603/1603/3154 1666/1666/3154 1667/1667/3154
f 1603/1603/3155 1667/1667/3155 1604/1604/3155
f 1604/1604/3156 1667/1667/3156 1668/1668/3156
f 1604/1604/3157 1668/1668/3157 1605/1605/3157
f 1605/1605/3158 1668/1668/3158 1669/1669/3158
f 1605/1605/3159 1669/1669/3159 1606/1606/3159
f 1606/1606/3160 1669/1669/3160 1670/1670/3160
f 1606/1606/3161 1670/1670/3161 1607/1607/3161
f 1607/1607/3162 1670/1670/3162 1671/1671/3162
f 1607/1607/3163 1671/1671/3163 1608/1608/3163
f 1608/1608/3164 1671/1671/3164 1672/1672/3164
f 1608/1608/3165 1672/1672/3165 1609/1609/3165
f 1609/1609/3166 1672/1672/3166 1673/1673/3166
f 1609/1609/3167 1673/1673/3167 1610/1610/3167
f 1610/1610/3168 1673/1673/3168 1674/1674/3168
f 1610/1610/3169 1674/1674/3169 1611/1611/3169
f 1611/1611/3170 1674/1674/3170 1675/1675/3170
f 1611/1611/3171 1675/1675/3171 1612/1612/3171
f 1612/1612/3172 1675/1675/3172 1676/1676/3172
f 1612/1612/3173 1676/1676/3173 1613/1613/3173
f 1613/1613/3174 1676/1676/3174 1677/1677/3174
f 1613/1613/3175 1677/1677/3175 1614/1614/3175
f 1614/1614/3176 1677/1677/3176 1678/1678/3176
f 1614/1614/3177 1678/1678/3177 1615/1615/3177
f 1615/1615/3178 1678/1678/3178 1679/1679/3178
f 1615/1615/3179 1679/1679/3179 1616/1616/3179
f 1616/1616/3180 1679/1679/3180 1680/1680/3180
f 1616/1616/3181 1680/1680/3181 1617/1617/3181
f 1617/1617/3182 1680/1680/3182 1681/1681/3182
f 1617/1617/3183 1681/1681/3183 1618/1618/3183
f 1618/1618/3184 1681/1681/3184 1682/1682/3184
f 1618/1618/3185 1682/1682/3185 1619/1619/3185
f 1619/1619/3186 1682/1682/3186 1683/1683/3186
f 1619/1619/3187 1683/1683/3187 1620/1620/3187
f 1620/1620/3188 1683/1683/3188 1684/1684/3188
f 1620/1620/3189 1684/1684/3189 1621/1621/3189
f 1621/1621/3190 1684/1684/3190 1685/1685/3190
f 1621/1621/3191 1685/1685/3191 1622/1622/3191
f 1622/1622/3192 1685/1685/3192 1686/1686/3192
f 1622/1622/3193 1686/1686/3193 1623/1623/3193
f 1623/1623/3194 1686/1686/3194 1687/1687/3194
f 1623/1623/3195 1687/1687/3195 1624/1624/3195
f 1624/1624/3196 1687/1687/3196 1688/1688/3196
f 1624/1624/3197 1688/1688/3197 1625/1625/3197
f 1625/1625/3198 1688/1688/3198 1689/1689/3198
f 1625/1625/3199 1689/1689/3199 1626/1626/3199
f 1626/1626/3200 1689/1689/3200 1690/1690/3200
f 1626/1626/3201 1690/1690/3201 1627/1627/3201
f 1627/1627/3202 1690/1690/3202 1691/1691/3202
f 1627/1627/3203 1691/1691/3203 1628/1628/3203
f 1628/1628/3204 1691/1691/3204 1692/1692/3204
f 1628/1628/3205 1692/1692/3205 1629/1629/3205
f 1629/1629/3206 1692/1692/3206 1693/1693/3206
f 1629/1629/3207 1693/1693/3207 1630/1630/3207
f 1630/1630/3208 1693/1693/3208 1694/1694/3208
f 1630/1630/3209 1694/1694/3209 1631/1631/3209
f 1631/1631/3210 1694/1694/3210 1695/1695/3210
f 1631/1631/3211 1695/1695/3211 1632/1632/3211
f 1632/1632/3212 1695/1695/3212 1696/1696/3212
f 1632/1632/3213 1696/1696/3213 1633/1633/3213
f 1633/1633/3214 1696/1696/3214 1697/1697/3214
f 1633/1633/3215 1697/1697/3215 1634/1634/3215
f 1634/1634/3216 1697/1697/3216 1698/1698/3216
f 1634/1634/3217 1698/1698/3217 1635/1635/3217
f 1635/1635/3218 1698/1698/3218 1699/1699/3218
f 1635/1635/3219 1699/1699/3219 1636/1636/3219
f 1636/1636/3220 1699/1699/3220 1700/1700/3220
f 1636/1636/3221 1700/1700/3221 1637/1637/3221
f 1637/1637/3222 1700/1700/3222 1701/1701/3222
f 1637/1637/3223 1701/1701/3223 1638/1638/3223
f 1638/1638/3224 1701/1701/3224 1702/1702/3224
f 1638/1638/3225 1702/1702/3225 1639/1639/3225
f 1639/1639/3226 1702/1702/3226 1703/1703/3226
f 1639/1639/3227 1703/1703/3227 1640/1640/3227
f 1640/1640/3228 1703/1703/3228 1704/1704/3228
f 1640/1640/3229 1704/1704/3229 1641/1641/3229
f 1641/1641/3230 1704/1704/3230 1705/1705/3230
f 1641/1641/3231 1705/1705/3231 1642/1642/3231
f 1642/1642/3232 1705/1705/3232 1706/1706/3232
f 1642/1642/3233 1706/1706/3233 1643/1643/3233
f 1643/1643/3234 1706/1706/3234 1707/1707/3234
f 1643/1643/3235 1707/1707/3235 1644/1644/3235
f 1644/1644/3236 1707/1707/3236 1708/1708/3236
f 1644/1644/3237 1708/1708/3237 1645/1645/3237
f 1645/1645/3238 1708/1708/3238 1709/1709/3238
f 1645/1645/3239 1709/1709/3239 1646/1646/3239
f 1646/1646/3240 1709/1709/3240 1710/1710/3240
f 1646/1646/3241 1710/1710/3241 1647/1647/3241
f 1647/1647/3242 1710/1710/3242 1711/1711/3242
f 1647/1647/3243 1711/1711/3243 1648/1648/3243
f 1648/1648/3244 1711/1711/3244 1712/1712/3244
f 1648/1648/3245 1712/1712/3245 1649/1649/3245
f 1649/1649/3246 1712/1712/3246 1713/1713/3246
f 1649/1649/3247 1713/1713/3247 1650/1650/3247
f 1650/1650/3248 1713/1713/3248 1714/1714/3248
f 1650/1650/3249 1714/1714/3249 1651/1651/3249
f 1651/1651/3250 1714/1714/3250 1715/1715/3250
f 1651/1651/3251 1715/1715/3251 1652/1652/3251
f 1652/1652/3252 1715/1715/3252 1716/1716/3252
f 1652/1652/3253 1716/1716/3253 1653/1653/3253
f 1653/1653/3254 1716/1716/3254 1717/1717/3254
f 1653/1653/3255 1717/1717/3255 1654/1654/3255
f 1654/1654/3256 1717/1717/3256 1718/1718/3256
f 1654/1654/3257 1718/1718/3257 1655/1655/3257
f 1655/1655/3258 1718/1718/3258 1719/1719/3258
f 1655/1655/3259 1719/1719/3259 1656/1656/3259
f 1656/1656/3260 1719/1719/3260 1720/1720/3260
f 1656/1656/3261 1720/1720/3261 1657/1657/3261
f 1657/1657/3262 1720/1720/3262 1721/1721/3262
f 1657/1657/3263 1721/1721/3263 1658/1658/3263
f 1658/1658/3264 1721/1721/3264 1722/1722/3264
f 1658/1658/3265 1722/1722/3265 1659/1659/3265
f 1659/1659/3266 1722/1722/3266 1723/1723/3266
f 1659/1659/3267 1723/1723/3267 1660/1660/3267
f 1660/1660/3268 1723/1723/3268 1724/1724/3268
f 1660/1660/3269 1724/1724/3269 1661/1661/3269
f 1661/1661/3270 1724/1724/3270 1725/1725/3270
f 1661/1661/3271 1725/1725/3271 1662/1662/3271
f 1662/1662/3272 1725/1725/3272 1726/1726/3272
f 1662/1662/3273 1726/1726/3273 1663/1663/3273
f 1663/1663/3274 1726/1726/3274 1727/1727/3274
f 1663/1663/3275 1727/1727/3275 1664/1664/3275
f 1664/1664/3276 1727/1727/3276 1728/1728/3276
f 1665/1665/3277 1729/1729/3277 1666/1666/3277
f 1666/1666/3278 1729/1729/3278 1730/1730/3278
f 1666/1666/3279 1730/1730/3279 1667/1667/3279
f 1667/1667/3280 1730/1730/3280 1731/1731/3280
f 1667/1667/3281 1731/1731/3281 1668/1668/3281
f 1668/1668/3282 1731/1731/3282 1732/1732/3282
f 1668/1668/3283 1732/1732/3283 1669/1669/3283
f 1669/1669/3284 1732/1732/3284 1733/1733/3284
f 1669/1669/3285 1733/1733/3285 1670/1670/3285
f 1670/1670/3286 1733/1733/3286 1734/1734/3286
f 1670/1670/3287 1734/1734/3287 1671/1671/3287
f 1671/1671/3288 1734/1734/3288 1735/1735/3288
f 1671/1671/3289 1735/1735/3289 1672/1672/3289
f 1672/1672/3290 1735/1735/3290 1736/1736/3290
f 1672/1672/3291 1736/1736/3291 1673/1673/3291
f 1673/1673/3292 1736/1736/3292 1737/1737/3292
f 1673/1673/3293 1737/1737/3293 1674/1674/3293
f 1674/1674/3294 1737/1737/3294 1738/1738/3294
f 1674/1674/3295 1738/1738/3295 1675/1675/3295
f 1675/1675/3296 1738/1738/3296 1739/1739/3296
f 1675/1675/3297 1739/1739/3297 1676/1676/3297
f 1676/1676/3298 1739/1739/3298 1740/1740/3298
f 1676/1676/3299 1740/1740/3299 1677/1677/3299
f 1677/1677/3300 1740/1740/3300 1741/1741/3300
f 1677/1677/3301 1741/1741/3301 1678/1678/3301
f 1678/1678/3302 1741/1741/3302 1742/1742/3302
f 1678/1678/3303 1742/1742/3303 1679/1679/3303
f 1679/1679/3304 1742/1742/3304 1743/1743/3304
f 1679/1679/3305 1743/1743/3305 1680/1680/3305
f 1680/1680/3306 1743/1743/3306 1744/1744/3306
f 1680/1680/3307 1744/1744/3307 1681/1681/3307
f 1681/1681/3308 1744/1744/3308 1745/1745/3308
f 1681/1681/3309 1745/1745/3309 1682/1682/3309
f 1682/1682/3310 1745/1745/3310 1746/1746/3310
f 1682/1682/3311 1746/1746/3311 1683/1683/3311
f 1683/1683/3312 1746/1746/3312 1747/1747/3312
f 1683/1683/3313 1747/1747/3313 1684/1684/3313
f 1684/1684/3314 1747/1747/3314 1748/1748/3314
f 1684/1684/3315 1748/1748/3315 1685/1685/3315
f 1685/1685/3316 1748/1748/3316 1749/1749/3316
f 1685/1685/3317 1749/1749/3317 1686/1686/3317
f 1686/1686/3318 1749/1749/3318 1750/1750/3318
f 1686/1686/3319 1750/1750/3319 1687/1687/3319
f 1687/1687/3320 1750/1750/3320 1751/1751/3320
f 1687/1687/3321 1751/1751/3321 1688/1688/3321
f 1688/1688/3322 1751/1751/3322 1752/1752/3322
f 1688/1688/3323 1752/1752/3323 1689/1689/3323
f 1689/1689/3324 1752/1752/3324 1753/1753/3324
f 1689/1689/3325 1753/1753/3325 1690/1690/3325
f 1690/1690/3326 1753/1753/3326 1754/1754/3326
f 1690/1690/3327 1754/1754/3327 1691/1691/3327
f 1691/1691/3328 1754/1754/3328 1755/1755/3328
f 1691/1691/3329 1755/1755/3329 1692/1692/3329
f 1692/1692/3330 1755/1755/3330 1756/1756/3330
f 1692/1692/3331 1756/1756/3331 1693/1693/3331
f 1693/1693/3332 1756/1756/3332 1757/1757/3332
f 1693/1693/3333 1757/1757/3333 1694/1694/3333
f 1694/1694/3334 1757/1757/3334 1758/1758/3334
f 1694/1694/3335 1758/1758/3335 1695/1695/3335
f 1695/1695/3336 1758/1758/3336 1759/1759/3336
f 1695/1695/3337 1759/1759/3337 1696/1696/3337
f 1696/1696/3338 1759/1759/3338 1760/1760/3338
f 1696/1696/3339 1760/1760/3339 1697/1697/3339
f 1697/1697/3340 1760/1760/3340 1761/1761/3340
f 1697/1697/3341 1761/1761/3341 1698/1698/3341
f 1698/1698/3342 1761/1761/3342 1762/1762/3342
f 1698/1698/3343 1762/1762/3343 1699/1699/3343
f 1699/1699/3344 1762/1762/3344 1763/1763/3344
f 1699/1699/3345 1763/1763/3345 1700/1700/3345
f 1700/1700/3346 1763/1763/3346 1764/1764/3346
f 1700/1700/3347 1764/1764/3347 1701/1701/3347
f 1701/1701/3348 1764/1764/3348 1765/1765/3348
f 1701/1701/3349 1765/1765/3349 1702/1702/3349
f 1702/1702/3350 1765/1765/3350 1766/1766/3350
f 1702/1702/3351 1766/1766/3351 1703/1703/3351
f 1703/1703/3352 1766/1766/3352 1767/1767/3352
f 1703/1703/3353 1767/1767/3353 1704/1704/3353
f 1704/1704/3354 1767/1767/3354 1768/1768/3354
f 1704/1704/3355 1768/1768/3355 1705/1705/3355
f 1705/1705/3356 1768/1768/3356 1769/1769/3356
f 1705/1705/3357 1769/1769/3357 1706/1706/3357
f 1706/1706/3358 1769/1769/3358 1770/1770/3358
f 1706/1706/3359 1770/1770/3359 1707/1707/3359
f 1707/1707/3360 1770/1770/3360 1771/1771/3360
f 1707/1707/3361 1771/1771/3361 1708/1708/3361
f 1708/1708/3362 1771/1771/3362 1772/1772/3362
f 1708/1708/3363 1772/1772/3363 1709/1709/3363
f 1709/1709/3364 1772/1772/3364 1773/1773/3364
f 1709/1709/3365 1773/1773/3365 1710/1710/3365
f 1710/1710/3366 1773/1773/3366 1774/1774/3366
f 1710/1710/3367 1774/1774/3367 1711/1711/3367
f 1711/1711/3368 1774/1774/3368 1775/1775/3368
f 1711/1711/3369 1775/1775/3369 1712/1712/3369
f 1712/1712/3370 1775/1775/3370 1776/1776/3370
f 1712/1712/3371 1776/1776/3371 1713/1713/3371
f 1713/1713/3372 1776/1776/3372 1777/1777/3372
f 1713/1713/3373 1777/1777/3373 1714/1714/3373
f 1714/1714/3374 1777/1777/3374 1778/1778/3374
f 1714/1714/3375 1778/1778/3375 1715/1715/3375
f 1715/1715/3376 1778/1778/3376 1779/1779/3376
f 1715/1715/3377 1779/1779/3377 1716/1716/3377
f 1716/1716/3378 1779/1779/3378 1780/1780/3378
f 1716/1716/3379 1780/1780/3379 1717/1717/3379
f 1717/1717/3380 1780/1780/3380 1781/1781/3380
f 1717/1717/3381 1781/1781/3381 1718/1718/3381
f 1718/1718/3382 1781/1781/3382 1782/1782/3382
f 1718/1718/3383 1782/1782/3383 1719/1719/3383
f 1719/1719/3384 1782/1782/3384 1783/1783/3384
f 1719/1719/3385 1783/1783/3385 1720/1720/3385
f 1720/1720/3386 1783/1783/3386 1784/1784/3386
f 1720/1720/3387 1784/1784/3387 1721/1721/3387
f 1721/1721/3388 1784/1784/3388 1785/1785/3388
f 1721/1721/3389 1785/1785/3389 1722/1722/3389
f 1722/1722/3390 1785/1785/3390 1786/1786/3390
f 1722/1722/3391 1786/1786/3391 1723/1723/3391
f 1723/1723/3392 1786/1786/3392 1787/1787/3392
f 1723/1723/3393 1787/1787/3393 1724/1724/3393
f 1724/1724/3394 1787/1787/3394 1788/1788/3394
f 1724/1724/3395 1788/1788/3395 1725/1725/3395
f 1725/1725/3396 1788/1788/3396 1789/1789/3396
f 1725/1725/3397 1789/1789/3397 1726/1726/3397
f 1726/1726/3398 1789/1789/3398 1790/1790/3398
f 1726/1726/3399 1790/1790/3399 1727/1727/3399
f 1727/1727/3400 1790/1790/3400 1791/1791/3400
f 1727/1727/3401 1791/1791/3401 1728/1728/3401
f 1728/1728/3402 1791/1791/3402 1792/1792/3402
f 1729/1729/3403 1793/1793/3403 1730/1730/3403
f 1730/1730/3404 1793/1793/3404 1794/1794/3404
f 1730/1730/3405 1794/1794/3405 1731/1731/3405
f 1731/1731/3406 1794/1794/3406 1795/1795/3406
f 1731/1731/3407 1795/1795/3407 1732/1732/3407
f 1732/1732/3408 1795/1795/3408 1796/1796/3408
f 1732/1732/3409 1796/1796/3409 1733/1733/3409
f 1733/1733/3410 1796/1796/3410 1797/1797/3410
f 1733/1733/3411 1797/1797/3411 1734/1734/3411
f 1734/1734/3412 1797/1797/3412 1798/1798/3412
f 1734/1734/3413 1798/1798/3413 1735/1735/3413
f 1735/1735/3414 1798/1798/3414 1799/1799/3414
f 1735/1735/3415 1799/1799/3415 1736/1736/3415
f 1736/1736/3416 1799/1799/3416 1800/1800/3416
f 1736/1736/3417 1800/1800/3417 1737/1737/3417
f 1737/1737/3418 1800/1800/3418 1801/1801/3418
f 1737/1737/3419 1801/1801/3419 1738/1738/3419
f 1738/1738/3420 1801/1801/3420 1802/1802/3420
f 1738/1738/3421 1802/1802/3421 1739/1739/3421
f 1739/1739/3422 1802/1802/3422 1803/1803/3422
f 1739/1739/3423 1803/1803/3423 1740/1740/3423
f 1740/1740/3424 1803/1803/3424 1804/1804/3424
f 1740/1740/3425 1804/1804/3425 1741/1741/3425
f 1741/1741/3426 1804/1804/3426 1805/1805/3426
f 1741/1741/3427 1805/1805/3427 1742/1742/3427
f 1742/1742/3428 1805/1805/3428 1806/1806/3428
f 1742/1742/3429 1806/1806/3429 1743/1743/3429
f 1743/1743/3430 1806/1806/3430 1807/1807/3430
f 1743/1743/3431 1807/1807/3431 1744/1744/3431
f 1744/1744/3432 1807/1807/3432 1808/1808/3432
f 1744/1744/3433 1808/1808/3433 1745/1745/3433
f 1745/1745/3434 1808/1808/3434 1809/1809/3434
f 1745/1745/3435 1809/1809/3435 1746/1746/3435
f 1746/1746/3436 1809/1809/3436 1810/1810/3436
f 1746/1746/3437 1810/1810/3437 1747/1747/3437
f 1747/1747/3438 1810/1810/3438 1811/1811/3438
f 1747/1747/3439 1811/1811/3439 1748/1748/3439
f 1748/1748/3440 1811/1811/3440 1812/1812/3440
f 1748/1748/3441 1812/1812/3441 1749/1749/3441
f 1749/1749/3442 1812/1812/3442 1813/1813/3442
f 1749/1749/3443 1813/1813/3443 1750/1750/3443
f 1750/1750/3444 1813/1813/3444 1814/1814/3444
f 1750/1750/3445 1814/1814/3445 1751/1751/3445
f 1751/1751/3446 1814/1814/3446 1815/1815/3446
f 1751/1751/3447 1815/1815/3447 1752/1752/3447
f 1752/1752/3448 1815/1815/3448 1816/1816/3448
f 1752/1752/3449 1816/1816/3449 1753/1753/3449
f 1753/1753/3450 1816/1816/3450 1817/1817/3450
f 1753/1753/3451 1817/1817/3451 1754/1754/3451
f 1754/1754/3452 1817/1817/3452 1818/1818/3452
f 1754/1754/3453 1818/1818/3453 1755/1755/3453
f 1755/1755/3454 1818/1818/3454 1819/1819/3454
f 1755/1755/3455 1819/1819/3455 1756/1756/3455
f 1756/1756/3456 1819/1819/3456 1820/1820/3456
f 1756/1756/3457 1820/1820/3457 1757/1757/3457
f 1757/1757/3458 1820/1820/3458 1821/1821/3458
f 1757/1757/3459 1821/1821/3459 1758/1758/3459
f 1758/1758/3460 1821/1821/3460 1822/1822/3460
f 1758/1758/3461 1822/1822/3461 1759/1759/3461
f 1759/1759/3462 1822/1822/3462 1823/1823/3462
f 1759/1759/3463 1823/1823/3463 1760/1760/3463
f 1760/1760/3464 1823/1823/3464 1824/1824/3464
f 1760/1760/3465 1824/1824/3465 1761/1761/3465
f 1761/1761/3466 1824/1824/3466 1825/1825/3466
f 1761/1761/3467 1825/1825/3467 1762/1762/3467
f 1762/1762/3468 1825/1825/3468 1826/1826/3468
f 1762/1762/3469 1826/1826/3469 1763/1763/3469
f 1763/1763/3470 1826/1826/3470 1827/1827/3470
f 1763/1763/3471 1827/1827/3471 1764/1764/3471
f 1764/1764/3472 1827/1827/3472 1828/1828/3472
f 1764/1764/3473 1828/1828/3473 1765/1765/3473
f 1765/1765/3474 1828/1828/3474 1829/1829/3474
f 1765/1765/3475 1829/1829/3475 1766/1766/3475
f 1766/1766/3476 1829/1829/3476 1830/1830/3476
f 1766/1766/3477 1830/1830/3477 1767/1767/3477
f 1767/1767/3478 1830/1830/3478 1831/1831/3478
f 1767/1767/3479 1831/1831/3479 1768/1768/3479
f 1768/1768/3480 1831/1831/3480 1832/1832/3480
f 1768/1768/3481 1832/1832/3481 1769/1769/3481
f 1769/1769/3482 1832/1832/3482 1833/1833/3482
f 1769/1769/3483 1833/1833/3483 1770/1770/3483
f 1770/1770/3484 1833/1833/3484 1834/1834/3484
f 1770/1770/3485 1834/1834/3485 1771/1771/3485
f 1771/1771/3486 1834/1834/3486 1835/1835/3486
f 1771/1771/3487 1835/1835/3487 1772/1772/3487
f 1772/1772/3488 1835/1835/3488 1836/1836/3488
f 1772/1772/3489 1836/1836/3489 1773/1773/3489
f 1773/1773/3490 1836/1836/3490 1837/1837/3490
f 1773/1773/3491 1837/1837/3491 1774/1774/3491
f 1774/1774/3492 1837/1837/3492 1838/1838/3492
f 1774/1774/3493 1838/1838/3493 1775/1775/3493
f 1775/1775/3494 1838/1838/3494 1839/1839/3494
f 1775/1775/3495 1839/1839/3495 1776/1776/3495
f 1776/1776/3496 1839/1839/3496 1840/1840/3496
f 1776/1776/3497 1840/1840/3497 1777/1777/3497
f 1777/1777/3498 1840/1840/3498 1841/1841/3498
f 1777/1777/3499 1841/1841/3499 1778/1778/3499
f 1778/1778/3500 1841/1841/3500 1842/1842/3500
f 1778/1778/3501 1842/1842/3501 1779/1779/3501
f 1779/1779/3502 1842/1842/3502 1843/1843/3502
f 1779/1779/3503 1843/1843/3503 1780/1780/3503
f 1780/1780/3504 1843/1843/3504 1844/1844/3504
f 1780/1780/3505 1844/1844/3505 1781/1781/3505
f 1781/1781/3506 1844/1844/3506 1845/1845/3506
f 1781/1781/3507 1845/1845/3507 1782/1782/3507
f 1782/1782/3508 1845/1845/3508 1846/1846/3508
f 1782/1782/3509 1846/1846/3509 1783/1783/3509
f 1783/1783/3510 1846/1846/3510 1847/1847/3510
f 1783/1783/3511 1847/1847/3511 1784/1784/3511
f 1784/1784/3512 1847/1847/3512 1848/1848/3512
f 1784/1784/3513 1848/1848/3513 1785/1785/3513
f 1785/1785/3514 1848/1848/3514 1849/1849/3514
f 1785/1785/3515 1849/1849/3515 1786/1786/3515
f 1786/1786/3516 1849/1849/3516 1850/1850/3516
f 1786/1786/3517 1850/1850/3517 1787/1787/3517
f 1787/1787/3518 1850/1850/3518 1851/1851/3518
f 1787/1787/3519 1851/1851/3519 1788/1788/3519
f 1788/1788/3520 1851/1851/3520 1852/1852/3520
f 1788/1788/3521 1852/1852/3521 1789/1789/3521
f 1789/1789/3522 1852/1852/3522 1853/1853/3522
f 1789/1789/3523 1853/1853/3523 1790/1790/3523
f 1790/1790/3524 1853/1853/3524 1854/1854/3524
f 1790/1790/3525 1854/1854/3525 1791/1791/3525
f 1791/1791/3526 1854/1854/3526 1855/1855/3526
f 1791/1791/3527 1855/1855/3527 1792/1792/3527
f 1792/1792/3528 1855/1855/3528 1856/1856/3528
f 1793/1793/3529 1857/1857/3529 1794/1794/3529
f 1794/1794/3530 1857/1857/3530 1858/1858/3530
f 1794/1794/3531 1858/1858/3531 1795/1795/3531
f 1795/1795/3532 1858/1858/3532 1859/1859/3532
f 1795/1795/3533 1859/1859/3533 1796/1796/3533
f 1796/1796/3534 1859/1859/3534 1860/1860/3534
f 1796/1796/3535 1860/1860/3535 1797/1797/3535
f 1797/1797/3536 1860/1860/3536 1861/1861/3536
f 1797/1797/3537 1861/1861/3537 1798/1798/3537
f 1798/1798/3538 1861/1861/3538 1862/1862/3538
f 1798/1798/3539 1862/1862/3539 1799/1799/3539
f 1799/1799/3540 1862/1862/3540 1863/1863/3540
f 1799/1799/3541 1863/1863/3541 1800/1800/3541
f 1800/1800/3542 1863/1863/3542 1864/1864/3542
f 1800/1800/3543 1864/1864/3543 1801/1801/3543
f 1801/1801/3544 1864/1864/3544 1865/1865/3544
f 1801/1801/3545 1865/1865/3545 1802/1802/3545
f 1802/1802/3546 1865/1865/3546 1866/1866/3546
f 1802/1802/3547 1866/1866/3547 1803/1803/3547
f 1803/1803/3548 1866/1866/3548 1867/1867/3548
f 1803/1803/3549 1867/1867/3549 1804/1804/3549
f 1804/1804/3550 1867/1867/3550 1868/1868/3550
f 1804/1804/3551 1868/1868/3551 1805/1805/3551
f 1805/1805/3552 1868/1868/3552 1869/1869/3552
f 1805/1805/3553 1869/1869/3553 1806/1806/3553
f 1806/1806/3554 1869/1869/3554 1870/1870/3554
f 1806/1806/3555 1870/1870/3555 1807/1807/3555
f 1807/1807/3556 1870/1870/3556 1871/1871/3556
f 1807/1807/3557 1871/1871/3557 1808/1808/3557
f 1808/1808/3558 1871/1871/3558 1872/1872/3558
f 1808/1808/3559 1872/1872/3559 1809/1809/3559
f 1809/1809/3560 1872/1872/3560 1873/1873/3560
f 1809/1809/3561 1873/1873/3561 1810/1810/3561
f 1810/1810/3562 1873/1873/3562 1874/1874/3562
f 1810/1810/3563 1874/1874/3563 1811/1811/3563
f 1811/1811/3564 1874/1874/3564 1875/1875/3564
f 1811/1811/3565 1875/1875/3565 1812/1812/3565
f 1812/1812/3566 1875/1875/3566 1876/1876/3566
f 1812/1812/3567 1876/1876/3567 1813/1813/3567
f 1813/1813/3568 1876/1876/3568 1877/1877/3568
f 1813/1813/3569 1877/1877/3569 1814/1814/3569
f 1814/1814/3570 1877/1877/3570 1878/1878/3570
f 1814/1814/3571 1878/1878/3571 1815/1815/3571
f 1815/1815/3572 1878/1878/3572 1879/1879/3572
f 1815/1815/3573 1879/1879/3573 1816/1816/3573
f 1816/1816/3574 1879/1879/3574 1880/1880/3574
f 1816/1816/3575 1880/1880/3575 1817/1817/3575
f 1817/1817/3576 1880/1880/3576 1881/1881/3576
f 1817/1817/3577 1881/1881/3577 1818/1818/3577
f 1818/1818/3578 1881/1881/3578 1882/1882/3578
f 1818/1818/3579 1882/1882/3579 1819/1819/3579
f 1819/1819/3580 1882/1882/3580 1883/1883/3580
f 1819/1819/3581 1883/1883/3581 1820/1820/3581
f 1820/1820/3582 1883/1883/3582 1884/1884/3582
f 1820/1820/3583 1884/1884/3583 1821/1821/3583
f 1821/1821/3584 1884/1884/3584 1885/1885/3584
f 1821/1821/3585 1885/1885/3585 1822/1822/3585
f 1822/1822/3586 1885/1885/3586 1886/1886/3586
f 1822/1822/3587 1886/1886/3587 1823/1823/3587
f 1823/1823/3588 1886/1886/3588 1887/1887/3588
f 1823/1823/3589 1887/1887/3589 1824/1824/3589
f 1824/1824/3590 1887/1887/3590 1888/1888/3590
f 1824/1824/3591 1888/1888/3591 1825/1825/3591
f 1825/1825/3592 1888/1888/3592 1889/1889/3592
f 1825/1825/3593 1889/1889/3593 1826/1826/3593
f 1826/1826/3594 1889/1889/3594 1890/1890/3594
f 1826/1826/3595 1890/1890/3595 1827/1827/3595
f 1827/1827/3596 1890/1890/3596 1891/1891/3596
f 1827/1827/3597 1891/1891/3597 1828/1828/3597
f 1828/1828/3598 1891/1891/3598 1892/1892/3598
f 1828/1828/3599 1892/1892/3599 1829/1829/3599
f 1829/1829/3600 1892/1892/3600 1893/1893/3600
f 1829/1829/3601 1893/1893/3601 1830/1830/3601
f 1830/1830/3602 1893/1893/3602 1894/1894/3602
f 1830/1830/3603 1894/1894/3603 1831/1831/3603
f 1831/1831/3604 1894/1894/3604 1895/1895/3604
f 1831/1831/3605 1895/1895/3605 1832/1832/3605
f 1832/1832/3606 1895/1895/3606 1896/1896/3606
f 1832/1832/3607 1896/1896/3607 1833/1833/3607
f 1833/1833/3608 1896/1896/3608 1897/1897/3608
f 1833/1833/3609 1897/1897/3609 1834/1834/3609
f 1834/1834/3610 1897/1897/3610 1898/1898/3610
f 1834/1834/3611 1898/1898/3611 1835/1835/3611
f 1835/1835/3612 1898/1898/3612 1899/1899/3612
f 1835/1835/3613 1899/1899/3613 1836/1836/3613
f 1836/1836/3614 1899/1899/3614 1900/1900/3614
f 1836/1836/3615 1900/1900/3615 1837/1837/3615
f 1837/1837/3616 1900/1900/3616 1901/1901/3616
f 1837/1837/3617 1901/1901/3617 1838/1838/3617
f 1838/1838/3618 1901/1901/3618 1902/1902/3618
f 1838/1838/3619 1902/1902/3619 1839/1839/3619
f 1839/1839/3620 1902/1902/3620 1903/1903/3620
f 1839/1839/3621 1903/1903/3621 1840/1840/3621
f 1840/1840/3622 1903/1903/3622 1904/1904/3622
f 1840/1840/3623 1904/1904/3623 1841/1841/3623
f 1841/1841/3624 1904/1904/3624 1905/1905/3624
f 1841/1841/3625 1905/1905/3625 1842/1842/3625
f 1842/1842/3626 1905/1905/3626 1906/1906/3626
f 1842/1842/3627 1906/1906/3627 1843/1843/3627
f 1843/1843/3628 1906/1906/3628 1907/1907/3628
f 1843/1843/3629 1907/1907/3629 1844/1844/3629
f 1844/1844/3630 1907/1907/3630 1908/1908/3630
f 1844/1844/3631 1908/1908/3631 1845/1845/3631
f 1845/1845/3632 1908/1908/3632 1909/1909/3632
f 1845/1845/3633 1909/1909/3633 1846/1846/3633
f 1846/1846/3634 1909/1909/3634 1910/1910/3634
f 1846/1846/3635 1910/1910/3635 1847/1847/3635
f 1847/1847/3636 1910/1910/3636 1911/1911/3636
f 1847/1847/3637 1911/1911/3637 1848/1848/3637
f 1848/1848/3638 1911/1911/3638 1912/1912/3638
f 1848/1848/3639 1912/1912/3639 1849/1849/3639
f 1849/1849/3640 1912/1912/3640 1913/1913/3640
f 1849/1849/3641 1913/1913/3641 1850/1850/3641
f 1850/1850/3642 1913/1913/3642 1914/1914/3642
f 1850/1850/3643 1914/1914/3643 1851/1851/3643
f 1851/1851/3644 1914/1914/3644 1915/1915/3644
f 1851/1851/3645 1915/1915/3645 1852/1852/3645
f 1852/1852/3646 1915/1915/3646 1916/1916/3646
f 1852/1852/3647 1916/1916/3647 1853/1853/3647
f 1853/1853/3648 1916/1916/3648 1917/1917/3648
f 1853/1853/3649 1917/1917/3649 1854/1854/3649
f 1854/1854/3650 1917/1917/3650 1918/1918/3650
f 1854/1854/3651 1918/1918/3651 1855/1855/3651
f 1855/1855/3652 1918/1918/3652 1919/1919/3652
f 1855/1855/3653 1919/1919/3653 1856/1856/3653
f 1856/1856/3654 1919/1919/3654 1920/1920/3654
f 1857/1857/3655 1921/1921/3655 1858/1858/3655
f 1858/1858/3656 1921/1921/3656 1922/1922/3656
f 1858/1858/3657 1922/1922/3657 1859/1859/3657
f 1859/1859/3658 1922/1922/3658 1923/1923/3658
f 1859/1859/3659 1923/1923/3659 1860/1860/3659
f 1860/1860/3660 1923/1923/3660 1924/1924/3660
f 1860/1860/3661 1924/1924/3661 1861/1861/3661
f 1861/1861/3662 1924/1924/3662 1925/1925/3662
f 1861/1861/3663 1925/1925/3663 1862/1862/3663
f 1862/1862/3664 1925/1925/3664 1926/1926/3664
f 1862/1862/3665 1926/1926/3665 1863/1863/3665
f 1863/1863/3666 1926/1926/3666 1927/1927/3666
f 1863/1863/3667 1927/1927/3667 1864/1864/3667
f 1864/1864/3668 1927/1927/3668 1928/1928/3668
f 1864/1864/3669 1928/1928/3669 1865/1865/3669
f 1865/1865/3670 1928/1928/3670 1929/1929/3670
f 1865/1865/3671 1929/1929/3671 1866/1866/3671
f 1866/1866/3672 1929/1929/3672 1930/1930/3672
f 1866/1866/3673 1930/1930/3673 1867/1867/3673
f 1867/1867/3674 1930/1930/3674 1931/1931/3674
f 1867/1867/3675 1931/1931/3675 1868/1868/3675
f 1868/1868/3676 1931/1931/3676 1932/1932/3676
f 1868/1868/3677 1932/1932/3677 1869/1869/3677
f 1869/1869/3678 1932/1932/3678 1933/1933/3678
f 1869/1869/3679 1933/1933/3679 1870/1870/3679
f 1870/1870/3680 1933/1933/3680 1934/1934/3680
f 1870/1870/3681 1934/1934/3681 1871/1871/3681
f 1871/1871/3682 1934/1934/3682 1935/1935/3682
f 1871/1871/3683 1935/1935/3683 1872/1872/3683
f 1872/1872/3684 1935/1935/3684 1936/1936/3684
f 1872/1872/3685 1936/1936/3685 1873/1873/3685
f 1873/1873/3686 1936/1936/3686 1937/1937/3686
f 1873/1873/3687 1937/1937/3687 1874/1874/3687
f 1874/1874/3688 1937/1937/3688 1938/1938/3688
f 1874/1874/3689 1938/1938/3689 1875/1875/3689
f 1875/1875/3690 1938/1938/3690 1939/1939/3690
f 1875/1875/3691 1939/1939/3691 1876/1876/3691
f 1876/1876/3692 1939/1939/3692 1940/1940/3692
f 1876/1876/3693 1940/1940/3693 1877/1877/3693
f 1877/1877/3694 1940/1940/3694 1941/1941/3694
f 1877/1877/3695 1941/1941/3695 1878/1878/3695
f 1878/1878/3696 1941/1941/3696 1942/1942/3696
f 1878/1878/3697 1942/1942/3697 1879/1879/3697
f 1879/1879/3698 1942/1942/3698 1943/1943/3698
f 1879/1879/3699 1943/1943/3699 1880/1880/3699
f 1880/1880/3700 1943/1943/3700 1944/1944/3700
f 1880/1880/3701 1944/1944/3701 1881/1881/3701
f 1881/1881/3702 1944/1944/3702 1945/1945/3702
f 1881/1881/3703 1945/1945/3703 1882/1882/3703
f 1882/1882/3704 1945/1945/3704 1946/1946/3704
f 1882/1882/3705 1946/1946/3705 1883/1883/3705
f 1883/1883/3706 1946/1946/3706 1947/1947/3706
f 1883/1883/3707 1947/1947/3707 1884/1884/3707
f 1884/1884/3708 1947/1947/3708 1948/1948/3708
f 1884/1884/3709 1948/1948/3709 1885/1885/3709
f 1885/1885/3710 1948/1948/3710 1949/1949/3710
f 1885/1885/3711 1949/1949/3711 1886/1886/3711
f 1886/1886/3712 1949/1949/3712 1950/1950/3712
f 1886/1886/3713 1950/1950/3713 1887/1887/3713
f 1887/1887/3714 1950/1950/3714 1951/1951/3714
f 1887/1887/3715 1951/1951/3715 1888/1888/3715
f 1888/1888/3716 1951/1951/3716 1952/1952/3716
f 1888/1888/3717 1952/1952/3717 1889/1889/3717
f 1889/1889/3718 1952/1952/3718 1953/1953/3718
f 1889/1889/3719 1953/1953/3719 1890/1890/3719
f 1890/1890/3720 1953/1953/3720 1954/1954/3720
f 1890/1890/3721 1954/1954/3721 1891/1891/3721
f 1891/1891/3722 1954/1954/3722 1955/1955/3722
f 1891/1891/3723 1955/1955/3723 1892/1892/3723
f 1892/1892/3724 1955/1955/3724 1956/1956/3724
f 1892/1892/3725 1956/1956/3725 1893/1893/3725
f 1893/1893/3726 1956/1956/3726 1957/1957/3726
f 1893/1893/3727 1957/1957/3727 1894/1894/3727
f 1894/1894/3728 1957/1957/3728 1958/1958/3728
f 1894/1894/3729 1958/1958/3729 1895/1895/3729
f 1895/1895/3730 1958/1958/3730 1959/1959/3730
f 1895/1895/3731 1959/1959/3731 1896/1896/3731
f 1896/1896/3732 1959/1959/3732 1960/1960/3732
f 1896/1896/3733 1960/1960/3733 1897/1897/3733
f 1897/1897/3734 1960/1960/3734 1961/1961/3734
f 1897/1897/3735 1961/1961/3735 1898/1898/3735
f 1898/1898/3736 1961/1961/3736 1962/1962/3736
f 1898/1898/3737 1962/1962/3737 1899/1899/3737
f 1899/1899/3738 1962/1962/3738 1963/1963/3738
f 1899/1899/3739 1963/1963/3739 1900/1900/3739
f 1900/1900/3740 1963/1963/3740 1964/1964/3740
f 1900/1900/3741 1964/1964/3741 1901/1901/3741
f 1901/1901/3742 1964/1964/3742 1965/1965/3742
f 1901/1901/3743 1965/1965/3743 1902/1902/3743
f 1902/1902/3744 1965/1965/3744 1966/1966/3744
f 1902/1902/3745 1966/1966/3745 1903/1903/3745
f 1903/1903/3746 1966/1966/3746 1967/1967/3746
f 1903/1903/3747 1967/1967/3747 1904/1904/3747
f 1904/1904/3748 1967/1967/3748 1968/1968/3748
f 1904/1904/3749 1968/1968/3749 1905/1905/3749
f 1905/1905/3750 1968/1968/3750 1969/1969/3750
f 1905/1905/3751 1969/1969/3751 1906/1906/3751
f 1906/1906/3752 1969/1969/3752 1970/1970/3752
f 1906/1906/3753 1970/1970/3753 1907/1907/3753
f 1907/1907/3754 1970/1970/3754 1971/1971/3754
f 1907/1907/3755 1971/1971/3755 1908/1908/3755
f 1908/1908/3756 1971/1971/3756 1972/1972/3756
f 1908/1908/3757 1972/1972/3757 1909/1909/3757
f 1909/1909/3758 1972/1972/3758 1973/1973/3758
f 1909/1909/3759 1973/1973/3759 1910/1910/3759
f 1910/1910/3760 1973/1973/3760 1974/1974/3760
f 1910/1910/3761 1974/1974/3761 1911/1911/3761
f 1911/1911/3762 1974/1974/3762 1975/1975/3762
f 1911/1911/3763 1975/1975/3763 1912/1912/3763
f 1912/1912/3764 1975/1975/3764 1976/1976/3764
f 1912/1912/3765 1976/1976/3765 1913/1913/3765
f 1913/1913/3766 1976/1976/3766 1977/1977/3766
f 1913/1913/3767 1977/1977/3767 1914/1914/3767
f 1914/1914/3768 1977/1977/3768 1978/1978/3768
f 1914/1914/3769 1978/1978/3769 1915/1915/3769
f 1915/1915/3770 1978/1978/3770 1979/1979/3770
f 1915/1915/3771 1979/1979/3771 1916/1916/3771
f 1916/1916/3772 1979/1979/3772 1980/1980/3772
f 1916/1916/3773 1980/1980/3773 1917/1917/3773
f 1917/1917/3774 1980/1980/3774 1981/1981/3774
f 1917/1917/3775 1981/1981/3775 1918/1918/3775
f 1918/1918/3776 1981/1981/3776 1982/1982/3776
f 1918/1918/3777 1982/1982/3777 1919/1919/3777
f 1919/1919/3778 1982/1982/3778 1983/1983/3778
f 1919/1919/3779 1983/1983/3779 1920/1920/3779
f 1920/1920/3780 1983/1983/3780 1984/1984/3780
f 1921/1921/3781 1985/1985/3781 1922/1922/3781
f 1922/1922/3782 1985/1985/3782 1986/1986/3782
f 1922/1922/3783 1986/1986/3783 1923/1923/3783
f 1923/1923/3784 1986/1986/3784 1987/1987/3784
f 1923/1923/3785 1987/1987/3785 1924/1924/3785
f 1924/1924/3786 1987/1987/3786 1988/1988/3786
f 1924/1924/3787 1988/1988/3787 1925/1925/3787
f 1925/1925/3788 1988/1988/3788 1989/1989/3788
f 1925/1925/3789 1989/1989/3789 1926/1926/3789
f 1926/1926/3790 1989/1989/3790 1990/1990/3790
f 1926/1926/3791 1990/1990/3791 1927/1927/3791
f 1927/1927/3792 1990/1990/3792 1991/1991/3792
f 1927/1927/3793 1991/1991/3793 1928/1928/3793
f 1928/1928/3794 1991/1991/3794 1992/1992/3794
f 1928/1928/3795 1992/1992/3795 1929/1929/3795
f 1929/1929/3796 1992/1992/3796 1993/1993/3796
f 1929/1929/3797 1993/1993/3797 1930/1930/3797
f 1930/1930/3798 1993/1993/3798 1994/1994/3798
f 1930/1930/3799 1994/1994/3799 1931/1931/3799
f 1931/1931/3800 1994/1994/3800 1995/1995/3800
f 1931/1931/3801 1995/1995/3801 1932/1932/3801
f 1932/1932/3802 1995/1995/3802 1996/1996/3802
f 1932/1932/3803 1996/1996/3803 1933/1933/3803
f 1933/1933/3804 1996/1996/3804 1997/1997/3804
f 1933/1933/3805 1997/1997/3805 1934/1934/3805
f 1934/1934/3806 1997/1997/3806 1998/1998/3806
f 1934/1934/3807 1998/1998/3807 1935/1935/3807
f 1935/1935/3808 1998/1998/3808 1999/1999/3808
f 1935/1935/3809 1999/1999/3809 1936/1936/3809
f 1936/1936/3810 1999/1999/3810 2000/2000/3810
f 1936/1936/3811 2000/2000/3811 1937/1937/3811
f 1937/1937/3812 2000/2000/3812 2001/2001/3812
f 1937/1937/3813 2001/2001/3813 1938/1938/3813
f 1938/1938/3814 2001/2001/3814 2002/2002/3814
f 1938/1938/3815 2002/2002/3815 1939/1939/3815
f 1939/1939/3816 2002/2002/3816 2003/2003/3816
f 1939/1939/3817 2003/2003/3817 1940/1940/3817
f 1940/1940/3818 2003/2003/3818 2004/2004/3818
f 1940/1940/3819 2004/2004/3819 1941/1941/3819
f 1941/1941/3820 2004/2004/3820 2005/2005/3820
f 1941/1941/3821 2005/2005/3821 1942/1942/3821
f 1942/1942/3822 2005/2005/3822 2006/2006/3822
f 1942/1942/3823 2006/2006/3823 1943/1943/3823
f 1943/1943/3824 2006/2006/3824 2007/2007/3824
f 1943/1943/3825 2007/2007/3825 1944/1944/3825
f 1944/1944/3826 2007/2007/3826 2008/2008/3826
f 1944/1944/3827 2008/2008/3827 1945/1945/3827
f 1945/1945/3828 2008/2008/3828 2009/2009/3828
f 1945/1945/3829 2009/2009/3829 1946/1946/3829
f 1946/1946/3830 2009/2009/3830 2010/2010/3830
f 1946/1946/3831 2010/2010/3831 1947/1947/3831
f 1947/1947/3832 2010/2010/3832 2011/2011/3832
f 1947/1947/3833 2011/2011/3833 1948/1948/3833
f 1948/1948/3834 2011/2011/3834 2012/2012/3834
f 1948/1948/3835 2012/2012/3835 1949/1949/3835
f 1949/1949/3836 2012/2012/3836 2013/2013/3836
f 1949/1949/3837 2013/2013/3837 1950/1950/3837
f 1950/1950/3838 2013/2013/3838 2014/2014/3838
f 1950/1950/3839 2014/2014/3839 1951/1951/3839
f 1951/1951/3840 2014/2014/3840 2015/2015/3840
f 1951/1951/3841 2015/2015/3841 1952/1952/3841
f 1952/1952/3842 2015/2015/3842 2016/2016/3842
f 1952/1952/3843 2016/2016/3843 1953/1953/3843
f 1953/1953/3844 2016/2016/3844 2017/2017/3844
f 1953/1953/3845 2017/2017/3845 1954/1954/3845
f 1954/1954/3846 2017/2017/3846 2018/2018/3846
f 1954/1954/3847 2018/2018/3847 1955/1955/3847
f 1955/1955/3848 2018/2018/3848 2019/2019/3848
f 1955/1955/3849 2019/2019/3849 1956/1956/3849
f 1956/1956/3850 2019/2019/3850 2020/2020/3850
f 1956/1956/3851 2020/2020/3851 1957/1957/3851
f 1957/1957/3852 2020/2020/3852 2021/2021/3852
f 1957/1957/3853 2021/2021/3853 1958/1958/3853
f 1958/1958/3854 2021/2021/3854 2022/2022/3854
f 1958/1958/3855 2022/2022/3855 1959/1959/3855
f 1959/1959/3856 2022/2022/3856 2023/2023/3856
f 1959/1959/3857 2023/2023/3857 1960/1960/3857
f 1960/1960/3858 2023/2023/3858 2024/2024/3858
f 1960/1960/3859 2024/2024/3859 1961/1961/3859
f 1961/1961/3860 2024/2024/3860 2025/2025/3860
f 1961/1961/3861 2025/2025/3861 1962/1962/3861
f 1962/1962/3862 2025/2025/3862 2026/2026/3862
f 1962/1962/3863 2026/2026/3863 1963/1963/3863
f 1963/1963/3864 2026/2026/3864 2027/2027/3864
f 1963/1963/3865 2027/2027/3865 1964/1964/3865
f 1964/1964/3866 2027/2027/3866 2028/2028/3866
f 1964/1964/3867 2028/2028/3867 1965/1965/3867
f 1965/1965/3868 2028/2028/3868 2029/2029/3868
f 1965/1965/3869 2029/2029/3869 1966/1966/3869
f 1966/1966/3870 2029/2029/3870 2030/2030/3870
f 1966/1966/3871 2030/2030/3871 1967/1967/3871
f 1967/1967/3872 2030/2030/3872 2031/2031/3872
f 1967/1967/3873 2031/2031/3873 1968/1968/3873
f 1968/1968/3874 2031/2031/3874 2032/2032/3874
f 1968/1968/3875 2032/2032/3875 1969/1969/3875
f 1969/1969/3876 2032/2032/3876 2033/2033/3876
f 1969/1969/3877 2033/2033/3877 1970/1970/3877
f 1970/1970/3878 2033/2033/3878 2034/2034/3878
f 1970/1970/3879 2034/2034/3879 1971/1971/3879
f 1971/1971/3880 2034/2034/3880 2035/2035/3880
f 1971/1971/3881 2035/2035/3881 1972/1972/3881
f 1972/1972/3882 2035/2035/3882 2036/2036/3882
f 1972/1972/3883 2036/2036/3883 1973/1973/3883
f 1973/1973/3884 2036/2036/3884 2037/2037/3884
f 1973/1973/3885 2037/2037/3885 1974/1974/3885
f 1974/1974/3886 2037/2037/3886 2038/2038/3886
f 1974/1974/3887 2038/2038/3887 1975/1975/3887
f 1975/1975/3888 2038/2038/3888 2039/2039/3888
f 1975/1975/3889 2039/2039/3889 1976/1976/3889
f 1976/1976/3890 2039/2039/3890 2040/2040/3890
f 1976/1976/3891 2040/2040/3891 1977/1977/3891
f 1977/1977/3892 2040/2040/3892 2041/2041/3892
f 1977/1977/3893 2041/2041/3893 1978/1978/3893
f 1978/1978/3894 2041/2041/3894 2042/2042/3894
f 1978/1978/3895 2042/2042/3895 1979/1979/3895
f 1979/1979/3896 2042/2042/3896 2043/2043/3896
f 1979/1979/3897 2043/2043/3897 1980/1980/3897
f 1980/1980/3898 2043/2043/3898 2044/2044/3898
f 1980/1980/3899 2044/2044/3899 1981/1981/3899
f 1981/1981/3900 2044/2044/3900 2045/2045/3900
f 1981/1981/3901 2045/2045/3901 1982/1982/3901
f 1982/1982/3902 2045/2045/3902 2046/2046/3902
f 1982/1982/3903 2046/2046/3903 1983/1983/3903
f 1983/1983/3904 2046/2046/3904 2047/2047/3904
f 1983/1983/3905 2047/2047/3905 1984/1984/3905
f 1984/1984/3906 2047/2047/3906 2048/2048/3906
f 1985/1985/3907 2049/2049/3907 1986/1986/3907
f 1986/1986/3908 2049/2049/3908 2050/2050/3908
f 1986/1986/3909 2050/2050/3909 1987/1987/3909
f 1987/1987/3910 2050/2050/3910 2051/2051/3910
f 1987/1987/3911 2051/2051/3911 1988/1988/3911
f 1988/1988/3912 2051/2051/3912 2052/2052/3912
f 1988/1988/3913 2052/2052/3913 1989/1989/3913
f 1989/1989/3914 2052/2052/3914 2053/2053/3914
f 1989/1989/3915 2053/2053/3915 1990/1990/3915
f 1990/1990/3916 2053/2053/3916 2054/2054/3916
f 1990/1990/3917 2054/2054/3917 1991/1991/3917
f 1991/1991/3918 2054/2054/3918 2055/2055/3918
f 1991/1991/3919 2055/2055/3919 1992/1992/3919
f 1992/1992/3920 2055/2055/3920 2056/2056/3920
f 1992/1992/3921 2056/2056/3921 1993/1993/3921
f 1993/1993/3922 2056/2056/3922 2057/2057/3922
f 1993/1993/3923 2057/2057/3923 1994/1994/3923
f 1994/1994/3924 2057/2057/3924 2058/2058/3924
f 1994/1994/3925 2058/2058/3925 1995/1995/3925
f 1995/1995/3926 2058/2058/3926 2059/2059/3926
f 1995/1995/3927 2059/2059/3927 1996/1996/3927
f 1996/1996/3928 2059/2059/3928 2060/2060/3928
f 1996/1996/3929 2060/2060/3929 1997/1997/3929
f 1997/1997/3930 2060/2060/3930 2061/2061/3930
f 1997/1997/3931 2061/2061/3931 1998/1998/3931
f 1998/1998/3932 2061/2061/3932 2062/2062/3932
f 1998/1998/3933 2062/2062/3933 1999/1999/3933
f 1999/1999/3934 2062/2062/3934 2063/2063/3934
f 1999/1999/3935 2063/2063/3935 2000/2000/3935
f 2000/2000/3936 2063/2063/3936 2064/2064/3936
f 2000/2000/3937 2064/2064/3937 2001/2001/3937
f 2001/2001/3938 2064/2064/3938 2065/2065/3938
f 2001/2001/3939 2065/2065/3939 2002/2002/3939
f 2002/2002/3940 2065/2065/3940 2066/2066/3940
f 2002/2002/3941 2066/2066/3941 2003/2003/3941
f 2003/2003/3942 2066/2066/3942 2067/2067/3942
f 2003/2003/3943 2067/2067/3943 2004/2004/3943
f 2004/2004/3944 2067/2067/3944 2068/2068/3944
f 2004/2004/3945 2068/2068/3945 2005/2005/3945
f 2005/2005/3946 2068/2068/3946 2069/2069/3946
f 2005/2005/3947 2069/2069/3947 2006/2006/3947
f 2006/2006/3948 2069/2069/3948 2070/2070/3948
f 2006/2006/3949 2070/2070/3949 2007/2007/3949
f 2007/2007/3950 2070/2070/3950 2071/2071/3950
f 2007/2007/3951 2071/2071/3951 2008/2008/3951
f 2008/2008/3952 2071/2071/3952 2072/2072/3952
f 2008/2008/3953 2072/2072/3953 2009/2009/3953
f 2009/2009/3954 2072/2072/3954 2073/2073/3954
f 2009/2009/3955 2073/2073/3955 2010/2010/3955
f 2010/2010/3956 2073/2073/3956 2074/2074/3956
f 2010/2010/3957 2074/2074/3957 2011/2011/3957
f 2011/2011/3958 2074/2074/3958 2075/2075/3958
f 2011/2011/3959 2075/2075/3959 2012/2012/3959
f 2012/2012/3960 2075/2075/3960 2076/2076/3960
f 2012/2012/3961 2076/2076/3961 2013/2013/3961
f 2013/2013/3962 2076/2076/3962 2077/2077/3962
f 2013/2013/3963 2077/2077/3963 2014/2014/3963
f 2014/2014/3964 2077/2077/3964 2078/2078/3964
f 2014/2014/3965 2078/2078/3965 2015/2015/3965
f 2015/2015/3966 2078/2078/3966 2079/2079/3966
f 2015/2015/3967 2079/2079/3967 2016/2016/3967
f 2016/2016/3968 2079/2079/3968 2080/2080/3968
f 2016/2016/3969 2080/2080/3969 2017/2017/3969
f 2017/2017/3970 2080/2080/3970 2081/2081/3970
f 2017/2017/3971 2081/2081/3971 2018/2018/3971
f 2018/2018/3972 2081/2081/3972 2082/2082/3972
f 2018/2018/3973 2082/2082/3973 2019/2019/3973
f 2019/2019/3974 2082/2082/3974 2083/2083/3974
f 2019/2019/3975 2083/2083/3975 2020/2020/3975
f 2020/2020/3976 2083/2083/3976 2084/2084/3976
f 2020/2020/3977 2084/2084/3977 2021/2021/3977
f 2021/2021/3978 2084/2084/3978 2085/2085/3978
f 2021/2021/3979 2085/2085/3979 2022/2022/3979
f 2022/2022/3980 2085/2085/3980 2086/2086/3980
f 2022/2022/3981 2086/2086/3981 2023/2023/3981
f 2023/2023/3982 2086/2086/3982 2087/2087/3982
f 2023/2023/3983 2087/2087/3983 2024/2024/3983
f 2024/2024/3984 2087/2087/3984 2088/2088/3984
f 2024/2024/3985 2088/2088/3985 2025/2025/3985
f 2025/2025/3986 2088/2088/3986 2089/2089/3986
f 2025/2025/3987 2089/2089/3987 2026/2026/3987
f 2026/2026/3988 2089/2089/3988 2090/2090/3988
f 2026/2026/3989 2090/2090/3989 2027/2027/3989
f 2027/2027/3990 2090/2090/3990 2091/2091/3990
f 2027/2027/3991 2091/2091/3991 2028/2028/3991
f 2028/2028/3992 2091/2091/3992 2092/2092/3992
f 2028/2028/3993 2092/2092/3993 2029/2029/3993
f 2029/2029/3994 2092/2092/3994 2093/2093/3994
f 2029/2029/3995 2093/2093/3995 2030/2030/3995
f 2030/2030/3996 2093/2093/3996 2094/2094/3996
f 2030/2030/3997 2094/2094/3997 2031/2031/3997
f 2031/2031/3998 2094/2094/3998 2095/2095/3998
f 2031/2031/3999 2095/2095/3999 2032/2032/3999
f 2032/2032/4000 2095/2095/4000 2096/2096/4000
f 2032/2032/4001 2096/2096/4001 2033/2033/4001
f 2033/2033/4002 2096/2096/4002 2097/2097/4002
f 2033/2033/4003 2097/2097/4003 2034/2034/4003
f 2034/2034/4004 2097/2097/4004 2098/2098/4004
f 2034/2034/4005 2098/2098/4005 2035/2035/4005
f 2035/2035/4006 2098/2098/4006 2099/2099/4006
f 2035/2035/4007 2099/2099/4007 2036/2036/4007
f 2036/2036/4008 2099/2099/4008 2100/2100/4008
f 2036/2036/4009 2100/2100/4009 2037/2037/4009
f 2037/2037/4010 2100/2100/4010 2101/2101/4010
f 2037/2037/4011 2101/2101/4011 2038/2038/4011
f 2038/2038/4012 2101/2101/4012 2102/2102/4012
f 2038/2038/4013 2102/2102/4013 2039/2039/4013
f 2039/2039/4014 2102/2102/4014 2103/2103/4014
f 2039/2039/4015 2103/2103/4015 2040/2040/4015
f 2040/2040/4016 2103/2103/4016 2104/2104/4016
f 2040/2040/4017 2104/2104/4017 2041/2041/4017
f 2041/2041/4018 2104/2104/4018 2105/2105/4018
f 2041/2041/4019 2105/2105/4019 2042/2042/4019
f 2042/2042/4020 2105/2105/4020 2106/2106/4020
f 2042/2042/4021 2106/2106/4021 2043/2043/4021
f 2043/2043/4022 2106/2106/4022 2107/2107/4022
f 2043/2043/4023 2107/2107/4023 2044/2044/4023
f 2044/2044/4024 2107/2107/4024 2108/2108/4024
f 2044/2044/4025 2108/2108/4025 2045/2045/4025
f 2045/2045/4026 2108/2108/4026 2109/2109/4026
f 2045/2045/4027 2109/2109/4027 2046/2046/4027
f 2046/2046/4028 2109/2109/4028 2110/2110/4028
f 2046/2046/4029 2110/2110/4029 2047/2047/4029
f 2047/2047/4030 2110/2110/4030 2111/2111/4030
f 2047/2047/4031 2111/2111/4031 2048/2048/4031
f 2048/2048/4032 2111/2111/4032 2112/2112/4032
f 2049/2049/4033 2113/2113/4033 2050/2050/4033
f 2050/2050/4034 2113/2113/4034 2114/2114/4034
f 2050/2050/4035 2114/2114/4035 2051/2051/4035
f 2051/2051/4036 2114/2114/4036 2115/2115/4036
f 2051/2051/4037 2115/2115/4037 2052/2052/4037
f 2052/2052/4038 2115/2115/4038 2116/2116/4038
f 2052/2052/4039 2116/2116/4039 2053/2053/4039
f 2053/2053/4040 2116/2116/4040 2117/2117/4040
f 2053/2053/4041 2117/2117/4041 2054/2054/4041
f 2054/2054/4042 2117/2117/4042 2118/2118/4042
f 2054/2054/4043 2118/2118/4043 2055/2055/4043
f 2055/2055/4044 2118/2118/4044 2119/2119/4044
f 2055/2055/4045 2119/2119/4045 2056/2056/4045
f 2056/2056/4046 2119/2119/4046 2120/2120/4046
f 2056/2056/4047 2120/2120/4047 2057/2057/4047
f 2057/2057/4048 2120/2120/4048 2121/2121/4048
f 2057/2057/4049 2121/2121/4049 2058/2058/4049
f 2058/2058/4050 2121/2121/4050 2122/2122/4050
f 2058/2058/4051 2122/2122/4051 2059/2059/4051
f 2059/2059/4052 2122/2122/4052 2123/2123/4052
f 2059/2059/4053 2123/2123/4053 2060/2060/4053
f 2060/2060/4054 2123/2123/4054 2124/2124/4054
f 2060/2060/4055 2124/2124/4055 2061/2061/4055
f 2061/2061/4056 2124/2124/4056 2125/2125/4056
f 2061/2061/4057 2125/2125/4057 2062/2062/4057
f 2062/2062/4058 2125/2125/4058 2126/2126/4058
f 2062/2062/4059 2126/2126/4059 2063/2063/4059
f 2063/2063/4060 2126/2126/4060 2127/2127/4060
f 2063/2063/4061 2127/2127/4061 2064/2064/4061
f 2064/2064/4062 2127/2127/4062 2128/2128/4062
f 2064/2064/4063 2128/2128/4063 2065/2065/4063
f 2065/2065/4064 2128/2128/4064 2129/2129/4064
f 2065/2065/4065 2129/2129/4065 2066/2066/4065
f 2066/2066/4066 2129/2129/4066 2130/2130/4066
f 2066/2066/4067 2130/2130/4067 2067/2067/4067
f 2067/2067/4068 2130/2130/4068 2131/2131/4068
f 2067/2067/4069 2131/2131/4069 2068/2068/4069
f 2068/2068/4070 2131/2131/4070 2132/2132/4070
f 2068/2068/4071 2132/2132/4071 2069/2069/4071
f 2069/2069/4072 2132/2132/4072 2133/2133/4072
f 2069/2069/4073 2133/2133/4073 2070/2070/4073
f 2070/2070/4074 2133/2133/4074 2134/2134/4074
f 2070/2070/4075 2134/2134/4075 2071/2071/4075
f 2071/2071/4076 2134/2134/4076 2135/2135/4076
f 2071/2071/4077 2135/2135/4077 2072/2072/4077
f 2072/2072/4078 2135/2135/4078 2136/2136/4078
f 2072/2072/4079 2136/2136/4079 2073/2073/4079
f 2073/2073/4080 2136/2136/4080 2137/2137/4080
f 2073/2073/4081 2137/2137/4081 2074/2074/4081
f 2074/2074/4082 2137/2137/4082 2138/2138/4082
f 2074/2074/4083 2138/2138/4083 2075/2075/4083
f 2075/2075/4084 2138/2138/4084 2139/2139/4084
f 2075/2075/4085 2139/2139/4085 2076/2076/4085
f 2076/2076/4086 2139/2139/4086 2140/2140/4086
f 2076/2076/4087 2140/2140/4087 2077/2077/4087
f 2077/2077/4088 2140/2140/4088 2141/2141/4088
f 2077/2077/4089 2141/2141/4089 2078/2078/4089
f 2078/2078/4090 2141/2141/4090 2142/2142/4090
f 2078/2078/4091 2142/2142/4091 2079/2079/4091
f 2079/2079/4092 2142/2142/4092 2143/2143/4092
f 2079/2079/4093 2143/2143/4093 2080/2080/4093
f 2080/2080/4094 2143/2143/4094 2144/2144/4094
f 2080/2080/4095 2144/2144/4095 2081/2081/4095
f 2081/2081/4096 2144/2144/4096 2145/2145/4096
f 2081/2081/4097 2145/2145/4097 2082/2082/4097
f 2082/2082/4098 2145/2145/4098 2146/2146/4098
f 2082/2082/4099 2146/2146/4099 2083/2083/4099
f 2083/2083/4100 2146/2146/4100 2147/2147/4100
f 2083/2083/4101 2147/2147/4101 2084/2084/4101
f 2084/2084/4102 2147/2147/4102 2148/2148/4102
f 2084/2084/4103 2148/2148/4103 2085/2085/4103
f 2085/2085/4104 2148/2148/4104 2149/2149/4104
f 2085/2085/4105 2149/2149/4105 2086/2086/4105
f 2086/2086/4106 2149/2149/4106 2150/2150/4106
f 2086/2086/4107 2150/2150/4107 2087/2087/4107
f 2087/2087/4108 2150/2150/4108 2151/2151/4108
f 2087/2087/4109 2151/2151/4109 2088/2088/4109
f 2088/2088/4110 2151/2151/4110 2152/2152/4110
f 2088/2088/4111 2152/2152/4111 2089/2089/4111
f 2089/2089/4112 2152/2152/4112 2153/2153/4112
f 2089/2089/4113 2153/2153/4113 2090/2090/4113
f 2090/2090/4114 2153/2153/4114 2154/2154/4114
f 2090/2090/4115 2154/2154/4115 2091/2091/4115
f 2091/2091/4116 2154/2154/4116 2155/2155/4116
f 2091/2091/4117 2155/2155/4117 2092/2092/4117
f 2092/2092/4118 2155/2155/4118 2156/2156/4118
f 2092/2092/4119 2156/2156/4119 2093/2093/4119
f 2093/2093/4120 2156/2156/4120 2157/2157/4120
f 2093/2093/4121 2157/2157/4121 2094/2094/4121
f 2094/2094/4122 2157/2157/4122 2158/2158/4122
f 2094/2094/4123 2158/2158/4123 2095/2095/4123
f 2095/2095/4124 2158/2158/4124 2159/2159/4124
f 2095/2095/4125 2159/2159/4125 2096/2096/4125
f 2096/2096/4126 2159/2159/4126 2160/2160/4126
f 2096/2096/4127 2160/2160/4127 2097/2097/4127
f 2097/2097/4128 2160/2160/4128 2161/2161/4128
f 2097/2097/4129 2161/2161/4129 2098/2098/4129
f 2098/2098/4130 2161/2161/4130 2162/2162/4130
f 2098/2098/4131 2162/2162/4131 2099/2099/4131
f 2099/2099/4132 2162/2162/4132 2163/2163/4132
f 2099/2099/4133 2163/2163/4133 2100/2100/4133
f 2100/2100/4134 2163/2163/4134 2164/2164/4134
f 2100/2100/4135 2164/2164/4135 2101/2101/4135
f 2101/2101/4136 2164/2164/4136 2165/2165/4136
f 2101/2101/4137 2165/2165/4137 2102/2102/4137
f 2102/2102/4138 2165/2165/4138 2166/2166/4138
f 2102/2102/4139 2166/2166/4139 2103/2103/4139
f 2103/2103/4140 2166/2166/4140 2167/2167/4140
f 2103/2103/4141 2167/2167/4141 2104/2104/4141
f 2104/2104/4142 2167/2167/4142 2168/2168/4142
f 2104/2104/4143 2168/2168/4143 2105/2105/4143
f 2105/2105/4144 2168/2168/4144 2169/2169/4144
f 2105/2105/4145 2169/2169/4145 2106/2106/4145
f 2106/2106/4146 2169/2169/4146 2170/2170/4146
f 2106/2106/4147 2170/2170/4147 2107/2107/4147
f 2107/2107/4148 2170/2170/4148 2171/2171/4148
f 2107/2107/4149 2171/2171/4149 2108/2108/4149
f 2108/2108/4150 2171/2171/4150 2172/2172/4150
f 2108/2108/4151 2172/2172/4151 2109/2109/4151
f 2109/2109/4152 2172/2172/4152 2173/2173/4152
f 2109/2109/4153 2173/2173/4153 2110/2110/4153
f 2110/2110/4154 2173/2173/4154 2174/2174/4154
f 2110/2110/4155 2174/2174/4155 2111/2111/4155
f 2111/2111/4156 2174/2174/4156 2175/2175/4156
f 2111/2111/4157 2175/2175/4157 2112/2112/4157
f 2112/2112/4158 2175/2175/4158 2176/2176/4158
f 2113/2113/4159 2177/2177/4159 2114/2114/4159
f 2114/2114/4160 2177/2177/4160 2178/2178/4160
f 2114/2114/4161 2178/2178/4161 2115/2115/4161
f 2115/2115/4162 2178/2178/4162 2179/2179/4162
f 2115/2115/4163 2179/2179/4163 2116/2116/4163
f 2116/2116/4164 2179/2179/4164 2180/2180/4164
f 2116/2116/4165 2180/2180/4165 2117/2117/4165
f 2117/2117/4166 2180/2180/4166 2181/2181/4166
f 2117/2117/4167 2181/2181/4167 2118/2118/4167
f 2118/2118/4168 2181/2181/4168 2182/2182/4168
f 2118/2118/4169 2182/2182/4169 2119/2119/4169
f 2119/2119/4170 2182/2182/4170 2183/2183/4170
f 2119/2119/4171 2183/2183/4171 2120/2120/4171
f 2120/2120/4172 2183/2183/4172 2184/2184/4172
f 2120/2120/4173 2184/2184/4173 2121/2121/4173
f 2121/2121/4174 2184/2184/4174 2185/2185/4174
f 2121/2121/4175 2185/2185/4175 2122/2122/4175
f 2122/2122/4176 2185/2185/4176 2186/2186/4176
f 2122/2122/4177 2186/2186/4177 2123/2123/4177
f 2123/2123/4178 2186/2186/4178 2187/2187/4178
f 2123/2123/4179 2187/2187/4179 2124/2124/4179
f 2124/2124/4180 2187/2187/4180 2188/2188/4180
f 2124/2124/4181 2188/2188/4181 2125/2125/4181
f 2125/2125/4182 2188/2188/4182 2189/2189/4182
f 2125/2125/4183 2189/2189/4183 2126/2126/4183
f 2126/2126/4184 2189/2189/4184 2190/2190/4184
f 2126/2126/4185 2190/2190/4185 2127/2127/4185
f 2127/2127/4186 2190/2190/4186 2191/2191/4186
f 2127/2127/4187 2191/2191/4187 2128/2128/4187
f 2128/2128/4188 2191/2191/4188 2192/2192/4188
f 2128/2128/4189 2192/2192/4189 2129/2129/4189
f 2129/2129/4190 2192/2192/4190 2193/2193/4190
f 2129/2129/4191 2193/2193/4191 2130/2130/4191
f 2130/2130/4192 2193/2193/4192 2194/2194/4192
f 2130/2130/4193 2194/2194/4193 2131/2131/4193
f 2131/2131/4194 2194/2194/4194 2195/2195/4194
f 2131/2131/4195 2195/2195/4195 2132/2132/4195
f 2132/2132/4196 2195/2195/4196 2196/2196/4196
f 2132/2132/4197 2196/2196/4197 2133/2133/4197
f 2133/2133/4198 2196/2196/4198 2197/2197/4198
f 2133/2133/4199 2197/2197/4199 2134/2134/4199
f 2134/2134/4200 2197/2197/4200 2198/2198/4200
f 2134/2134/4201 2198/2198/4201 2135/2135/4201
f 2135/2135/4202 2198/2198/4202 2199/2199/4202
f 2135/2135/4203 2199/2199/4203 2136/2136/4203
f 2136/2136/4204 2199/2199/4204 2200/2200/4204
f 2136/2136/4205 2200/2200/4205 2137/2137/4205
f 2137/2137/4206 2200/2200/4206 2201/2201/4206
f 2137/2137/4207 2201/2201/4207 2138/2138/4207
f 2138/2138/4208 2201/2201/4208 2202/2202/4208
f 2138/2138/4209 2202/2202/4209 2139/2139/4209
f 2139/2139/4210 2202/2202/4210 2203/2203/4210
f 2139/2139/4211 2203/2203/4211 2140/2140/4211
f 2140/2140/4212 2203/2203/4212 2204/2204/4212
f 2140/2140/4213 2204/2204/4213 2141/2141/4213
f 2141/2141/4214 2204/2204/4214 2205/2205/4214
f 2141/2141/4215 2205/2205/4215 2142/2142/4215
f 2142/2142/4216 2205/2205/4216 2206/2206/4216
f 2142/2142/4217 2206/2206/4217 2143/2143/4217
f 2143/2143/4218 2206/2206/4218 2207/2207/4218
f 2143/2143/4219 2207/2207/4219 2144/2144/4219
f 2144/2144/4220 2207/2207/4220 2208/2208/4220
f 2144/2144/4221 2208/2208/4221 2145/2145/4221
f 2145/2145/4222 2208/2208/4222 2209/2209/4222
f 2145/2145/4223 2209/2209/4223 2146/2146/4223
f 2146/2146/4224 2209/2209/4224 2210/2210/4224
f 2146/2146/4225 2210/2210/4225 2147/2147/4225
f 2147/2147/4226 2210/2210/4226 2211/2211/4226
f 2147/2147/4227 2211/2211/4227 2148/2148/4227
f 2148/2148/4228 2211/2211/4228 2212/2212/4228
f 2148/2148/4229 2212/2212/4229 2149/2149/4229
f 2149/2149/4230 2212/2212/4230 2213/2213/4230
f 2149/2149/4231 2213/2213/4231 2150/2150/4231
f 2150/2150/4232 2213/2213/4232 2214/2214/4232
f 2150/2150/4233 2214/2214/4233 2151/2151/4233
f 2151/2151/4234 2214/2214/4234 2215/2215/4234
f 2151/2151/4235 2215/2215/4235 2152/2152/4235
f 2152/2152/4236 2215/2215/4236 2216/2216/4236
f 2152/2152/4237 2216/2216/4237 2153/2153/4237
f 2153/2153/4238 2216/2216/4238 2217/2217/4238
f 2153/2153/4239 2217/2217/4239 2154/2154/4239
f 2154/2154/4240 2217/2217/4240 2218/2218/4240
f 2154/2154/4241 2218/2218/4241 2155/2155/4241
f 2155/2155/4242 2218/2218/4242 2219/2219/4242
f 2155/2155/4243 2219/2219/4243 2156/2156/4243
f 2156/2156/4244 2219/2219/4244 2220/2220/4244
f 2156/2156/4245 2220/2220/4245 2157/2157/4245
f 2157/2157/4246 2220/2220/4246 2221/2221/4246
f 2157/2157/4247 2221/2221/4247 2158/2158/4247
f 2158/2158/4248 2221/2221/4248 2222/2222/4248
f 2158/2158/4249 2222/2222/4249 2159/2159/4249
f 2159/2159/4250 2222/2222/4250 2223/2223/4250
f 2159/2159/4251 2223/2223/4251 2160/2160/4251
f 2160/2160/4252 2223/2223/4252 2224/2224/4252
f 2160/2160/4253 2224/2224/4253 2161/2161/4253
f 2161/2161/4254 2224/2224/4254 2225/2225/4254
f 2161/2161/4255 2225/2225/4255 2162/2162/4255
f 2162/2162/4256 2225/2225/4256 2226/2226/4256
f 2162/2162/4257 2226/2226/4257 2163/2163/4257
f 2163/2163/4258 2226/2226/4258 2227/2227/4258
f 2163/2163/4259 2227/2227/4259 2164/2164/4259
f 2164/2164/4260 2227/2227/4260 2228/2228/4260
f 2164/2164/4261 2228/2228/4261 2165/2165/4261
f 2165/2165/4262 2228/2228/4262 2229/2229/4262
f 2165/2165/4263 2229/2229/4263 2166/2166/4263
f 2166/2166/4264 2229/2229/4264 2230/2230/4264
f 2166/2166/4265 2230/2230/4265 2167/2167/4265
f 2167/2167/4266 2230/2230/4266 2231/2231/4266
f 2167/2167/4267 2231/2231/4267 2168/2168/4267
f 2168/2168/4268 2231/2231/4268 2232/2232/4268
f 2168/2168/4269 2232/2232/4269 2169/2169/4269
f 2169/2169/4270 2232/2232/4270 2233/2233/4270
f 2169/2169/4271 2233/2233/4271 2170/2170/4271
f 2170/2170/4272 2233/2233/4272 2234/2234/4272
f 2170/2170/4273 2234/2234/4273 2171/2171/4273
f 2171/2171/4274 2234/2234/4274 2235/2235/4274
f 2171/2171/4275 2235/2235/4275 2172/2172/4275
f 2172/2172/4276 2235/2235/4276 2236/2236/4276
f 2172/2172/4277 2236/2236/4277 2173/2173/4277
f 2173/2173/4278 2236/2236/4278 2237/2237/4278
f 2173/2173/4279 2237/2237/4279 2174/2174/4279
f 2174/2174/4280 2237/2237/4280 2238/2238/4280
f 2174/2174/4281 2238/2238/4281 2175/2175/4281
f 2175/2175/4282 2238/2238/4282 2239/2239/4282
f 2175/2175/4283 2239/2239/4283 2176/2176/4283
f 2176/2176/4284 2239/2239/4284 2240/2240/4284
f 2177/2177/4285 2241/2241/4285 2178/2178/4285
f 2178/2178/4286 2241/2241/4286 2242/2242/4286
f 2178/2178/4287 2242/2242/4287 2179/2179/4287
f 2179/2179/4288 2242/2242/4288 2243/2243/4288
f 2179/2179/4289 2243/2243/4289 2180/2180/4289
f 2180/2180/4290 2243/2243/4290 2244/2244/4290
f 2180/2180/4291 2244/2244/4291 2181/2181/4291
f 2181/2181/4292 2244/2244/4292 2245/2245/4292
f 2181/2181/4293 2245/2245/4293 2182/2182/4293
f 2182/2182/4294 2245/2245/4294 2246/2246/4294
f 2182/2182/4295 2246/2246/4295 2183/2183/4295
f 2183/2183/4296 2246/2246/4296 2247/2247/4296
f 2183/2183/4297 2247/2247/4297 2184/2184/4297
f 2184/2184/4298 2247/2247/4298 2248/2248/4298
f 2184/2184/4299 2248/2248/4299 2185/2185/4299
f 2185/2185/4300 2248/2248/4300 2249/2249/4300
f 2185/2185/4301 2249/2249/4301 2186/2186/4301
f 2186/2186/4302 2249/2249/4302 2250/2250/4302
f 2186/2186/4303 2250/2250/4303 2187/2187/4303
f 2187/2187/4304 2250/2250/4304 2251/2251/4304
f 2187/2187/4305 2251/2251/4305 2188/2188/4305
f 2188/2188/4306 2251/2251/4306 2252/2252/4306
f 2188/2188/4307 2252/2252/4307 2189/2189/4307
f 2189/2189/4308 2252/2252/4308 2253/2253/4308
f 2189/2189/4309 2253/2253/4309 2190/2190/4309
f 2190/2190/4310 2253/2253/4310 2254/2254/4310
f 2190/2190/4311 2254/2254/4311 2191/2191/4311
f 2191/2191/4312 2254/2254/4312 2255/2255/4312
f 2191/2191/4313 2255/2255/4313 2192/2192/4313
f 2192/2192/4314 2255/2255/4314 2256/2256/4314
f 2192/2192/4315 2256/2256/4315 2193/2193/4315
f 2193/2193/4316 2256/2256/4316 2257/2257/4316
f 2193/2193/4317 2257/2257/4317 2194/2194/4317
f 2194/2194/4318 2257/2257/4318 2258/2258/4318
f 2194/2194/4319 2258/2258/4319 2195/2195/4319
f 2195/2195/4320 2258/2258/4320 2259/2259/4320
f 2195/2195/4321 2259/2259/4321 2196/2196/4321
f 2196/2196/4322 2259/2259/4322 2260/2260/4322
f 2196/2196/4323 2260/2260/4323 2197/2197/4323
f 2197/2197/4324 2260/2260/4324 2261/2261/4324
f 2197/2197/4325 2261/2261/4325 2198/2198/4325
f 2198/2198/4326 2261/2261/4326 2262/2262/4326
f 2198/2198/4327 2262/2262/4327 2199/2199/4327
f 2199/2199/4328 2262/2262/4328 2263/2263/4328
f 2199/2199/4329 2263/2263/4329 2200/2200/4329
f 2200/2200/4330 2263/2263/4330 2264/2264/4330
f 2200/2200/4331 2264/2264/4331 2201/2201/4331
f 2201/2201/4332 2264/2264/4332 2265/2265/4332
f 2201/2201/4333 2265/2265/4333 2202/2202/4333
f 2202/2202/4334 2265/2265/4334 2266/2266/4334
f 2202/2202/4335 2266/2266/4335 2203/2203/4335
f 2203/2203/4336 2266/2266/4336 2267/2267/4336
f 2203/2203/4337 2267/2267/4337 2204/2204/4337
f 2204/2204/4338 2267/2267/4338 2268/2268/4338
f 2204/2204/4339 2268/2268/4339 2205/2205/4339
f 2205/2205/4340 2268/2268/4340 2269/2269/4340
f 2205/2205/4341 2269/2269/4341 2206/2206/4341
f 2206/2206/4342 2269/2269/4342 2270/2270/4342
f 2206/2206/4343 2270/2270/4343 2207/2207/4343
f 2207/2207/4344 2270/2270/4344 2271/2271/4344
f 2207/2207/4345 2271/2271/4345 2208/2208/4345
f 2208/2208/4346 2271/2271/4346 2272/2272/4346
f 2208/2208/4347 2272/2272/4347 2209/2209/4347
f 2209/2209/4348 2272/2272/4348 2273/2273/4348
f 2209/2209/4349 2273/2273/4349 2210/2210/4349
f 2210/2210/4350 2273/2273/4350 2274/2274/4350
f 2210/2210/4351 2274/2274/4351 2211/2211/4351
f 2211/2211/4352 2274/2274/4352 2275/2275/4352
f 2211/2211/4353 2275/2275/4353 2212/2212/4353
f 2212/2212/4354 2275/2275/4354 2276/2276/4354
f 2212/2212/4355 2276/2276/4355 2213/2213/4355
f 2213/2213/4356 2276/2276/4356 2277/2277/4356
f 2213/2213/4357 2277/2277/4357 2214/2214/4357
f 2214/2214/4358 2277/2277/4358 2278/2278/4358
f 2214/2214/4359 2278/2278/4359 2215/2215/4359
f 2215/2215/4360 2278/2278/4360 2279/2279/4360
f 2215/2215/4361 2279/2279/4361 2216/2216/4361
f 2216/2216/4362 2279/2279/4362 2280/2280/4362
f 2216/2216/4363 2280/2280/4363 2217/2217/4363
f 2217/2217/4364 2280/2280/4364 2281/2281/4364
f 2217/2217/4365 2281/2281/4365 2218/2218/4365
f 2218/2218/4366 2281/2281/4366 2282/2282/4366
f 2218/2218/4367 2282/2282/4367 2219/2219/4367
f 2219/2219/4368 2282/2282/4368 2283/2283/4368
f 2219/2219/4369 2283/2283/4369 2220/2220/4369
f 2220/2220/4370 2283/2283/4370 2284/2284/4370
f 2220/2220/4371 2284/2284/4371 2221/2221/4371
f 2221/2221/4372 2284/2284/4372 2285/2285/4372
f 2221/2221/4373 2285/2285/4373 2222/2222/4373
f 2222/2222/4374 2285/2285/4374 2286/2286/4374
f 2222/2222/4375 2286/2286/4375 2223/2223/4375
f 2223/2223/4376 2286/2286/4376 2287/2287/4376
f 2223/2223/4377 2287/2287/4377 2224/2224/4377
f 2224/2224/4378 2287/2287/4378 2288/2288/4378
f 2224/2224/4379 2288/2288/4379 2225/2225/4379
f 2225/2225/4380 2288/2288/4380 2289/2289/4380
f 2225/2225/4381 2289/2289/4381 2226/2226/4381
f 2226/2226/4382 2289/2289/4382 2290/2290/4382
f 2226/2226/4383 2290/2290/4383 2227/2227/4383
f 2227/2227/4384 2290/2290/4384 2291/2291/4384
f 2227/2227/4385 2291/2291/4385 2228/2228/4385
f 2228/2228/4386 2291/2291/4386 2292/2292/4386
f 2228/2228/4387 2292/2292/4387 2229/2229/4387
f 2229/2229/4388 2292/2292/4388 2293/2293/4388
f 2229/2229/4389 2293/2293/4389 2230/2230/4389
f 2230/2230/4390 2293/2293/4390 2294/2294/4390
f 2230/2230/4391 2294/2294/4391 2231/2231/4391
f 2231/2231/4392 2294/2294/4392 2295/2295/4392
f 2231/2231/4393 2295/2295/4393 2232/2232/4393
f 2232/2232/4394 2295/2295/4394 2296/2296/4394
f 2232/2232/4395 2296/2296/4395 2233/2233/4395
f 2233/2233/4396 2296/2296/4396 2297/2297/4396
f 2233/2233/4397 2297/2297/4397 2234/2234/4397
f 2234/2234/4398 2297/2297/4398 2298/2298/4398
f 2234/2234/4399 2298/2298/4399 2235/2235/4399
f 2235/2235/4400 2298/2298/4400 2299/2299/4400
f 2235/2235/4401 2299/2299/4401 2236/2236/4401
f 2236/2236/4402 2299/2299/4402 2300/2300/4402
f 2236/2236/4403 2300/2300/4403 2237/2237/4403
f 2237/2237/4404 2300/2300/4404 2301/2301/4404
f 2237/2237/4405 2301/2301/4405 2238/2238/4405
f 2238/2238/4406 2301/2301/4406 2302/2302/4406
f 2238/2238/4407 2302/2302/4407 2239/2239/4407
f 2239/2239/4408 2302/2302/4408 2303/2303/4408
f 2239/2239/4409 2303/2303/4409 2240/2240/4409
f 2240/2240/4410 2303/2303/4410 2304/2304/4410
f 2241/2241/4411 2305/2305/4411 2242/2242/4411
f 2242/2242/4412 2305/2305/4412 2306/2306/4412
f 2242/2242/4413 2306/2306/4413 2243/2243/4413
f 2243/2243/4414 2306/2306/4414 2307/2307/4414
f 2243/2243/4415 2307/2307/4415 2244/2244/4415
f 2244/2244/4416 2307/2307/4416 2308/2308/4416
f 2244/2244/4417 2308/2308/4417 2245/2245/4417
f 2245/2245/4418 2308/2308/4418 2309/2309/4418
f 2245/2245/4419 2309/2309/4419 2246/2246/4419
f 2246/2246/4420 2309/2309/4420 2310/2310/4420
f 2246/2246/4421 2310/2310/4421 2247/2247/4421
f 2247/2247/4422 2310/2310/4422 2311/2311/4422
f 2247/2247/4423 2311/2311/4423 2248/2248/4423
f 2248/2248/4424 2311/2311/4424 2312/2312/4424
f 2248/2248/4425 2312/2312/4425 2249/2249/4425
f 2249/2249/4426 2312/2312/4426 2313/2313/4426
f 2249/2249/4427 2313/2313/4427 2250/2250/4427
f 2250/2250/4428 2313/2313/4428 2314/2314/4428
f 2250/2250/4429 2314/2314/4429 2251/2251/4429
f 2251/2251/4430 2314/2314/4430 2315/2315/4430
f 2251/2251/4431 2315/2315/4431 2252/2252/4431
f 2252/2252/4432 2315/2315/4432 2316/2316/4432
f 2252/2252/4433 2316/2316/4433 2253/2253/4433
f 2253/2253/4434 2316/2316/4434 2317/2317/4434
f 2253/2253/4435 2317/2317/4435 2254/2254/4435
f 2254/2254/4436 2317/2317/4436 2318/2318/4436
f 2254/2254/4437 2318/2318/4437 2255/2255/4437
f 2255/2255/4438 2318/2318/4438 2319/2319/4438
f 2255/2255/4439 2319/2319/4439 2256/2256/4439
f 2256/2256/4440 2319/2319/4440 2320/2320/4440
f 2256/2256/4441 2320/2320/4441 2257/2257/4441
f 2257/2257/4442 2320/2320/4442 2321/2321/4442
f 2257/2257/4443 2321/2321/4443 2258/2258/4443
f 2258/2258/4444 2321/2321/4444 2322/2322/4444
f 2258/2258/4445 2322/2322/4445 2259/2259/4445
f 2259/2259/4446 2322/2322/4446 2323/2323/4446
f 2259/2259/4447 2323/2323/4447 2260/2260/4447
f 2260/2260/4448 2323/2323/4448 2324/2324/4448
f 2260/2260/4449 2324/2324/4449 2261/2261/4449
f 2261/2261/4450 2324/2324/4450 2325/2325/4450
f 2261/2261/4451 2325/2325/4451 2262/2262/4451
f 2262/2262/4452 2325/2325/4452 2326/2326/4452
f 2262/2262/4453 2326/2326/4453 2263/2263/4453
f 2263/2263/4454 2326/2326/4454 2327/2327/4454
f 2263/2263/4455 2327/2327/4455 2264/2264/4455
f 2264/2264/4456 2327/2327/4456 2328/2328/4456
f 2264/2264/4457 2328/2328/4457 2265/2265/4457
f 2265/2265/4458 2328/2328/4458 2329/2329/4458
f 2265/2265/4459 2329/2329/4459 2266/2266/4459
f 2266/2266/4460 2329/2329/4460 2330/2330/4460
f 2266/2266/4461 2330/2330/4461 2267/2267/4461
f 2267/2267/4462 2330/2330/4462 2331/2331/4462
f 2267/2267/4463 2331/2331/4463 2268/2268/4463
f 2268/2268/4464 2331/2331/4464 2332/2332/4464
f 2268/2268/4465 2332/2332/4465 2269/2269/4465
f 2269/2269/4466 2332/2332/4466 2333/2333/4466
f 2269/2269/4467 2333/2333/4467 2270/2270/4467
f 2270/2270/4468 2333/2333/4468 2334/2334/4468
f 2270/2270/4469 2334/2334/4469 2271/2271/4469
f 2271/2271/4470 2334/2334/4470 2335/2335/4470
f 2271/2271/4471 2335/2335/4471 2272/2272/4471
f 2272/2272/4472 2335/2335/4472 2336/2336/4472
f 2272/2272/4473 2336/2336/4473 2273/2273/4473
f 2273/2273/4474 2336/2336/4474 2337/2337/4474
f 2273/2273/4475 2337/2337/4475 2274/2274/4475
f 2274/2274/4476 2337/2337/4476 2338/2338/4476
f 2274/2274/4477 2338/2338/4477 2275/2275/4477
f 2275/2275/4478 2338/2338/4478 2339/2339/4478
f 2275/2275/4479 2339/2339/4479 2276/2276/4479
f 2276/2276/4480 2339/2339/4480 2340/2340/4480
f 2276/2276/4481 2340/2340/4481 2277/2277/4481
f 2277/2277/4482 2340/2340/4482 2341/2341/4482
f 2277/2277/4483 2341/2341/4483 2278/2278/4483
f 2278/2278/4484 2341/2341/4484 2342/2342/4484
f 2278/2278/4485 2342/2342/4485 2279/2279/4485
f 2279/2279/4486 2342/2342/4486 2343/2343/4486
f 2279/2279/4487 2343/2343/4487 2280/2280/4487
f 2280/2280/4488 2343/2343/4488 2344/2344/4488
f 2280/2280/4489 2344/2344/4489 2281/2281/4489
f 2281/2281/4490 2344/2344/4490 2345/2345/4490
f 2281/2281/4491 2345/2345/4491 2282/2282/4491
f 2282/2282/4492 2345/2345/4492 2346/2346/4492
f 2282/2282/4493 2346/2346/4493 2283/2283/4493
f 2283/2283/4494 2346/2346/4494 2347/2347/4494
f 2283/2283/4495 2347/2347/4495 2284/2284/4495
f 2284/2284/4496 2347/2347/4496 2348/2348/4496
f 2284/2284/4497 2348/2348/4497 2285/2285/4497
f 2285/2285/4498 2348/2348/4498 2349/2349/4498
f 2285/2285/4499 2349/2349/4499 2286/2286/4499
f 2286/2286/4500 2349/2349/4500 2350/2350/4500
f 2286/2286/4501 2350/2350/4501 2287/2287/4501
f 2287/2287/4502 2350/2350/4502 2351/2351/4502
f 2287/2287/4503 2351/2351/4503 2288/2288/4503
f 2288/2288/4504 2351/2351/4504 2352/2352/4504
f 2288/2288/4505 2352/2352/4505 2289/2289/4505
f 2289/2289/4506 2352/2352/4506 2353/2353/4506
f 2289/2289/4507 2353/2353/4507 2290/2290/4507
f 2290/2290/4508 2353/2353/4508 2354/2354/4508
f 2290/2290/4509 2354/2354/4509 2291/2291/4509
f 2291/2291/4510 2354/2354/4510 2355/2355/4510
f 2291/2291/4511 2355/2355/4511 2292/2292/4511
f 2292/2292/4512 2355/2355/4512 2356/2356/4512
f 2292/2292/4513 2356/2356/4513 2293/2293/4513
f 2293/2293/4514 2356/2356/4514 2357/2357/4514
f 2293/2293/4515 2357/2357/4515 2294/2294/4515
f 2294/2294/4516 2357/2357/4516 2358/2358/4516
f 2294/2294/4517 2358/2358/4517 2295/2295/4517
f 2295/2295/4518 2358/2358/4518 2359/2359/4518
f 2295/2295/4519 2359/2359/4519 2296/2296/4519
f 2296/2296/4520 2359/2359/4520 2360/2360/4520
f 2296/2296/4521 2360/2360/4521 2297/2297/4521
f 2297/2297/4522 2360/2360/4522 2361/2361/4522
f 2297/2297/4523 2361/2361/4523 2298/2298/4523
f 2298/2298/4524 2361/2361/4524 2362/2362/4524
f 2298/2298/4525 2362/2362/4525 2299/2299/4525
f 2299/2299/4526 2362/2362/4526 2363/2363/4526
f 2299/2299/4527 2363/2363/4527 2300/2300/4527
f 2300/2300/4528 2363/2363/4528 2364/2364/4528
f 2300/2300/4529 2364/2364/4529 2301/2301/4529
f 2301/2301/4530 2364/2364/4530 2365/2365/4530
f 2301/2301/4531 2365/2365/4531 2302/2302/4531
f 2302/2302/4532 2365/2365/4532 2366/2366/4532
f 2302/2302/4533 2366/2366/4533 2303/2303/4533
f 2303/2303/4534 2366/2366/4534 2367/2367/4534
f 2303/2303/4535 2367/2367/4535 2304/2304/4535
f 2304/2304/4536 2367/2367/4536 2368/2368/4536
f 2305/2305/4537 2369/2369/4537 2306/2306/4537
f 2306/2306/4538 2369/2369/4538 2370/2370/4538
f 2306/2306/4539 2370/2370/4539 2307/2307/4539
f 2307/2307/4540 2370/2370/4540 2371/2371/4540
f 2307/2307/4541 2371/2371/4541 2308/2308/4541
f 2308/2308/4542 2371/2371/4542 2372/2372/4542
f 2308/2308/4543 2372/2372/4543 2309/2309/4543
f 2309/2309/4544 2372/2372/4544 2373/2373/4544
f 2309/2309/4545 2373/2373/4545 2310/2310/4545
f 2310/2310/4546 2373/2373/4546 2374/2374/4546
f 2310/2310/4547 2374/2374/4547 2311/2311/4547
f 2311/2311/4548 2374/2374/4548 2375/2375/4548
f 2311/2311/4549 2375/2375/4549 2312/2312/4549
f 2312/2312/4550 2375/2375/4550 2376/2376/4550
f 2312/2312/4551 2376/2376/4551 2313/2313/4551
f 2313/2313/4552 2376/2376/4552 2377/2377/4552
f 2313/2313/4553 2377/2377/4553 2314/2314/4553
f 2314/2314/4554 2377/2377/4554 2378/2378/4554
f 2314/2314/4555 2378/2378/4555 2315/2315/4555
f 2315/2315/4556 2378/2378/4556 2379/2379/4556
f 2315/2315/4557 2379/2379/4557 2316/2316/4557
f 2316/2316/4558 2379/2379/4558 2380/2380/4558
f 2316/2316/4559 2380/2380/4559 2317/2317/4559
f 2317/2317/4560 2380/2380/4560 2381/2381/4560
f 2317/2317/4561 2381/2381/4561 2318/2318/4561
f 2318/2318/4562 2381/2381/4562 2382/2382/4562
f 2318/2318/4563 2382/2382/4563 2319/2319/4563
f 2319/2319/4564 2382/2382/4564 2383/2383/4564
f 2319/2319/4565 2383/2383/4565 2320/2320/4565
f 2320/2320/4566 2383/2383/4566 2384/2384/4566
f 2320/2320/4567 2384/2384/4567 2321/2321/4567
f 2321/2321/4568 2384/2384/4568 2385/2385/4568
f 2321/2321/4569 2385/2385/4569 2322/2322/4569
f 2322/2322/4570 2385/2385/4570 2386/2386/4570
f 2322/2322/4571 2386/2386/4571 2323/2323/4571
f 2323/2323/4572 2386/2386/4572 2387/2387/4572
f 2323/2323/4573 2387/2387/4573 2324/2324/4573
f 2324/2324/4574 2387/2387/4574 2388/2388/4574
f 2324/2324/4575 2388/2388/4575 2325/2325/4575
f 2325/2325/4576 2388/2388/4576 2389/2389/4576
f 2325/2325/4577 2389/2389/4577 2326/2326/4577
f 2326/2326/4578 2389/2389/4578 2390/2390/4578
f 2326/2326/4579 2390/2390/4579 2327/2327/4579
f 2327/2327/4580 2390/2390/4580 2391/2391/4580
f 2327/2327/4581 2391/2391/4581 2328/2328/4581
f 2328/2328/4582 2391/2391/4582 2392/2392/4582
f 2328/2328/4583 2392/2392/4583 2329/2329/4583
f 2329/2329/4584 2392/2392/4584 2393/2393/4584
f 2329/2329/4585 2393/2393/4585 2330/2330/4585
f 2330/2330/4586 2393/2393/4586 2394/2394/4586
f 2330/2330/4587 2394/2394/4587 2331/2331/4587
f 2331/2331/4588 2394/2394/4588 2395/2395/4588
f 2331/2331/4589 2395/2395/4589 2332/2332/4589
f 2332/2332/4590 2395/2395/4590 2396/2396/4590
f 2332/2332/4591 2396/2396/4591 2333/2333/4591
f 2333/2333/4592 2396/2396/4592 2397/2397/4592
f 2333/2333/4593 2397/2397/4593 2334/2334/4593
f 2334/2334/4594 2397/2397/4594 2398/2398/4594
f 2334/2334/4595 2398/2398/4595 2335/2335/4595
f 2335/2335/4596 2398/2398/4596 2399/2399/4596
f 2335/2335/4597 2399/2399/4597 2336/2336/4597
f 2336/2336/4598 2399/2399/4598 2400/2400/4598
f 2336/2336/4599 2400/2400/4599 2337/2337/4599
f 2337/2337/4600 2400/2400/4600 2401/2401/4600
f 2337/2337/4601 2401/2401/4601 2338/2338/4601
f 2338/2338/4602 2401/2401/4602 2402/2402/4602
f 2338/2338/4603 2402/2402/4603 2339/2339/4603
f 2339/2339/4604 2402/2402/4604 2403/2403/4604
f 2339/2339/4605 2403/2403/4605 2340/2340/4605
f 2340/2340/4606 2403/2403/4606 2404/2404/4606
f 2340/2340/4607 2404/2404/4607 2341/2341/4607
f 2341/2341/4608 2404/2404/4608 2405/2405/4608
f 2341/2341/4609 2405/2405/4609 2342/2342/4609
f 2342/2342/4610 2405/2405/4610 2406/2406/4610
f 2342/2342/4611 2406/2406/4611 2343/2343/4611
f 2343/2343/4612 2406/2406/4612 2407/2407/4612
f 2343/2343/4613 2407/2407/4613 2344/2344/4613
f 2344/2344/4614 2407/2407/4614 2408/2408/4614
f 2344/2344/4615 2408/2408/4615 2345/2345/4615
f 2345/2345/4616 2408/2408/4616 2409/2409/4616
f 2345/2345/4617 2409/2409/4617 2346/2346/4617
f 2346/2346/4618 2409/2409/4618 2410/2410/4618
f 2346/2346/4619 2410/2410/4619 2347/2347/4619
f 2347/2347/4620 2410/2410/4620 2411/2411/4620
f 2347/2347/4621 2411/2411/4621 2348/2348/4621
f 2348/2348/4622 2411/2411/4622 2412/2412/4622
f 2348/2348/4623 2412/2412/4623 2349/2349/4623
f 2349/2349/4624 2412/2412/4624 2413/2413/4624
f 2349/2349/4625 2413/2413/4625 2350/2350/4625
f 2350/2350/4626 2413/2413/4626 2414/2414/4626
f 2350/2350/4627 2414/2414/4627 2351/2351/4627
f 2351/2351/4628 2414/2414/4628 2415/2415/4628
f 2351/2351/4629 2415/2415/4629 2352/2352/4629
f 2352/2352/4630 2415/2415/4630 2416/2416/4630
f 2352/2352/4631 2416/2416/4631 2353/2353/4631
f 2353/2353/4632 2416/2416/4632 2417/2417/4632
f 2353/2353/4633 2417/2417/4633 2354/2354/4633
f 2354/2354/4634 2417/2417/4634 2418/2418/4634
f 2354/2354/4635 2418/2418/4635 2355/2355/4635
f 2355/2355/4636 2418/2418/4636 2419/2419/4636
f 2355/2355/4637 2419/2419/4637 2356/2356/4637
f 2356/2356/4638 2419/2419/4638 2420/2420/4638
f 2356/2356/4639 2420/2420/4639 2357/2357/4639
f 2357/2357/4640 2420/2420/4640 2421/2421/4640
f 2357/2357/4641 2421/2421/4641 2358/2358/4641
f 2358/2358/4642 2421/2421/4642 2422/2422/4642
f 2358/2358/4643 2422/2422/4643 2359/2359/4643
f 2359/2359/4644 2422/2422/4644 2423/2423/4644
f 2359/2359/4645 2423/2423/4645 2360/2360/4645
f 2360/2360/4646 2423/2423/4646 2424/2424/4646
f 2360/2360/4647 2424/2424/4647 2361/2361/4647
f 2361/2361/4648 2424/2424/4648 2425/2425/4648
f 2361/2361/4649 2425/2425/4649 2362/2362/4649
f 2362/2362/4650 2425/2425/4650 2426/2426/4650
f 2362/2362/4651 2426/2426/4651 2363/2363/4651
f 2363/2363/4652 2426/2426/4652 2427/2427/4652
f 2363/2363/4653 2427/2427/4653 2364/2364/4653
f 2364/2364/4654 2427/2427/4654 2428/2428/4654
f 2364/2364/4655 2428/2428/4655 2365/2365/4655
f 2365/2365/4656 2428/2428/4656 2429/2429/4656
f 2365/2365/4657 2429/2429/4657 2366/2366/4657
f 2366/2366/4658 2429/2429/4658 2430/2430/4658
f 2366/2366/4659 2430/2430/4659 2367/2367/4659
f 2367/2367/4660 2430/2430/4660 2431/2431/4660
f 2367/2367/4661 2431/2431/4661 2368/2368/4661
f 2368/2368/4662 2431/2431/4662 2432/2432/4662
f 2369/2369/4663 2433/2433/4663 2370/2370/4663
f 2370/2370/4664 2433/2433/4664 2434/2434/4664
f 2370/2370/4665 2434/2434/4665 2371/2371/4665
f 2371/2371/4666 2434/2434/4666 2435/2435/4666
f 2371/2371/4667 2435/2435/4667 2372/2372/4667
f 2372/2372/4668 2435/2435/4668 2436/2436/4668
f 2372/2372/4669 2436/2436/4669 2373/2373/4669
f 2373/2373/4670 2436/2436/4670 2437/2437/4670
f 2373/2373/4671 2437/2437/4671 2374/2374/4671
f 2374/2374/4672 2437/2437/4672 2438/2438/4672
f 2374/2374/4673 2438/2438/4673 2375/2375/4673
f 2375/2375/4674 2438/2438/4674 2439/2439/4674
f 2375/2375/4675 2439/2439/4675 2376/2376/4675
f 2376/2376/4676 2439/2439/4676 2440/2440/4676
f 2376/2376/4677 2440/2440/4677 2377/2377/4677
f 2377/2377/4678 2440/2440/4678 2441/2441/4678
f 2377/2377/4679 2441/2441/4679 2378/2378/4679
f 2378/2378/4680 2441/2441/4680 2442/2442/4680
f 2378/2378/4681 2442/2442/4681 2379/2379/4681
f 2379/2379/4682 2442/2442/4682 2443/2443/4682
f 2379/2379/4683 2443/2443/4683 2380/2380/4683
f 2380/2380/4684 2443/2443/4684 2444/2444/4684
f 2380/2380/4685 2444/2444/4685 2381/2381/4685
f 2381/2381/4686 2444/2444/4686 2445/2445/4686
f 2381/2381/4687 2445/2445/4687 2382/2382/4687
f 2382/2382/4688 2445/2445/4688 2446/2446/4688
f 2382/2382/4689 2446/2446/4689 2383/2383/4689
f 2383/2383/4690 2446/2446/4690 2447/2447/4690
f 2383/2383/4691 2447/2447/4691 2384/2384/4691
f 2384/2384/4692 2447/2447/4692 2448/2448/4692
f 2384/2384/4693 2448/2448/4693 2385/2385/4693
f 2385/2385/4694 2448/2448/4694 2449/2449/4694
f 2385/2385/4695 2449/2449/4695 2386/2386/4695
f 2386/2386/4696 2449/2449/4696 2450/2450/4696
f 2386/2386/4697 2450/2450/4697 2387/2387/4697
f 2387/2387/4698 2450/2450/4698 2451/2451/4698
f 2387/2387/4699 2451/2451/4699 2388/2388/4699
f 2388/2388/4700 2451/2451/4700 2452/2452/4700
f 2388/2388/4701 2452/2452/4701 2389/2389/4701
f 2389/2389/4702 2452/2452/4702 2453/2453/4702
f 2389/2389/4703 2453/2453/4703 2390/2390/4703
f 2390/2390/4704 2453/2453/4704 2454/2454/4704
f 2390/2390/4705 2454/2454/4705 2391/2391/4705
f 2391/2391/4706 2454/2454/4706 2455/2455/4706
f 2391/2391/4707 2455/2455/4707 2392/2392/4707
f 2392/2392/4708 2455/2455/4708 2456/2456/4708
f 2392/2392/4709 2456/2456/4709 2393/2393/4709
f 2393/2393/4710 2456/2456/4710 2457/2457/4710
f 2393/2393/4711 2457/2457/4711 2394/2394/4711
f 2394/2394/4712 2457/2457/4712 2458/2458/4712
f 2394/2394/4713 2458/2458/4713 2395/2395/4713
f 2395/2395/4714 2458/2458/4714 2459/2459/4714
f 2395/2395/4715 2459/2459/4715 2396/2396/4715
f 2396/2396/4716 2459/2459/4716 2460/2460/4716
f 2396/2396/4717 2460/2460/4717 2397/2397/4717
f 2397/2397/4718 2460/2460/4718 2461/2461/4718
f 2397/2397/4719 2461/2461/4719 2398/2398/4719
f 2398/2398/4720 2461/2461/4720 2462/2462/4720
f 2398/2398/4721 2462/2462/4721 2399/2399/4721
f 2399/2399/4722 2462/2462/4722 2463/2463/4722
f 2399/2399/4723 2463/2463/4723 2400/2400/4723
f 2400/2400/4724 2463/2463/4724 2464/2464/4724
f 2400/2400/4725 2464/2464/4725 2401/2401/4725
f 2401/2401/4726 2464/2464/4726 2465/2465/4726
f 2401/2401/4727 2465/2465/4727 2402/2402/4727
f 2402/2402/4728 2465/2465/4728 2466/2466/4728
f 2402/2402/4729 2466/2466/4729 2403/2403/4729
f 2403/2403/4730 2466/2466/4730 2467/2467/4730
f 2403/2403/4731 2467/2467/4731 2404/2404/4731
f 2404/2404/4732 2467/2467/4732 2468/2468/4732
f 2404/2404/4733 2468/2468/4733 2405/2405/4733
f 2405/2405/4734 2468/2468/4734 2469/2469/4734
f 2405/2405/4735 2469/2469/4735 2406/2406/4735
f 2406/2406/4736 2469/2469/4736 2470/2470/4736
f 2406/2406/4737 2470/2470/4737 2407/2407/4737
f 2407/2407/4738 2470/2470/4738 2471/2471/4738
f 2407/2407/4739 2471/2471/4739 2408/2408/4739
f 2408/2408/4740 2471/2471/4740 2472/2472/4740
f 2408/2408/4741 2472/2472/4741 2409/2409/4741
f 2409/2409/4742 2472/2472/4742 2473/2473/4742
f 2409/2409/4743 2473/2473/4743 2410/2410/4743
f 2410/2410/4744 2473/2473/4744 2474/2474/4744
f 2410/2410/4745 2474/2474/4745 2411/2411/4745
f 2411/2411/4746 2474/2474/4746 2475/2475/4746
f 2411/2411/4747 2475/2475/4747 2412/2412/4747
f 2412/2412/4748 2475/2475/4748 2476/2476/4748
f 2412/2412/4749 2476/2476/4749 2413/2413/4749
f 2413/2413/4750 2476/2476/4750 2477/2477/4750
f 2413/2413/4751 2477/2477/4751 2414/2414/4751
f 2414/2414/4752 2477/2477/4752 2478/2478/4752
f 2414/2414/4753 2478/2478/4753 2415/2415/4753
f 2415/2415/4754 2478/2478/4754 2479/2479/4754
f 2415/2415/4755 2479/2479/4755 2416/2416/4755
f 2416/2416/4756 2479/2479/4756 2480/2480/4756
f 2416/2416/4757 2480/2480/4757 2417/2417/4757
f 2417/2417/4758 2480/2480/4758 2481/2481/4758
f 2417/2417/4759 2481/2481/4759 2418/2418/4759
f 2418/2418/4760 2481/2481/4760 2482/2482/4760
f 2418/2418/4761 2482/2482/4761 2419/2419/4761
f 2419/2419/4762 2482/2482/4762 2483/2483/4762
f 2419/2419/4763 2483/2483/4763 2420/2420/4763
f 2420/2420/4764 2483/2483/4764 2484/2484/4764
f 2420/2420/4765 2484/2484/4765 2421/2421/4765
f 2421/2421/4766 2484/2484/4766 2485/2485/4766
f 2421/2421/4767 2485/2485/4767 2422/2422/4767
f 2422/2422/4768 2485/2485/4768 2486/2486/4768
f 2422/2422/4769 2486/2486/4769 2423/2423/4769
f 2423/2423/4770 2486/2486/4770 2487/2487/4770
f 2423/2423/4771 2487/2487/4771 2424/2424/4771
f 2424/2424/4772 2487/2487/4772 2488/2488/4772
f 2424/2424/4773 2488/2488/4773 2425/2425/4773
f 2425/2425/4774 2488/2488/4774 2489/2489/4774
f 2425/2425/4775 2489/2489/4775 2426/2426/4775
f 2426/2426/4776 2489/2489/4776 2490/2490/4776
f 2426/2426/4777 2490/2490/4777 2427/2427/4777
f 2427/2427/4778 2490/2490/4778 2491/2491/4778
f 2427/2427/4779 2491/2491/4779 2428/2428/4779
f 2428/2428/4780 2491/2491/4780 2492/2492/4780
f 2428/2428/4781 2492/2492/4781 2429/2429/4781
f 2429/2429/4782 2492/2492/4782 2493/2493/4782
f 2429/2429/4783 2493/2493/4783 2430/2430/4783
f 2430/2430/4784 2493/2493/4784 2494/2494/4784
f 2430/2430/4785 2494/2494/4785 2431/2431/4785
f 2431/2431/4786 2494/2494/4786 2495/2495/4786
f 2431/2431/4787 2495/2495/4787 2432/2432/4787
f 2432/2432/4788 2495/2495/4788 2496/2496/4788
f 2433/2433/4789 2497/2497/4789 2434/2434/4789
f 2434/2434/4790 2497/2497/4790 2498/2498/4790
f 2434/2434/4791 2498/2498/4791 2435/2435/4791
f 2435/2435/4792 2498/2498/4792 2499/2499/4792
f 2435/2435/4793 2499/2499/4793 2436/2436/4793
f 2436/2436/4794 2499/2499/4794 2500/2500/4794
f 2436/2436/4795 2500/2500/4795 2437/2437/4795
f 2437/2437/4796 2500/2500/4796 2501/2501/4796
f 2437/2437/4797 2501/2501/4797 2438/2438/4797
f 2438/2438/4798 2501/2501/4798 2502/2502/4798
f 2438/2438/4799 2502/2502/4799 2439/2439/4799
f 2439/2439/4800 2502/2502/4800 2503/2503/4800
f 2439/2439/4801 2503/2503/4801 2440/2440/4801
f 2440/2440/4802 2503/2503/4802 2504/2504/4802
f 2440/2440/4803 2504/2504/4803 2441/2441/4803
f 2441/2441/4804 2504/2504/4804 2505/2505/4804
f 2441/2441/4805 2505/2505/4805 2442/2442/4805
f 2442/2442/4806 2505/2505/4806 2506/2506/4806
f 2442/2442/4807 2506/2506/4807 2443/2443/4807
f 2443/2443/4808 2506/2506/4808 2507/2507/4808
f 2443/2443/4809 2507/2507/4809 2444/2444/4809
f 2444/2444/4810 2507/2507/4810 2508/2508/4810
f 2444/2444/4811 2508/2508/4811 2445/2445/4811
f 2445/2445/4812 2508/2508/4812 2509/2509/4812
f 2445/2445/4813 2509/2509/4813 2446/2446/4813
f 2446/2446/4814 2509/2509/4814 2510/2510/4814
f 2446/2446/4815 2510/2510/4815 2447/2447/4815
f 2447/2447/4816 2510/2510/4816 2511/2511/4816
f 2447/2447/4817 2511/2511/4817 2448/2448/4817
f 2448/2448/4818 2511/2511/4818 2512/2512/4818
f 2448/2448/4819 2512/2512/4819 2449/2449/4819
f 2449/2449/4820 2512/2512/4820 2513/2513/4820
f 2449/2449/4821 2513/2513/4821 2450/2450/4821
f 2450/2450/4822 2513/2513/4822 2514/2514/4822
f 2450/2450/4823 2514/2514/4823 2451/2451/4823
f 2451/2451/4824 2514/2514/4824 2515/2515/4824
f 2451/2451/4825 2515/2515/4825 2452/2452/4825
f 2452/2452/4826 2515/2515/4826 2516/2516/4826
f 2452/2452/4827 2516/2516/4827 2453/2453/4827
f 2453/2453/4828 2516/2516/4828 2517/2517/4828
f 2453/2453/4829 2517/2517/4829 2454/2454/4829
f 2454/2454/4830 2517/2517/4830 2518/2518/4830
f 2454/2454/4831 2518/2518/4831 2455/2455/4831
f 2455/2455/4832 2518/2518/4832 2519/2519/4832
f 2455/2455/4833 2519/2519/4833 2456/2456/4833
f 2456/2456/4834 2519/2519/4834 2520/2520/4834
f 2456/2456/4835 2520/2520/4835 2457/2457/4835
f 2457/2457/4836 2520/2520/4836 2521/2521/4836
f 2457/2457/4837 2521/2521/4837 2458/2458/4837
f 2458/2458/4838 2521/2521/4838 2522/2522/4838
f 2458/2458/4839 2522/2522/4839 2459/2459/4839
f 2459/2459/4840 2522/2522/4840 2523/2523/4840
f 2459/2459/4841 2523/2523/4841 2460/2460/4841
f 2460/2460/4842 2523/2523/4842 2524/2524/4842
f 2460/2460/4843 2524/2524/4843 2461/2461/4843
f 2461/2461/4844 2524/2524/4844 2525/2525/4844
f 2461/2461/4845 2525/2525/4845 2462/2462/4845
f 2462/2462/4846 2525/2525/4846 2526/2526/4846
f 2462/2462/4847 2526/2526/4847 2463/2463/4847
f 2463/2463/4848 2526/2526/4848 2527/2527/4848
f 2463/2463/4849 2527/2527/4849 2464/2464/4849
f 2464/2464/4850 2527/2527/4850 2528/2528/4850
f 2464/2464/4851 2528/2528/4851 2465/2465/4851
f 2465/2465/4852 2528/2528/4852 2529/2529/4852
f 2465/2465/4853 2529/2529/4853 2466/2466/4853
f 2466/2466/4854 2529/2529/4854 2530/2530/4854
f 2466/2466/4855 2530/2530/4855 2467/2467/4855
f 2467/2467/4856 2530/2530/4856 2531/2531/4856
f 2467/2467/4857 2531/2531/4857 2468/2468/4857
f 2468/2468/4858 2531/2531/4858 2532/2532/4858
f 2468/2468/4859 2532/2532/4859 2469/2469/4859
f 2469/2469/4860 2532/2532/4860 2533/2533/4860
f 2469/2469/4861 2533/2533/4861 2470/2470/4861
f 2470/2470/4862 2533/2533/4862 2534/2534/4862
f 2470/2470/4863 2534/2534/4863 2471/2471/4863
f 2471/2471/4864 2534/2534/4864 2535/2535/4864
f 2471/2471/4865 2535/2535/4865 2472/2472/4865
f 2472/2472/4866 2535/2535/4866 2536/2536/4866
f 2472/2472/4867 2536/2536/4867 2473/2473/4867
f 2473/2473/4868 2536/2536/4868 2537/2537/4868
f 2473/2473/4869 2537/2537/4869 2474/2474/4869
f 2474/2474/4870 2537/2537/4870 2538/2538/4870
f 2474/2474/4871 2538/2538/4871 2475/2475/4871
f 2475/2475/4872 2538/2538/4872 2539/2539/4872
f 2475/2475/4873 2539/2539/4873 2476/2476/4873
f 2476/2476/4874 2539/2539/4874 2540/2540/4874
f 2476/2476/4875 2540/2540/4875 2477/2477/4875
f 2477/2477/4876 2540/2540/4876 2541/2541/4876
f 2477/2477/4877 2541/2541/4877 2478/2478/4877
f 2478/2478/4878 2541/2541/4878 2542/2542/4878
f 2478/2478/4879 2542/2542/4879 2479/2479/4879
f 2479/2479/4880 2542/2542/4880 2543/2543/4880
f 2479/2479/4881 2543/2543/4881 2480/2480/4881
f 2480/2480/4882 2543/2543/4882 2544/2544/4882
f 2480/2480/4883 2544/2544/4883 2481/2481/4883
f 2481/2481/4884 2544/2544/4884 2545/2545/4884
f 2481/2481/4885 2545/2545/4885 2482/2482/4885
f 2482/2482/4886 2545/2545/4886 2546/2546/4886
f 2482/2482/4887 2546/2546/4887 2483/2483/4887
f 2483/2483/4888 2546/2546/4888 2547/2547/4888
f 2483/2483/4889 2547/2547/4889 2484/2484/4889
f 2484/2484/4890 2547/2547/4890 2548/2548/4890
f 2484/2484/4891 2548/2548/4891 2485/2485/4891
f 2485/2485/4892 2548/2548/4892 2549/2549/4892
f 2485/2485/4893 2549/2549/4893 2486/2486/4893
f 2486/2486/4894 2549/2549/4894 2550/2550/4894
f 2486/2486/4895 2550/2550/4895 2487/2487/4895
f 2487/2487/4896 2550/2550/4896 2551/2551/4896
f 2487/2487/4897 2551/2551/4897 2488/2488/4897
f 2488/2488/4898 2551/2551/4898 2552/2552/4898
f 2488/2488/4899 2552/2552/4899 2489/2489/4899
f 2489/2489/4900 2552/2552/4900 2553/2553/4900
f 2489/2489/4901 2553/2553/4901 2490/2490/4901
f 2490/2490/4902 2553/2553/4902 2554/2554/4902
f 2490/2490/4903 2554/2554/4903 2491/2491/4903
f 2491/2491/4904 2554/2554/4904 2555/2555/4904
f 2491/2491/4905 2555/2555/4905 2492/2492/4905
f 2492/2492/4906 2555/2555/4906 2556/2556/4906
f 2492/2492/4907 2556/2556/4907 2493/2493/4907
f 2493/2493/4908 2556/2556/4908 2557/2557/4908
f 2493/2493/4909 2557/2557/4909 2494/2494/4909
f 2494/2494/4910 2557/2557/4910 2558/2558/4910
f 2494/2494/4911 2558/2558/4911 2495/2495/4911
f 2495/2495/4912 2558/2558/4912 2559/2559/4912
f 2495/2495/4913 2559/2559/4913 2496/2496/4913
f 2496/2496/4914 2559/2559/4914 2560/2560/4914
f 2497/2497/4915 2561/2561/4915 2498/2498/4915
f 2498/2498/4916 2561/2561/4916 2562/2562/4916
f 2498/2498/4917 2562/2562/4917 2499/2499/4917
f 2499/2499/4918 2562/2562/4918 2563/2563/4918
f 2499/2499/4919 2563/2563/4919 2500/2500/4919
f 2500/2500/4920 2563/2563/4920 2564/2564/4920
f 2500/2500/4921 2564/2564/4921 2501/2501/4921
f 2501/2501/4922 2564/2564/4922 2565/2565/4922
f 2501/2501/4923 2565/2565/4923 2502/2502/4923
f 2502/2502/4924 2565/2565/4924 2566/2566/4924
f 2502/2502/4925 2566/2566/4925 2503/2503/4925
f 2503/2503/4926 2566/2566/4926 2567/2567/4926
f 2503/2503/4927 2567/2567/4927 2504/2504/4927
f 2504/2504/4928 2567/2567/4928 2568/2568/4928
f 2504/2504/4929 2568/2568/4929 2505/2505/4929
f 2505/2505/4930 2568/2568/4930 2569/2569/4930
f 2505/2505/4931 2569/2569/4931 2506/2506/4931
f 2506/2506/4932 2569/2569/4932 2570/2570/4932
f 2506/2506/4933 2570/2570/4933 2507/2507/4933
f 2507/2507/4934 2570/2570/4934 2571/2571/4934
f 2507/2507/4935 2571/2571/4935 2508/2508/4935
f 2508/2508/4936 2571/2571/4936 2572/2572/4936
f 2508/2508/4937 2572/2572/4937 2509/2509/4937
f 2509/2509/4938 2572/2572/4938 2573/2573/4938
f 2509/2509/4939 2573/2573/4939 2510/2510/4939
f 2510/2510/4940 2573/2573/4940 2574/2574/4940
f 2510/2510/4941 2574/2574/4941 2511/2511/4941
f 2511/2511/4942 2574/2574/4942 2575/2575/4942
f 2511/2511/4943 2575/2575/4943 2512/2512/4943
f 2512/2512/4944 2575/2575/4944 2576/2576/4944
f 2512/2512/4945 2576/2576/4945 2513/2513/4945
f 2513/2513/4946 2576/2576/4946 2577/2577/4946
f 2513/2513/4947 2577/2577/4947 2514/2514/4947
f 2514/2514/4948 2577/2577/4948 2578/2578/4948
f 2514/2514/4949 2578/2578/4949 2515/2515/4949
f 2515/2515/4950 2578/2578/4950 2579/2579/4950
f 2515/2515/4951 2579/2579/4951 2516/2516/4951
f 2516/2516/4952 2579/2579/4952 2580/2580/4952
f 2516/2516/4953 2580/2580/4953 2517/2517/4953
f 2517/2517/4954 2580/2580/4954 2581/2581/4954
f 2517/2517/4955 2581/2581/4955 2518/2518/4955
f 2518/2518/4956 2581/2581/4956 2582/2582/4956
f 2518/2518/4957 2582/2582/4957 2519/2519/4957
f 2519/2519/4958 2582/2582/4958 2583/2583/4958
f 2519/2519/4959 2583/2583/4959 2520/2520/4959
f 2520/2520/4960 2583/2583/4960 2584/2584/4960
f 2520/2520/4961 2584/2584/4961 2521/2521/4961
f 2521/2521/4962 2584/2584/4962 2585/2585/4962
f 2521/2521/4963 2585/2585/4963 2522/2522/4963
f 2522/2522/4964 2585/2585/4964 2586/2586/4964
f 2522/2522/4965 2586/2586/4965 2523/2523/4965
f 2523/2523/4966 2586/2586/4966 2587/2587/4966
f 2523/2523/4967 2587/2587/4967 2524/2524/4967
f 2524/2524/4968 2587/2587/4968 2588/2588/4968
f 2524/2524/4969 2588/2588/4969 2525/2525/4969
f 2525/2525/4970 2588/2588/4970 2589/2589/4970
f 2525/2525/4971 2589/2589/4971 2526/2526/4971
f 2526/2526/4972 2589/2589/4972 2590/2590/4972
f 2526/2526/4973 2590/2590/4973 2527/2527/4973
f 2527/2527/4974 2590/2590/4974 2591/2591/4974
f 2527/2527/4975 2591/2591/4975 2528/2528/4975
f 2528/2528/4976 2591/2591/4976 2592/2592/4976
f 2528/2528/4977 2592/2592/4977 2529/2529/4977
f 2529/2529/4978 2592/2592/4978 2593/2593/4978
f 2529/2529/4979 2593/2593/4979 2530/2530/4979
f 2530/2530/4980 2593/2593/4980 2594/2594/4980
f 2530/2530/4981 2594/2594/4981 2531/2531/4981
f 2531/2531/4982 2594/2594/4982 2595/2595/4982
f 2531/2531/4983 2595/2595/4983 2532/2532/4983
f 2532/2532/4984 2595/2595/4984 2596/2596/4984
f 2532/2532/4985 2596/2596/4985 2533/2533/4985
f 2533/2533/4986 2596/2596/4986 2597/2597/4986
f 2533/2533/4987 2597/2597/4987 2534/2534/4987
f 2534/2534/4988 2597/2597/4988 2598/2598/4988
f 2534/2534/4989 2598/2598/4989 2535/2535/4989
f 2535/2535/4990 2598/2598/4990 2599/2599/4990
f 2535/2535/4991 2599/2599/4991 2536/2536/4991
f 2536/2536/4992 2599/2599/4992 2600/2600/4992
f 2536/2536/4993 2600/2600/4993 2537/2537/4993
f 2537/2537/4994 2600/2600/4994 2601/2601/4994
f 2537/2537/4995 2601/2601/4995 2538/2538/4995
f 2538/2538/4996 2601/2601/4996 2602/2602/4996
f 2538/2538/4997 2602/2602/4997 2539/2539/4997
f 2539/2539/4998 2602/2602/4998 2603/2603/4998
f 2539/2539/4999 2603/2603/4999 2540/2540/4999
f 2540/2540/5000 2603/2603/5000 2604/2604/5000
f 2540/2540/5001 2604/2604/5001 2541/2541/5001
f 2541/2541/5002 2604/2604/5002 2605/2605/5002
f 2541/2541/5003 2605/2605/5003 2542/2542/5003
f 2542/2542/5004 2605/2605/5004 2606/2606/5004
f 2542/2542/5005 2606/2606/5005 2543/2543/5005
f 2543/2543/5006 2606/2606/5006 2607/2607/5006
f 2543/2543/5007 2607/2607/5007 2544/2544/5007
f 2544/2544/5008 2607/2607/5008 2608/2608/5008
f 2544/2544/5009 2608/2608/5009 2545/2545/5009
f 2545/2545/5010 2608/2608/5010 2609/2609/5010
f 2545/2545/5011 2609/2609/5011 2546/2546/5011
f 2546/2546/5012 2609/2609/5012 2610/2610/5012
f 2546/2546/5013 2610/2610/5013 2547/2547/5013
f 2547/2547/5014 2610/2610/5014 2611/2611/5014
f 2547/2547/5015 2611/2611/5015 2548/2548/5015
f 2548/2548/5016 2611/2611/5016 2612/2612/5016
f 2548/2548/5017 2612/2612/5017 2549/2549/5017
f 2549/2549/5018 2612/2612/5018 2613/2613/5018
f 2549/2549/5019 2613/2613/5019 2550/2550/5019
f 2550/2550/5020 2613/2613/5020 2614/2614/5020
f 2550/2550/5021 2614/2614/5021 2551/2551/5021
f 2551/2551/5022 2614/2614/5022 2615/2615/5022
f 2551/2551/5023 2615/2615/5023 2552/2552/5023
f 2552/2552/5024 2615/2615/5024 2616/2616/5024
f 2552/2552/5025 2616/2616/5025 2553/2553/5025
f 2553/2553/5026 2616/2616/5026 2617/2617/5026
f 2553/2553/5027 2617/2617/5027 2554/2554/5027
f 2554/2554/5028 2617/2617/5028 2618/2618/5028
f 2554/2554/5029 2618/2618/5029 2555/2555/5029
f 2555/2555/5030 2618/2618/5030 2619/2619/5030
f 2555/2555/5031 2619/2619/5031 2556/2556/5031
f 2556/2556/5032 2619/2619/5032 2620/2620/5032
f 2556/2556/5033 2620/2620/5033 2557/2557/5033
f 2557/2557/5034 2620/2620/5034 2621/2621/5034
f 2557/2557/5035 2621/2621/5035 2558/2558/5035
f 2558/2558/5036 2621/2621/5036 2622/2622/5036
f 2558/2558/5037 2622/2622/5037 2559/2559/5037
f 2559/2559/5038 2622/2622/5038 2623/2623/5038
f 2559/2559/5039 2623/2623/5039 2560/2560/5039
f 2560/2560/5040 2623/2623/5040 2624/2624/5040
f 2561/2561/5041 2625/2625/5041 2562/2562/5041
f 2562/2562/5042 2625/2625/5042 2626/2626/5042
f 2562/2562/5043 2626/2626/5043 2563/2563/5043
f 2563/2563/5044 2626/2626/5044 2627/2627/5044
f 2563/2563/5045 2627/2627/5045 2564/2564/5045
f 2564/2564/5046 2627/2627/5046 2628/2628/5046
f 2564/2564/5047 2628/2628/5047 2565/2565/5047
f 2565/2565/5048 2628/2628/5048 2629/2629/5048
f 2565/2565/5049 2629/2629/5049 2566/2566/5049
f 2566/2566/5050 2629/2629/5050 2630/2630/5050
f 2566/2566/5051 2630/2630/5051 2567/2567/5051
f 2567/2567/5052 2630/2630/5052 2631/2631/5052
f 2567/2567/5053 2631/2631/5053 2568/2568/5053
f 2568/2568/5054 2631/2631/5054 2632/2632/5054
f 2568/2568/5055 2632/2632/5055 2569/2569/5055
f 2569/2569/5056 2632/2632/5056 2633/2633/5056
f 2569/2569/5057 2633/2633/5057 2570/2570/5057
f 2570/2570/5058 2633/2633/5058 2634/2634/5058
f 2570/2570/5059 2634/2634/5059 2571/2571/5059
f 2571/2571/5060 2634/2634/5060 2635/2635/5060
f 2571/2571/5061 2635/2635/5061 2572/2572/5061
f 2572/2572/5062 2635/2635/5062 2636/2636/5062
f 2572/2572/5063 2636/2636/5063 2573/2573/5063
f 2573/2573/5064 2636/2636/5064 2637/2637/5064
f 2573/2573/5065 2637/2637/5065 2574/2574/5065
f 2574/2574/5066 2637/2637/5066 2638/2638/5066
f 2574/2574/5067 2638/2638/5067 2575/2575/5067
f 2575/2575/5068 2638/2638/5068 2639/2639/5068
f 2575/2575/5069 2639/2639/5069 2576/2576/5069
f 2576/2576/5070 2639/2639/5070 2640/2640/5070
f 2576/2576/5071 2640/2640/5071 2577/2577/5071
f 2577/2577/5072 2640/2640/5072 2641/2641/5072
f 2577/2577/5073 2641/2641/5073 2578/2578/5073
f 2578/2578/5074 2641/2641/5074 2642/2642/5074
f 2578/2578/5075 2642/2642/5075 2579/2579/5075
f 2579/2579/5076 2642/2642/5076 2643/2643/5076
f 2579/2579/5077 2643/2643/5077 2580/2580/5077
f 2580/2580/5078 2643/2643/5078 2644/2644/5078
f 2580/2580/5079 2644/2644/5079 2581/2581/5079
f 2581/2581/5080 2644/2644/5080 2645/2645/5080
f 2581/2581/5081 2645/2645/5081 2582/2582/5081
f 2582/2582/5082 2645/2645/5082 2646/2646/5082
f 2582/2582/5083 2646/2646/5083 2583/2583/5083
f 2583/2583/5084 2646/2646/5084 2647/2647/5084
f 2583/2583/5085 2647/2647/5085 2584/2584/5085
f 2584/2584/5086 2647/2647/5086 2648/2648/5086
f 2584/2584/5087 2648/2648/5087 2585/2585/5087
f 2585/2585/5088 2648/2648/5088 2649/2649/5088
f 2585/2585/5089 2649/2649/5089 2586/2586/5089
f 2586/2586/5090 2649/2649/5090 2650/2650/5090
f 2586/2586/5091 2650/2650/5091 2587/2587/5091
f 2587/2587/5092 2650/2650/5092 2651/2651/5092
f 2587/2587/5093 2651/2651/5093 2588/2588/5093
f 2588/2588/5094 2651/2651/5094 2652/2652/5094
f 2588/2588/5095 2652/2652/5095 2589/2589/5095
f 2589/2589/5096 2652/2652/5096 2653/2653/5096
f 2589/2589/5097 2653/2653/5097 2590/2590/5097
f 2590/2590/5098 2653/2653/5098 2654/2654/5098
f 2590/2590/5099 2654/2654/5099 2591/2591/5099
f 2591/2591/5100 2654/2654/5100 2655/2655/5100
f 2591/2591/5101 2655/2655/5101 2592/2592/5101
f 2592/2592/5102 2655/2655/5102 2656/2656/5102
f 2592/2592/5103 2656/2656/5103 2593/2593/5103
f 2593/2593/5104 2656/2656/5104 2657/2657/5104
f 2593/2593/5105 2657/2657/5105 2594/2594/5105
f 2594/2594/5106 2657/2657/5106 2658/2658/5106
f 2594/2594/5107 2658/2658/5107 2595/2595/5107
f 2595/2595/5108 2658/2658/5108 2659/2659/5108
f 2595/2595/5109 2659/2659/5109 2596/2596/5109
f 2596/2596/5110 2659/2659/5110 2660/2660/5110
f 2596/2596/5111 2660/2660/5111 2597/2597/5111
f 2597/2597/5112 2660/2660/5112 2661/2661/5112
f 2597/2597/5113 2661/2661/5113 2598/2598/5113
f 2598/2598/5114 2661/2661/5114 2662/2662/5114
f 2598/2598/5115 2662/2662/5115 2599/2599/5115
f 2599/2599/5116 2662/2662/5116 2663/2663/5116
f 2599/2599/5117 2663/2663/5117 2600/2600/5117
f 2600/2600/5118 2663/2663/5118 2664/2664/5118
f 2600/2600/5119 2664/2664/5119 2601/2601/5119
f 2601/2601/5120 2664/2664/5120 2665/2665/5120
f 2601/2601/5121 2665/2665/5121 2602/2602/5121
f 2602/2602/5122 2665/2665/5122 2666/2666/5122
f 2602/2602/5123 2666/2666/5123 2603/2603/5123
f 2603/2603/5124 2666/2666/5124 2667/2667/5124
f 2603/2603/5125 2667/2667/5125 2604/2604/5125
f 2604/2604/5126 2667/2667/5126 2668/2668/5126
f 2604/2604/5127 2668/2668/5127 2605/2605/5127
f 2605/2605/5128 2668/2668/5128 2669/2669/5128
f 2605/2605/5129 2669/2669/5129 2606/2606/5129
f 2606/2606/5130 2669/2669/5130 2670/2670/5130
f 2606/2606/5131 2670/2670/5131 2607/2607/5131
f 2607/2607/5132 2670/2670/5132 2671/2671/5132
f 2607/2607/5133 2671/2671/5133 2608/2608/5133
f 2608/2608/5134 2671/2671/5134 2672/2672/5134
f 2608/2608/5135 2672/2672/5135 2609/2609/5135
f 2609/2609/5136 2672/2672/5136 2673/2673/5136
f 2609/2609/5137 2673/2673/5137 2610/2610/5137
f 2610/2610/5138 2673/2673/5138 2674/2674/5138
f 2610/2610/5139 2674/2674/5139 2611/2611/5139
f 2611/2611/5140 2674/2674/5140 2675/2675/5140
f 2611/2611/5141 2675/2675/5141 2612/2612/5141
f 2612/2612/5142 2675/2675/5142 2676/2676/5142
f 2612/2612/5143 2676/2676/5143 2613/2613/5143
f 2613/2613/5144 2676/2676/5144 2677/2677/5144
f 2613/2613/5145 2677/2677/5145 2614/2614/5145
f 2614/2614/5146 2677/2677/5146 2678/2678/5146
f 2614/2614/5147 2678/2678/5147 2615/2615/5147
f 2615/2615/5148 2678/2678/5148 2679/2679/5148
f 2615/2615/5149 2679/2679/5149 2616/2616/5149
f 2616/2616/5150 2679/2679/5150 2680/2680/5150
f 2616/2616/5151 2680/2680/5151 2617/2617/5151
f 2617/2617/5152 2680/2680/5152 2681/2681/5152
f 2617/2617/5153 2681/2681/5153 2618/2618/5153
f 2618/2618/5154 2681/2681/5154 2682/2682/5154
f 2618/2618/5155 2682/2682/5155 2619/2619/5155
f 2619/2619/5156 2682/2682/5156 2683/2683/5156
f 2619/2619/5157 2683/2683/5157 2620/2620/5157
f 2620/2620/5158 2683/2683/5158 2684/2684/5158
f 2620/2620/5159 2684/2684/5159 2621/2621/5159
f 2621/2621/5160 2684/2684/5160 2685/2685/5160
f 2621/2621/5161 2685/2685/5161 2622/2622/5161
f 2622/2622/5162 2685/2685/5162 2686/2686/5162
f 2622/2622/5163 2686/2686/5163 2623/2623/5163
f 2623/2623/5164 2686/2686/5164 2687/2687/5164
f 2623/2623/5165 2687/2687/5165 2624/2624/5165
f 2624/2624/5166 2687/2687/5166 2688/2688/5166
f 2625/2625/5167 2689/2689/5167 2626/2626/5167
f 2626/2626/5168 2689/2689/5168 2690/2690/5168
f 2626/2626/5169 2690/2690/5169 2627/2627/5169
f 2627/2627/5170 2690/2690/5170 2691/2691/5170
f 2627/2627/5171 2691/2691/5171 2628/2628/5171
f 2628/2628/5172 2691/2691/5172 2692/2692/5172
f 2628/2628/5173 2692/2692/5173 2629/2629/5173
f 2629/2629/5174 2692/2692/5174 2693/2693/5174
f 2629/2629/5175 2693/2693/5175 2630/2630/5175
f 2630/2630/5176 2693/2693/5176 2694/2694/5176
f 2630/2630/5177 2694/2694/5177 2631/2631/5177
f 2631/2631/5178 2694/2694/5178 2695/2695/5178
f 2631/2631/5179 2695/2695/5179 2632/2632/5179
f 2632/2632/5180 2695/2695/5180 2696/2696/5180
f 2632/2632/5181 2696/2696/5181 2633/2633/5181
f 2633/2633/5182 2696/2696/5182 2697/2697/5182
f 2633/2633/5183 2697/2697/5183 2634/2634/5183
f 2634/2634/5184 2697/2697/5184 2698/2698/5184
f 2634/2634/5185 2698/2698/5185 2635/2635/5185
f 2635/2635/5186 2698/2698/5186 2699/2699/5186
f 2635/2635/5187 2699/2699/5187 2636/2636/5187
f 2636/2636/5188 2699/2699/5188 2700/2700/5188
f 2636/2636/5189 2700/2700/5189 2637/2637/5189
f 2637/2637/5190 2700/2700/5190 2701/2701/5190
f 2637/2637/5191 2701/2701/5191 2638/2638/5191
f 2638/2638/5192 2701/2701/5192 2702/2702/5192
f 2638/2638/5193 2702/2702/5193 2639/2639/5193
f 2639/2639/5194 2702/2702/5194 2703/2703/5194
f 2639/2639/5195 2703/2703/5195 2640/2640/5195
f 2640/2640/5196 2703/2703/5196 2704/2704/5196
f 2640/2640/5197 2704/2704/5197 2641/2641/5197
f 2641/2641/5198 2704/2704/5198 2705/2705/5198
f 2641/2641/5199 2705/2705/5199 2642/2642/5199
f 2642/2642/5200 2705/2705/5200 2706/2706/5200
f 2642/2642/5201 2706/2706/5201 2643/2643/5201
f 2643/2643/5202 2706/2706/5202 2707/2707/5202
f 2643/2643/5203 2707/2707/5203 2644/2644/5203
f 2644/2644/5204 2707/2707/5204 2708/2708/5204
f 2644/2644/5205 2708/2708/5205 2645/2645/5205
f 2645/2645/5206 2708/2708/5206 2709/2709/5206
f 2645/2645/5207 2709/2709/5207 2646/2646/5207
f 2646/2646/5208 2709/2709/5208 2710/2710/5208
f 2646/2646/5209 2710/2710/5209 2647/2647/5209
f 2647/2647/5210 2710/2710/5210 2711/2711/5210
f 2647/2647/5211 2711/2711/5211 2648/2648/5211
f 2648/2648/5212 2711/2711/5212 2712/2712/5212
f 2648/2648/5213 2712/2712/5213 2649/2649/5213
f 2649/2649/5214 2712/2712/5214 2713/2713/5214
f 2649/2649/5215 2713/2713/5215 2650/2650/5215
f 2650/2650/5216 2713/2713/5216 2714/2714/5216
f 2650/2650/5217 2714/2714/5217 2651/2651/5217
f 2651/2651/5218 2714/2714/5218 2715/2715/5218
f 2651/2651/5219 2715/2715/5219 2652/2652/5219
f 2652/2652/5220 2715/2715/5220 2716/2716/5220
f 2652/2652/5221 2716/2716/5221 2653/2653/5221
f 2653/2653/5222 2716/2716/5222 2717/2717/5222
f 2653/2653/5223 2717/2717/5223 2654/2654/5223
f 2654/2654/5224 2717/2717/5224 2718/2718/5224
f 2654/2654/5225 2718/2718/5225 2655/2655/5225
f 2655/2655/5226 2718/2718/5226 2719/2719/5226
f 2655/2655/5227 2719/2719/5227 2656/2656/5227
f 2656/2656/5228 2719/2719/5228 2720/2720/5228
f 2656/2656/5229 2720/2720/5229 2657/2657/5229
f 2657/2657/5230 2720/2720/5230 2721/2721/5230
f 2657/2657/5231 2721/2721/5231 2658/2658/5231
f 2658/2658/5232 2721/2721/5232 2722/2722/5232
f 2658/2658/5233 2722/2722/5233 2659/2659/5233
f 2659/2659/5234 2722/2722/5234 2723/2723/5234
f 2659/2659/5235 2723/2723/5235 2660/2660/5235
f 2660/2660/5236 2723/2723/5236 2724/2724/5236
f 2660/2660/5237 2724/2724/5237 2661/2661/5237
f 2661/2661/5238 2724/2724/5238 2725/2725/5238
f 2661/2661/5239 2725/2725/5239 2662/2662/5239
f 2662/2662/5240 2725/2725/5240 2726/2726/5240
f 2662/2662/5241 2726/2726/5241 2663/2663/5241
f 2663/2663/5242 2726/2726/5242 2727/2727/5242
f 2663/2663/5243 2727/2727/5243 2664/2664/5243
f 2664/2664/5244 2727/2727/5244 2728/2728/5244
f 2664/2664/5245 2728/2728/5245 2665/2665/5245
f 2665/2665/5246 2728/2728/5246 2729/2729/5246
f 2665/2665/5247 2729/2729/5247 2666/2666/5247
f 2666/2666/5248 2729/2729/5248 2730/2730/5248
f 2666/2666/5249 2730/2730/5249 2667/2667/5249
f 2667/2667/5250 2730/2730/5250 2731/2731/5250
f 2667/2667/5251 2731/2731/5251 2668/2668/5251
f 2668/2668/5252 2731/2731/5252 2732/2732/5252
f 2668/2668/5253 2732/2732/5253 2669/2669/5253
f 2669/2669/5254 2732/2732/5254 2733/2733/5254
f 2669/2669/5255 2733/2733/5255 2670/2670/5255
f 2670/2670/5256 2733/2733/5256 2734/2734/5256
f 2670/2670/5257 2734/2734/5257 2671/2671/5257
f 2671/2671/5258 2734/2734/5258 2735/2735/5258
f 2671/2671/5259 2735/2735/5259 2672/2672/5259
f 2672/2672/5260 2735/2735/5260 2736/2736/5260
f 2672/2672/5261 2736/2736/5261 2673/2673/5261
f 2673/2673/5262 2736/2736/5262 2737/2737/5262
f 2673/2673/5263 2737/2737/5263 2674/2674/5263
f 2674/2674/5264 2737/2737/5264 2738/2738/5264
f 2674/2674/5265 2738/2738/5265 2675/2675/5265
f 2675/2675/5266 2738/2738/5266 2739/2739/5266
f 2675/2675/5267 2739/2739/5267 2676/2676/5267
f 2676/2676/5268 2739/2739/5268 2740/2740/5268
f 2676/2676/5269 2740/2740/5269 2677/2677/5269
f 2677/2677/5270 2740/2740/5270 2741/2741/5270
f 2677/2677/5271 2741/2741/5271 2678/2678/5271
f 2678/2678/5272 2741/2741/5272 2742/2742/5272
f 2678/2678/5273 2742/2742/5273 2679/2679/5273
f 2679/2679/5274 2742/2742/5274 2743/2743/5274
f 2679/2679/5275 2743/2743/5275 2680/2680/5275
f 2680/2680/5276 2743/2743/5276 2744/2744/5276
f 2680/2680/5277 2744/2744/5277 2681/2681/5277
f 2681/2681/5278 2744/2744/5278 2745/2745/5278
f 2681/2681/5279 2745/2745/5279 2682/2682/5279
f 2682/2682/5280 2745/2745/5280 2746/2746/5280
f 2682/2682/5281 2746/2746/5281 2683/2683/5281
f 2683/2683/5282 2746/2746/5282 2747/2747/5282
f 2683/2683/5283 2747/2747/5283 2684/2684/5283
f 2684/2684/5284 2747/2747/5284 2748/2748/5284
f 2684/2684/5285 2748/2748/5285 2685/2685/5285
f 2685/2685/5286 2748/2748/5286 2749/2749/5286
f 2685/2685/5287 2749/2749/5287 2686/2686/5287
f 2686/2686/5288 2749/2749/5288 2750/2750/5288
f 2686/2686/5289 2750/2750/5289 2687/2687/5289
f 2687/2687/5290 2750/2750/5290 2751/2751/5290
f 2687/2687/5291 2751/2751/5291 2688/2688/5291
f 2688/2688/5292 2751/2751/5292 2752/2752/5292
f 2689/2689/5293 2753/2753/5293 2690/2690/5293
f 2690/2690/5294 2753/2753/5294 2754/2754/5294
f 2690/2690/5295 2754/2754/5295 2691/2691/5295
f 2691/2691/5296 2754/2754/5296 2755/2755/5296
f 2691/2691/5297 2755/2755/5297 2692/2692/5297
f 2692/2692/5298 2755/2755/5298 2756/2756/5298
f 2692/2692/5299 2756/2756/5299 2693/2693/5299
f 2693/2693/5300 2756/2756/5300 2757/2757/5300
f 2693/2693/5301 2757/2757/5301 2694/2694/5301
f 2694/2694/5302 2757/2757/5302 2758/2758/5302
f 2694/2694/5303 2758/2758/5303 2695/2695/5303
f 2695/2695/5304 2758/2758/5304 2759/2759/5304
f 2695/2695/5305 2759/2759/5305 2696/2696/5305
f 2696/2696/5306 2759/2759/5306 2760/2760/5306
f 2696/2696/5307 2760/2760/5307 2697/2697/5307
f 2697/2697/5308 2760/2760/5308 2761/2761/5308
f 2697/2697/5309 2761/2761/5309 2698/2698/5309
f 2698/2698/5310 2761/2761/5310 2762/2762/5310
f 2698/2698/5311 2762/2762/5311 2699/2699/5311
f 2699/2699/5312 2762/2762/5312 2763/2763/5312
f 2699/2699/5313 2763/2763/5313 2700/2700/5313
f 2700/2700/5314 2763/2763/5314 2764/2764/5314
f 2700/2700/5315 2764/2764/5315 2701/2701/5315
f 2701/2701/5316 2764/2764/5316 2765/2765/5316
f 2701/2701/5317 2765/2765/5317 2702/2702/5317
f 2702/2702/5318 2765/2765/5318 2766/2766/5318
f 2702/2702/5319 2766/2766/5319 2703/2703/5319
f 2703/2703/5320 2766/2766/5320 2767/2767/5320
f 2703/2703/5321 2767/2767/5321 2704/2704/5321
f 2704/2704/5322 2767/2767/5322 2768/2768/5322
f 2704/2704/5323 2768/2768/5323 2705/2705/5323
f 2705/2705/5324 2768/2768/5324 2769/2769/5324
f 2705/2705/5325 2769/2769/5325 2706/2706/5325
f 2706/2706/5326 2769/2769/5326 2770/2770/5326
f 2706/2706/5327 2770/2770/5327 2707/2707/5327
f 2707/2707/5328 2770/2770/5328 2771/2771/5328
f 2707/2707/5329 2771/2771/5329 2708/2708/5329
f 2708/2708/5330 2771/2771/5330 2772/2772/5330
f 2708/2708/5331 2772/2772/5331 2709/2709/5331
f 2709/2709/5332 2772/2772/5332 2773/2773/5332
f 2709/2709/5333 2773/2773/5333 2710/2710/5333
f 2710/2710/5334 2773/2773/5334 2774/2774/5334
f 2710/2710/5335 2774/2774/5335 2711/2711/5335
f 2711/2711/5336 2774/2774/5336 2775/2775/5336
f 2711/2711/5337 2775/2775/5337 2712/2712/5337
f 2712/2712/5338 2775/2775/5338 2776/2776/5338
f 2712/2712/5339 2776/2776/5339 2713/2713/5339
f 2713/2713/5340 2776/2776/5340 2777/2777/5340
f 2713/2713/5341 2777/2777/5341 2714/2714/5341
f 2714/2714/5342 2777/2777/5342 2778/2778/5342
f 2714/2714/5343 2778/2778/5343 2715/2715/5343
f 2715/2715/5344 2778/2778/5344 2779/2779/5344
f 2715/2715/5345 2779/2779/5345 2716/2716/5345
f 2716/2716/5346 2779/2779/5346 2780/2780/5346
f 2716/2716/5347 2780/2780/5347 2717/2717/5347
f 2717/2717/5348 2780/2780/5348 2781/2781/5348
f 2717/2717/5349 2781/2781/5349 2718/2718/5349
f 2718/2718/5350 2781/2781/5350 2782/2782/5350
f 2718/2718/5351 2782/2782/5351 2719/2719/5351
f 2719/2719/5352 2782/2782/5352 2783/2783/5352
f 2719/2719/5353 2783/2783/5353 2720/2720/5353
f 2720/2720/5354 2783/2783/5354 2784/2784/5354
f 2720/2720/5355 2784/2784/5355 2721/2721/5355
f 2721/2721/5356 2784/2784/5356 2785/2785/5356
f 2721/2721/5357 2785/2785/5357 2722/2722/5357
f 2722/2722/5358 2785/2785/5358 2786/2786/5358
f 2722/2722/5359 2786/2786/5359 2723/2723/5359
f 2723/2723/5360 2786/2786/5360 2787/2787/5360
f 2723/2723/5361 2787/2787/5361 2724/2724/5361
f 2724/2724/5362 2787/2787/5362 2788/2788/5362
f 2724/2724/5363 2788/2788/5363 2725/2725/5363
f 2725/2725/5364 2788/2788/5364 2789/2789/5364
f 2725/2725/5365 2789/2789/5365 2726/2726/5365
f 2726/2726/5366 2789/2789/5366 2790/2790/5366
f 2726/2726/5367 2790/2790/5367 2727/2727/5367
f 2727/2727/5368 2790/2790/5368 2791/2791/5368
f 2727/2727/5369 2791/2791/5369 2728/2728/5369
f 2728/2728/5370 2791/2791/5370 2792/2792/5370
f 2728/2728/5371 2792/2792/5371 2729/2729/5371
f 2729/2729/5372 2792/2792/5372 2793/2793/5372
f 2729/2729/5373 2793/2793/5373 2730/2730/5373
f 2730/2730/5374 2793/2793/5374 2794/2794/5374
f 2730/2730/5375 2794/2794/5375 2731/2731/5375
f 2731/2731/5376 2794/2794/5376 2795/2795/5376
f 2731/2731/5377 2795/2795/5377 2732/2732/5377
f 2732/2732/5378 2795/2795/5378 2796/2796/5378
f 2732/2732/5379 2796/2796/5379 2733/2733/5379
f 2733/2733/5380 2796/2796/5380 2797/2797/5380
f 2733/2733/5381 2797/2797/5381 2734/2734/5381
f 2734/2734/5382 2797/2797/5382 2798/2798/5382
f 2734/2734/5383 2798/2798/5383 2735/2735/5383
f 2735/2735/5384 2798/2798/5384 2799/2799/5384
f 2735/2735/5385 2799/2799/5385 2736/2736/5385
f 2736/2736/5386 2799/2799/5386 2800/2800/5386
f 2736/2736/5387 2800/2800/5387 2737/2737/5387
f 2737/2737/5388 2800/2800/5388 2801/2801/5388
f 2737/2737/5389 2801/2801/5389 2738/2738/5389
f 2738/2738/5390 2801/2801/5390 2802/2802/5390
f 2738/2738/5391 2802/2802/5391 2739/2739/5391
f 2739/2739/5392 2802/2802/5392 2803/2803/5392
f 2739/2739/5393 2803/2803/5393 2740/2740/5393
f 2740/2740/5394 2803/2803/5394 2804/2804/5394
f 2740/2740/5395 2804/2804/5395 2741/2741/5395
f 2741/2741/5396 2804/2804/5396 2805/2805/5396
f 2741/2741/5397 2805/2805/5397 2742/2742/5397
f 2742/2742/5398 2805/2805/5398 2806/2806/5398
f 2742/2742/5399 2806/2806/5399 2743/2743/5399
f 2743/2743/5400 2806/2806/5400 2807/2807/5400
f 2743/2743/5401 2807/2807/5401 2744/2744/5401
f 2744/2744/5402 2807/2807/5402 2808/2808/5402
f 2744/2744/5403 2808/2808/5403 2745/2745/5403
f 2745/2745/5404 2808/2808/5404 2809/2809/5404
f 2745/2745/5405 2809/2809/5405 2746/2746/5405
f 2746/2746/5406 2809/2809/5406 2810/2810/5406
f 2746/2746/5407 2810/2810/5407 2747/2747/5407
f 2747/2747/5408 2810/2810/5408 2811/2811/5408
f 2747/2747/5409 2811/2811/5409 2748/2748/5409
f 2748/2748/5410 2811/2811/5410 2812/2812/5410
f 2748/2748/5411 2812/2812/5411 2749/2749/5411
f 2749/2749/5412 2812/2812/5412 2813/2813/5412
f 2749/2749/5413 2813/2813/5413 2750/2750/5413
f 2750/2750/5414 2813/2813/5414 2814/2814/5414
f 2750/2750/5415 2814/2814/5415 2751/2751/5415
f 2751/2751/5416 2814/2814/5416 2815/2815/5416
f 2751/2751/5417 2815/2815/5417 2752/2752/5417
f 2752/2752/5418 2815/2815/5418 2816/2816/5418
f 2753/2753/5419 2817/2817/5419 2754/2754/5419
f 2754/2754/5420 2817/2817/5420 2818/2818/5420
f 2754/2754/5421 2818/2818/5421 2755/2755/5421
f 2755/2755/5422 2818/2818/5422 2819/2819/5422
f 2755/2755/5423 2819/2819/5423 2756/2756/5423
f 2756/2756/5424 2819/2819/5424 2820/2820/5424
f 2756/2756/5425 2820/2820/5425 2757/2757/5425
f 2757/2757/5426 2820/2820/5426 2821/2821/5426
f 2757/2757/5427 2821/2821/5427 2758/2758/5427
f 2758/2758/5428 2821/2821/5428 2822/2822/5428
f 2758/2758/5429 2822/2822/5429 2759/2759/5429
f 2759/2759/5430 2822/2822/5430 2823/2823/5430
f 2759/2759/5431 2823/2823/5431 2760/2760/5431
f 2760/2760/5432 2823/2823/5432 2824/2824/5432
f 2760/2760/5433 2824/2824/5433 2761/2761/5433
f 2761/2761/5434 2824/2824/5434 2825/2825/5434
f 2761/2761/5435 2825/2825/5435 2762/2762/5435
f 2762/2762/5436 2825/2825/5436 2826/2826/5436
f 2762/2762/5437 2826/2826/5437 2763/2763/5437
f 2763/2763/5438 2826/2826/5438 2827/2827/5438
f 2763/2763/5439 2827/2827/5439 2764/2764/5439
f 2764/2764/5440 2827/2827/5440 2828/2828/5440
f 2764/2764/5441 2828/2828/5441 2765/2765/5441
f 2765/2765/5442 2828/2828/5442 2829/2829/5442
f 2765/2765/5443 2829/2829/5443 2766/2766/5443
f 2766/2766/5444 2829/2829/5444 2830/2830/5444
f 2766/2766/5445 2830/2830/5445 2767/2767/5445
f 2767/2767/5446 2830/2830/5446 2831/2831/5446
f 2767/2767/5447 2831/2831/5447 2768/2768/5447
f 2768/2768/5448 2831/2831/5448 2832/2832/5448
f 2768/2768/5449 2832/2832/5449 2769/2769/5449
f 2769/2769/5450 2832/2832/5450 2833/2833/5450
f 2769/2769/5451 2833/2833/5451 2770/2770/5451
f 2770/2770/5452 2833/2833/5452 2834/2834/5452
f 2770/2770/5453 2834/2834/5453 2771/2771/5453
f 2771/2771/5454 2834/2834/5454 2835/2835/5454
f 2771/2771/5455 2835/2835/5455 2772/2772/5455
f 2772/2772/5456 2835/2835/5456 2836/2836/5456
f 2772/2772/5457 2836/2836/5457 2773/2773/5457
f 2773/2773/5458 2836/2836/5458 2837/2837/5458
f 2773/2773/5459 2837/2837/5459 2774/2774/5459
f 2774/2774/5460 2837/2837/5460 2838/2838/5460
f 2774/2774/5461 2838/2838/5461 2775/2775/5461
f 2775/2775/5462 2838/2838/5462 2839/2839/5462
f 2775/2775/5463 2839/2839/5463 2776/2776/5463
f 2776/2776/5464 2839/2839/5464 2840/2840/5464
f 2776/2776/5465 2840/2840/5465 2777/2777/5465
f 2777/2777/5466 2840/2840/5466 2841/2841/5466
f 2777/2777/5467 2841/2841/5467 2778/2778/5467
f 2778/2778/5468 2841/2841/5468 2842/2842/5468
f 2778/2778/5469 2842/2842/5469 2779/2779/5469
f 2779/2779/5470 2842/2842/5470 2843/2843/5470
f 2779/2779/5471 2843/2843/5471 2780/2780/5471
f 2780/2780/5472 2843/2843/5472 2844/2844/5472
f 2780/2780/5473 2844/2844/5473 2781/2781/5473
f 2781/2781/5474 2844/2844/5474 2845/2845/5474
f 2781/2781/5475 2845/2845/5475 2782/2782/5475
f 2782/2782/5476 2845/2845/5476 2846/2846/5476
f 2782/2782/5477 2846/2846/5477 2783/2783/5477
f 2783/2783/5478 2846/2846/5478 2847/2847/5478
f 2783/2783/5479 2847/2847/5479 2784/2784/5479
f 2784/2784/5480 2847/2847/5480 2848/2848/5480
f 2784/2784/5481 2848/2848/5481 2785/2785/5481
f 2785/2785/5482 2848/2848/5482 2849/2849/5482
f 2785/2785/5483 2849/2849/5483 2786/2786/5483
f 2786/2786/5484 2849/2849/5484 2850/2850/5484
f 2786/2786/5485 2850/2850/5485 2787/2787/5485
f 2787/2787/5486 2850/2850/5486 2851/2851/5486
f 2787/2787/5487 2851/2851/5487 2788/2788/5487
f 2788/2788/5488 2851/2851/5488 2852/2852/5488
f 2788/2788/5489 2852/2852/5489 2789/2789/5489
f 2789/2789/5490 2852/2852/5490 2853/2853/5490
f 2789/2789/5491 2853/2853/5491 2790/2790/5491
f 2790/2790/5492 2853/2853/5492 2854/2854/5492
f 2790/2790/5493 2854/2854/5493 2791/2791/5493
f 2791/2791/5494 2854/2854/5494 2855/2855/5494
f 2791/2791/5495 2855/2855/5495 2792/2792/5495
f 2792/2792/5496 2855/2855/5496 2856/2856/5496
f 2792/2792/5497 2856/2856/5497 2793/2793/5497
f 2793/2793/5498 2856/2856/5498 2857/2857/5498
f 2793/2793/5499 2857/2857/5499 2794/2794/5499
f 2794/2794/5500 2857/2857/5500 2858/2858/5500
f 2794/2794/5501 2858/2858/5501 2795/2795/5501
f 2795/2795/5502 2858/2858/5502 2859/2859/5502
f 2795/2795/5503 2859/2859/5503 2796/2796/5503
f 2796/2796/5504 2859/2859/5504 2860/2860/5504
f 2796/2796/5505 2860/2860/5505 2797/2797/5505
f 2797/2797/5506 2860/2860/5506 2861/2861/5506
f 2797/2797/5507 2861/2861/5507 2798/2798/5507
f 2798/2798/5508 2861/2861/5508 2862/2862/5508
f 2798/2798/5509 2862/2862/5509 2799/2799/5509
f 2799/2799/5510 2862/2862/5510 2863/2863/5510
f 2799/2799/5511 2863/2863/5511 2800/2800/5511
f 2800/2800/5512 2863/2863/5512 2864/2864/5512
f 2800/2800/5513 2864/2864/5513 2801/2801/5513
f 2801/2801/5514 2864/2864/5514 2865/2865/5514
f 2801/2801/5515 2865/2865/5515 2802/2802/5515
f 2802/2802/5516 2865/2865/5516 2866/2866/5516
f 2802/2802/5517 2866/2866/5517 2803/2803/5517
f 2803/2803/5518 2866/2866/5518 2867/2867/5518
f 2803/2803/5519 2867/2867/5519 2804/2804/5519
f 2804/2804/5520 2867/2867/5520 2868/2868/5520
f 2804/2804/5521 2868/2868/5521 2805/2805/5521
f 2805/2805/5522 2868/2868/5522 2869/2869/5522
f 2805/2805/5523 2869/2869/5523 2806/2806/5523
f 2806/2806/5524 2869/2869/5524 2870/2870/5524
f 2806/2806/5525 2870/2870/5525 2807/2807/5525
f 2807/2807/5526 2870/2870/5526 2871/2871/5526
f 2807/2807/5527 2871/2871/5527 2808/2808/5527
f 2808/2808/5528 2871/2871/5528 2872/2872/5528
f 2808/2808/5529 2872/2872/5529 2809/2809/5529
f 2809/2809/5530 2872/2872/5530 2873/2873/5530
f 2809/2809/5531 2873/2873/5531 2810/2810/5531
f 2810/2810/5532 2873/2873/5532 2874/2874/5532
f 2810/2810/5533 2874/2874/5533 2811/2811/5533
f 2811/2811/5534 2874/2874/5534 2875/2875/5534
f 2811/2811/5535 2875/2875/5535 2812/2812/5535
f 2812/2812/5536 2875/2875/5536 2876/2876/5536
f 2812/2812/5537 2876/2876/5537 2813/2813/5537
f 2813/2813/5538 2876/2876/5538 2877/2877/5538
f 2813/2813/5539 2877/2877/5539 2814/2814/5539
f 2814/2814/5540 2877/2877/5540 2878/2878/5540
f 2814/2814/5541 2878/2878/5541 2815/2815/5541
f 2815/2815/5542 2878/2878/5542 2879/2879/5542
f 2815/2815/5543 2879/2879/5543 2816/2816/5543
f 2816/2816/5544 2879/2879/5544 2880/2880/5544
f 2817/2817/5545 2881/2881/5545 2818/2818/5545
f 2818/2818/5546 2881/2881/5546 2882/2882/5546
f 2818/2818/5547 2882/2882/5547 2819/2819/5547
f 2819/2819/5548 2882/2882/5548 2883/2883/5548
f 2819/2819/5549 2883/2883/5549 2820/2820/5549
f 2820/2820/5550 2883/2883/5550 2884/2884/5550
f 2820/2820/5551 2884/2884/5551 2821/2821/5551
f 2821/2821/5552 2884/2884/5552 2885/2885/5552
f 2821/2821/5553 2885/2885/5553 2822/2822/5553
f 2822/2822/5554 2885/2885/5554 2886/2886/5554
f 2822/2822/5555 2886/2886/5555 2823/2823/5555
f 2823/2823/5556 2886/2886/5556 2887/2887/5556
f 2823/2823/5557 2887/2887/5557 2824/2824/5557
f 2824/2824/5558 2887/2887/5558 2888/2888/5558
f 2824/2824/5559 2888/2888/5559 2825/2825/5559
f 2825/2825/5560 2888/2888/5560 2889/2889/5560
f 2825/2825/5561 2889/2889/5561 2826/2826/5561
f 2826/2826/5562 2889/2889/5562 2890/2890/5562
f 2826/2826/5563 2890/2890/5563 2827/2827/5563
f 2827/2827/5564 2890/2890/5564 2891/2891/5564
f 2827/2827/5565 2891/2891/5565 2828/2828/5565
f 2828/2828/5566 2891/2891/5566 2892/2892/5566
f 2828/2828/5567 2892/2892/5567 2829/2829/5567
f 2829/2829/5568 2892/2892/5568 2893/2893/5568
f 2829/2829/5569 2893/2893/5569 2830/2830/5569
f 2830/2830/5570 2893/2893/5570 2894/2894/5570
f 2830/2830/5571 2894/2894/5571 2831/2831/5571
f 2831/2831/5572 2894/2894/5572 2895/2895/5572
f 2831/2831/5573 2895/2895/5573 2832/2832/5573
f 2832/2832/5574 2895/2895/5574 2896/2896/5574
f 2832/2832/5575 2896/2896/5575 2833/2833/5575
f 2833/2833/5576 2896/2896/5576 2897/2897/5576
f 2833/2833/5577 2897/2897/5577 2834/2834/5577
f 2834/2834/5578 2897/2897/5578 2898/2898/5578
f 2834/2834/5579 2898/2898/5579 2835/2835/5579
f 2835/2835/5580 2898/2898/5580 2899/2899/5580
f 2835/2835/5581 2899/2899/5581 2836/2836/5581
f 2836/2836/5582 2899/2899/5582 2900/2900/5582
f 2836/2836/5583 2900/2900/5583 2837/2837/5583
f 2837/2837/5584 2900/2900/5584 2901/2901/5584
f 2837/2837/5585 2901/2901/5585 2838/2838/5585
f 2838/2838/5586 2901/2901/5586 2902/2902/5586
f 2838/2838/5587 2902/2902/5587 2839/2839/5587
f 2839/2839/5588 2902/2902/5588 2903/2903/5588
f 2839/2839/5589 2903/2903/5589 2840/2840/5589
f 2840/2840/5590 2903/2903/5590 2904/2904/5590
f 2840/2840/5591 2904/2904/5591 2841/2841/5591
f 2841/2841/5592 2904/2904/5592 2905/2905/5592
f 2841/2841/5593 2905/2905/5593 2842/2842/5593
f 2842/2842/5594 2905/2905/5594 2906/2906/5594
f 2842/2842/5595 2906/2906/5595 2843/2843/5595
f 2843/2843/5596 2906/2906/5596 2907/2907/5596
f 2843/2843/5597 2907/2907/5597 2844/2844/5597
f 2844/2844/5598 2907/2907/5598 2908/2908/5598
f 2844/2844/5599 2908/2908/5599 2845/2845/5599
f 2845/2845/5600 2908/2908/5600 2909/2909/5600
f 2845/2845/5601 2909/2909/5601 2846/2846/5601
f 2846/2846/5602 2909/2909/5602 2910/2910/5602
f 2846/2846/5603 2910/2910/5603 2847/2847/5603
f 2847/2847/5604 2910/2910/5604 2911/2911/5604
f 2847/2847/5605 2911/2911/5605 2848/2848/5605
f 2848/2848/5606 2911/2911/5606 2912/2912/5606
f 2848/2848/5607 2912/2912/5607 2849/2849/5607
f 2849/2849/5608 2912/2912/5608 2913/2913/5608
f 2849/2849/5609 2913/2913/5609 2850/2850/5609
f 2850/2850/5610 2913/2913/5610 2914/2914/5610
f 2850/2850/5611 2914/2914/5611 2851/2851/5611
f 2851/2851/5612 2914/2914/5612 2915/2915/5612
f 2851/2851/5613 2915/2915/5613 2852/2852/5613
f 2852/2852/5614 2915/2915/5614 2916/2916/5614
f 2852/2852/5615 2916/2916/5615 2853/2853/5615
f 2853/2853/5616 2916/2916/5616 2917/2917/5616
f 2853/2853/5617 2917/2917/5617 2854/2854/5617
f 2854/2854/5618 2917/2917/5618 2918/2918/5618
f 2854/2854/5619 2918/2918/5619 2855/2855/5619
f 2855/2855/5620 2918/2918/5620 2919/2919/5620
f 2855/2855/5621 2919/2919/5621 2856/2856/5621
f 2856/2856/5622 2919/2919/5622 2920/2920/5622
f 2856/2856/5623 2920/2920/5623 2857/2857/5623
f 2857/2857/5624 2920/2920/5624 2921/2921/5624
f 2857/2857/5625 2921/2921/5625 2858/2858/5625
f 2858/2858/5626 2921/2921/5626 2922/2922/5626
f 2858/2858/5627 2922/2922/5627 2859/2859/5627
f 2859/2859/5628 2922/2922/5628 2923/2923/5628
f 2859/2859/5629 2923/2923/5629 2860/2860/5629
f 2860/2860/5630 2923/2923/5630 2924/2924/5630
f 2860/2860/5631 2924/2924/5631 2861/2861/5631
f 2861/2861/5632 2924/2924/5632 2925/2925/5632
f 2861/2861/5633 2925/2925/5633 2862/2862/5633
f 2862/2862/5634 2925/2925/5634 2926/2926/5634
f 2862/2862/5635 2926/2926/5635 2863/2863/5635
f 2863/2863/5636 2926/2926/5636 2927/2927/5636
f 2863/2863/5637 2927/2927/5637 2864/2864/5637
f 2864/2864/5638 2927/2927/5638 2928/2928/5638
f 2864/2864/5639 2928/2928/5639 2865/2865/5639
f 2865/2865/5640 2928/2928/5640 2929/2929/5640
f 2865/2865/5641 2929/2929/5641 2866/2866/5641
f 2866/2866/5642 2929/2929/5642 2930/2930/5642
f 2866/2866/5643 2930/2930/5643 2867/2867/5643
f 2867/2867/5644 2930/2930/5644 2931/2931/5644
f 2867/2867/5645 2931/2931/5645 2868/2868/5645
f 2868/2868/5646 2931/2931/5646 2932/2932/5646
f 2868/2868/5647 2932/2932/5647 2869/2869/5647
f 2869/2869/5648 2932/2932/5648 2933/2933/5648
f 2869/2869/5649 2933/2933/5649 2870/2870/5649
f 2870/2870/5650 2933/2933/5650 2934/2934/5650
f 2870/2870/5651 2934/2934/5651 2871/2871/5651
f 2871/2871/5652 2934/2934/5652 2935/2935/5652
f 2871/2871/5653 2935/2935/5653 2872/2872/5653
f 2872/2872/5654 2935/2935/5654 2936/2936/5654
f 2872/2872/5655 2936/2936/5655 2873/2873/5655
f 2873/2873/5656 2936/2936/5656 2937/2937/5656
f 2873/2873/5657 2937/2937/5657 2874/2874/5657
f 2874/2874/5658 2937/2937/5658 2938/2938/5658
f 2874/2874/5659 2938/2938/5659 2875/2875/5659
f 2875/2875/5660 2938/2938/5660 2939/2939/5660
f 2875/2875/5661 2939/2939/5661 2876/2876/5661
f 2876/2876/5662 2939/2939/5662 2940/2940/5662
f 2876/2876/5663 2940/2940/5663 2877/2877/5663
f 2877/2877/5664 2940/2940/5664 2941/2941/5664
f 2877/2877/5665 2941/2941/5665 2878/2878/5665
f 2878/2878/5666 2941/2941/5666 2942/2942/5666
f 2878/2878/5667 2942/2942/5667 2879/2879/5667
f 2879/2879/5668 2942/2942/5668 2943/2943/5668
f 2879/2879/5669 2943/2943/5669 2880/2880/5669
f 2880/2880/5670 2943/2943/5670 2944/2944/5670
f 2881/2881/5671 2945/2945/5671 2882/2882/5671
f 2882/2882/5672 2945/2945/5672 2946/2946/5672
f 2882/2882/5673 2946/2946/5673 2883/2883/5673
f 2883/2883/5674 2946/2946/5674 2947/2947/5674
f 2883/2883/5675 2947/2947/5675 2884/2884/5675
f 2884/2884/5676 2947/2947/5676 2948/2948/5676
f 2884/2884/5677 2948/2948/5677 2885/2885/5677
f 2885/2885/5678 2948/2948/5678 2949/2949/5678
f 2885/2885/5679 2949/2949/5679 2886/2886/5679
f 2886/2886/5680 2949/2949/5680 2950/2950/5680
f 2886/2886/5681 2950/2950/5681 2887/2887/5681
f 2887/2887/5682 2950/2950/5682 2951/2951/5682
f 2887/2887/5683 2951/2951/5683 2888/2888/5683
f 2888/2888/5684 2951/2951/5684 2952/2952/5684
f 2888/2888/5685 2952/2952/5685 2889/2889/5685
f 2889/2889/5686 2952/2952/5686 2953/2953/5686
f 2889/2889/5687 2953/2953/5687 2890/2890/5687
f 2890/2890/5688 2953/2953/5688 2954/2954/5688
f 2890/2890/5689 2954/2954/5689 2891/2891/5689
f 2891/2891/5690 2954/2954/5690 2955/2955/5690
f 2891/2891/5691 2955/2955/5691 2892/2892/5691
f 2892/2892/5692 2955/2955/5692 2956/2956/5692
f 2892/2892/5693 2956/2956/5693 2893/2893/5693
f 2893/2893/5694 2956/2956/5694 2957/2957/5694
f 2893/2893/5695 2957/2957/5695 2894/2894/5695
f 2894/2894/5696 2957/2957/5696 2958/2958/5696
f 2894/2894/5697 2958/2958/5697 2895/2895/5697
f 2895/2895/5698 2958/2958/5698 2959/2959/5698
f 2895/2895/5699 2959/2959/5699 2896/2896/5699
f 2896/2896/5700 2959/2959/5700 2960/2960/5700
f 2896/2896/5701 2960/2960/5701 2897/2897/5701
f 2897/2897/5702 2960/2960/5702 2961/2961/5702
f 2897/2897/5703 2961/2961/5703 2898/2898/5703
f 2898/2898/5704 2961/2961/5704 2962/2962/5704
f 2898/2898/5705 2962/2962/5705 2899/2899/5705
f 2899/2899/5706 2962/2962/5706 2963/2963/5706
f 2899/2899/5707 2963/2963/5707 2900/2900/5707
f 2900/2900/5708 2963/2963/5708 2964/2964/5708
f 2900/2900/5709 2964/2964/5709 2901/2901/5709
f 2901/2901/5710 2964/2964/5710 2965/2965/5710
f 2901/2901/5711 2965/2965/5711 2902/2902/5711
f 2902/2902/5712 2965/2965/5712 2966/2966/5712
f 2902/2902/5713 2966/2966/5713 2903/2903/5713
f 2903/2903/5714 2966/2966/5714 2967/2967/5714
f 2903/2903/5715 2967/2967/5715 2904/2904/5715
f 2904/2904/5716 2967/2967/5716 2968/2968/5716
f 2904/2904/5717 2968/2968/5717 2905/2905/5717
f 2905/2905/5718 2968/2968/5718 2969/2969/5718
f 2905/2905/5719 2969/2969/5719 2906/2906/5719
f 2906/2906/5720 2969/2969/5720 2970/2970/5720
f 2906/2906/5721 2970/2970/5721 2907/2907/5721
f 2907/2907/5722 2970/2970/5722 2971/2971/5722
f 2907/2907/5723 2971/2971/5723 2908/2908/5723
f 2908/2908/5724 2971/2971/5724 2972/2972/5724
f 2908/2908/5725 2972/2972/5725 2909/2909/5725
f 2909/2909/5726 2972/2972/5726 2973/2973/5726
f 2909/2909/5727 2973/2973/5727 2910/2910/5727
f 2910/2910/5728 2973/2973/5728 2974/2974/5728
f 2910/2910/5729 2974/2974/5729 2911/2911/5729
f 2911/2911/5730 2974/2974/5730 2975/2975/5730
f 2911/2911/5731 2975/2975/5731 2912/2912/5731
f 2912/2912/5732 2975/2975/5732 2976/2976/5732
f 2912/2912/5733 2976/2976/5733 2913/2913/5733
f 2913/2913/5734 2976/2976/5734 2977/2977/5734
f 2913/2913/5735 2977/2977/5735 2914/2914/5735
f 2914/2914/5736 2977/2977/5736 2978/2978/5736
f 2914/2914/5737 2978/2978/5737 2915/2915/5737
f 2915/2915/5738 2978/2978/5738 2979/2979/5738
f 2915/2915/5739 2979/2979/5739 2916/2916/5739
f 2916/2916/5740 2979/2979/5740 2980/2980/5740
f 2916/2916/5741 2980/2980/5741 2917/2917/5741
f 2917/2917/5742 2980/2980/5742 2981/2981/5742
f 2917/2917/5743 2981/2981/5743 2918/2918/5743
f 2918/2918/5744 2981/2981/5744 2982/2982/5744
f 2918/2918/5745 2982/2982/5745 2919/2919/5745
f 2919/2919/5746 2982/2982/5746 2983/2983/5746
f 2919/2919/5747 2983/2983/5747 2920/2920/5747
f 2920/2920/5748 2983/2983/5748 2984/2984/5748
f 2920/2920/5749 2984/2984/5749 2921/2921/5749
f 2921/2921/5750 2984/2984/5750 2985/2985/5750
f 2921/2921/5751 2985/2985/5751 2922/2922/5751
f 2922/2922/5752 2985/2985/5752 2986/2986/5752
f 2922/2922/5753 2986/2986/5753 2923/2923/5753
f 2923/2923/5754 2986/2986/5754 2987/2987/5754
f 2923/2923/5755 2987/2987/5755 2924/2924/5755
f 2924/2924/5756 2987/2987/5756 2988/2988/5756
f 2924/2924/5757 2988/2988/5757 2925/2925/5757
f 2925/2925/5758 2988/2988/5758 2989/2989/5758
f 2925/2925/5759 2989/2989/5759 2926/2926/5759
f 2926/2926/5760 2989/2989/5760 2990/2990/5760
f 2926/2926/5761 2990/2990/5761 2927/2927/5761
f 2927/2927/5762 2990/2990/5762 2991/2991/5762
f 2927/2927/5763 2991/2991/5763 2928/2928/5763
f 2928/2928/5764 2991/2991/5764 2992/2992/5764
f 2928/2928/5765 2992/2992/5765 2929/2929/5765
f 2929/2929/5766 2992/2992/5766 2993/2993/5766
f 2929/2929/5767 2993/2993/5767 2930/2930/5767
f 2930/2930/5768 2993/2993/5768 2994/2994/5768
f 2930/2930/5769 2994/2994/5769 2931/2931/5769
f 2931/2931/5770 2994/2994/5770 2995/2995/5770
f 2931/2931/5771 2995/2995/5771 2932/2932/5771
f 2932/2932/5772 2995/2995/5772 2996/2996/5772
f 2932/2932/5773 2996/2996/5773 2933/2933/5773
f 2933/2933/5774 2996/2996/5774 2997/2997/5774
f 2933/2933/5775 2997/2997/5775 2934/2934/5775
f 2934/2934/5776 2997/2997/5776 2998/2998/5776
f 2934/2934/5777 2998/2998/5777 2935/2935/5777
f 2935/2935/5778 2998/2998/5778 2999/2999/5778
f 2935/2935/5779 2999/2999/5779 2936/2936/5779
f 2936/2936/5780 2999/2999/5780 3000/3000/5780
f 2936/2936/5781 3000/3000/5781 2937/2937/5781
f 2937/2937/5782 3000/3000/5782 3001/3001/5782
f 2937/2937/5783 3001/3001/5783 2938/2938/5783
f 2938/2938/5784 3001/3001/5784 3002/3002/5784
f 2938/2938/5785 3002/3002/5785 2939/2939/5785
f 2939/2939/5786 3002/3002/5786 3003/3003/5786
f 2939/2939/5787 3003/3003/5787 2940/2940/5787
f 2940/2940/5788 3003/3003/5788 3004/3004/5788
f 2940/2940/5789 3004/3004/5789 2941/2941/5789
f 2941/2941/5790 3004/3004/5790 3005/3005/5790
f 2941/2941/5791 3005/3005/5791 2942/2942/5791
f 2942/2942/5792 3005/3005/5792 3006/3006/5792
f 2942/2942/5793 3006/3006/5793 2943/2943/5793
f 2943/2943/5794 3006/3006/5794 3007/3007/5794
f 2943/2943/5795 3007/3007/5795 2944/2944/5795
f 2944/2944/5796 3007/3007/5796 3008/3008/5796
f 2945/2945/5797 3009/3009/5797 2946/2946/5797
f 2946/2946/5798 3009/3009/5798 3010/3010/5798
f 2946/2946/5799 3010/3010/5799 2947/2947/5799
f 2947/2947/5800 3010/3010/5800 3011/3011/5800
f 2947/2947/5801 3011/3011/5801 2948/2948/5801
f 2948/2948/5802 3011/3011/5802 3012/3012/5802
f 2948/2948/5803 3012/3012/5803 2949/2949/5803
f 2949/2949/5804 3012/3012/5804 3013/3013/5804
f 2949/2949/5805 3013/3013/5805 2950/2950/5805
f 2950/2950/5806 3013/3013/5806 3014/3014/5806
f 2950/2950/5807 3014/3014/5807 2951/2951/5807
f 2951/2951/5808 3014/3014/5808 3015/3015/5808
f 2951/2951/5809 3015/3015/5809 2952/2952/5809
f 2952/2952/5810 3015/3015/5810 3016/3016/5810
f 2952/2952/5811 3016/3016/5811 2953/2953/5811
f 2953/2953/5812 3016/3016/5812 3017/3017/5812
f 2953/2953/5813 3017/3017/5813 2954/2954/5813
f 2954/2954/5814 3017/3017/5814 3018/3018/5814
f 2954/2954/5815 3018/3018/5815 2955/2955/5815
f 2955/2955/5816 3018/3018/5816 3019/3019/5816
f 2955/2955/5817 3019/3019/5817 2956/2956/5817
f 2956/2956/5818 3019/3019/5818 3020/3020/5818
f 2956/2956/5819 3020/3020/5819 2957/2957/5819
f 2957/2957/5820 3020/3020/5820 3021/3021/5820
f 2957/2957/5821 3021/3021/5821 2958/2958/5821
f 2958/2958/5822 3021/3021/5822 3022/3022/5822
f 2958/2958/5823 3022/3022/5823 2959/2959/5823
f 2959/2959/5824 3022/3022/5824 3023/3023/5824
f 2959/2959/5825 3023/3023/5825 2960/2960/5825
f 2960/2960/5826 3023/3023/5826 3024/3024/5826
f 2960/2960/5827 3024/3024/5827 2961/2961/5827
f 2961/2961/5828 3024/3024/5828 3025/3025/5828
f 2961/2961/5829 3025/3025/5829 2962/2962/5829
f 2962/2962/5830 3025/3025/5830 3026/3026/5830
f 2962/2962/5831 3026/3026/5831 2963/2963/5831
f 2963/2963/5832 3026/3026/5832 3027/3027/5832
f 2963/2963/5833 3027/3027/5833 2964/2964/5833
f 2964/2964/5834 3027/3027/5834 3028/3028/5834
f 2964/2964/5835 3028/3028/5835 2965/2965/5835
f 2965/2965/5836 3028/3028/5836 3029/3029/5836
f 2965/2965/5837 3029/3029/5837 2966/2966/5837
f 2966/2966/5838 3029/3029/5838 3030/3030/5838
f 2966/2966/5839 3030/3030/5839 2967/2967/5839
f 2967/2967/5840 3030/3030/5840 3031/3031/5840
f 2967/2967/5841 3031/3031/5841 2968/2968/5841
f 2968/2968/5842 3031/3031/5842 3032/3032/5842
f 2968/2968/5843 3032/3032/5843 2969/2969/5843
f 2969/2969/5844 3032/3032/5844 3033/3033/5844
f 2969/2969/5845 3033/3033/5845 2970/2970/5845
f 2970/2970/5846 3033/3033/5846 3034/3034/5846
f 2970/2970/5847 3034/3034/5847 2971/2971/5847
f 2971/2971/5848 3034/3034/5848 3035/3035/5848
f 2971/2971/5849 3035/3035/5849 2972/2972/5849
f 2972/2972/5850 3035/3035/5850 3036/3036/5850
f 2972/2972/5851 3036/3036/5851 2973/2973/5851
f 2973/2973/5852 3036/3036/5852 3037/3037/5852
f 2973/2973/5853 3037/3037/5853 2974/2974/5853
f 2974/2974/5854 3037/3037/5854 3038/3038/5854
f 2974/2974/5855 3038/3038/5855 2975/2975/5855
f 2975/2975/5856 3038/3038/5856 3039/3039/5856
f 2975/2975/5857 3039/3039/5857 2976/2976/5857
f 2976/2976/5858 3039/3039/5858 3040/3040/5858
f 2976/2976/5859 3040/3040/5859 2977/2977/5859
f 2977/2977/5860 3040/3040/5860 3041/3041/5860
f 2977/2977/5861 3041/3041/5861 2978/2978/5861
f 2978/2978/5862 3041/3041/5862 3042/3042/5862
f 2978/2978/5863 3042/3042/5863 2979/2979/5863
f 2979/2979/5864 3042/3042/5864 3043/3043/5864
f 2979/2979/5865 3043/3043/5865 2980/2980/5865
f 2980/2980/5866 3043/3043/5866 3044/3044/5866
f 2980/2980/5867 3044/3044/5867 2981/2981/5867
f 2981/2981/5868 3044/3044/5868 3045/3045/5868
f 2981/2981/5869 3045/3045/5869 2982/2982/5869
f 2982/2982/5870 3045/3045/5870 3046/3046/5870
f 2982/2982/5871 3046/3046/5871 2983/2983/5871
f 2983/2983/5872 3046/3046/5872 3047/3047/5872
f 2983/2983/5873 3047/3047/5873 2984/2984/5873
f 2984/2984/5874 3047/3047/5874 3048/3048/5874
f 2984/2984/5875 3048/3048/5875 2985/2985/5875
f 2985/2985/5876 3048/3048/5876 3049/3049/5876
f 2985/2985/5877 3049/3049/5877 2986/2986/5877
f 2986/2986/5878 3049/3049/5878 3050/3050/5878
f 2986/2986/5879 3050/3050/5879 2987/2987/5879
f 2987/2987/5880 3050/3050/5880 3051/3051/5880
f 2987/2987/5881 3051/3051/5881 2988/2988/5881
f 2988/2988/5882 3051/3051/5882 3052/3052/5882
f 2988/2988/5883 3052/3052/5883 2989/2989/5883
f 2989/2989/5884 3052/3052/5884 3053/3053/5884
f 2989/2989/5885 3053/3053/5885 2990/2990/5885
f 2990/2990/5886 3053/3053/5886 3054/3054/5886
f 2990/2990/5887 3054/3054/5887 2991/2991/5887
f 2991/2991/5888 3054/3054/5888 3055/3055/5888
f 2991/2991/5889 3055/3055/5889 2992/2992/5889
f 2992/2992/5890 3055/3055/5890 3056/3056/5890
f 2992/2992/5891 3056/3056/5891 2993/2993/5891
f 2993/2993/5892 3056/3056/5892 3057/3057/5892
f 2993/2993/5893 3057/3057/5893 2994/2994/5893
f 2994/2994/5894 3057/3057/5894 3058/3058/5894
f 2994/2994/5895 3058/3058/5895 2995/2995/5895
f 2995/2995/5896 3058/3058/5896 3059/3059/5896
f 2995/2995/5897 3059/3059/5897 2996/2996/5897
f 2996/2996/5898 3059/3059/5898 3060/3060/5898
f 2996/2996/5899 3060/3060/5899 2997/2997/5899
f 2997/2997/5900 3060/3060/5900 3061/3061/5900
f 2997/2997/5901 3061/3061/5901 2998/2998/5901
f 2998/2998/5902 3061/3061/5902 3062/3062/5902
f 2998/2998/5903 3062/3062/5903 2999/2999/5903
f 2999/2999/5904 3062/3062/5904 3063/3063/5904
f 2999/2999/5905 3063/3063/5905 3000/3000/5905
f 3000/3000/5906 3063/3063/5906 3064/3064/5906
f 3000/3000/5907 3064/3064/5907 3001/3001/5907
f 3001/3001/5908 3064/3064/5908 3065/3065/5908
f 3001/3001/5909 3065/3065/5909 3002/3002/5909
f 3002/3002/5910 3065/3065/5910 3066/3066/5910
f 3002/3002/5911 3066/3066/5911 3003/3003/5911
f 3003/3003/5912 3066/3066/5912 3067/3067/5912
f 3003/3003/5913 3067/3067/5913 3004/3004/5913
f 3004/3004/5914 3067/3067/5914 3068/3068/5914
f 3004/3004/5915 3068/3068/5915 3005/3005/5915
f 3005/3005/5916 3068/3068/5916 3069/3069/5916
f 3005/3005/5917 3069/3069/5917 3006/3006/5917
f 3006/3006/5918 3069/3069/5918 3070/3070/5918
f 3006/3006/5919 3070/3070/5919 3007/3007/5919
f 3007/3007/5920 3070/3070/5920 3071/3071/5920
f 3007/3007/5921 3071/3071/5921 3008/3008/5921
f 3008/3008/5922 3071/3071/5922 3072/3072/5922
f 3009/3009/5923 3073/3073/5923 3010/3010/5923
f 3010/3010/5924 3073/3073/5924 3074/3074/5924
f 3010/3010/5925 3074/3074/5925 3011/3011/5925
f 3011/3011/5926 3074/3074/5926 3075/3075/5926
f 3011/3011/5927 3075/3075/5927 3012/3012/5927
f 3012/3012/5928 3075/3075/5928 3076/3076/5928
f 3012/3012/5929 3076/3076/5929 3013/3013/5929
f 3013/3013/5930 3076/3076/5930 3077/3077/5930
f 3013/3013/5931 3077/3077/5931 3014/3014/5931
f 3014/3014/5932 3077/3077/5932 3078/3078/5932
f 3014/3014/5933 3078/3078/5933 3015/3015/5933
f 3015/3015/5934 3078/3078/5934 3079/3079/5934
f 3015/3015/5935 3079/3079/5935 3016/3016/5935
f 3016/3016/5936 3079/3079/5936 3080/3080/5936
f 3016/3016/5937 3080/3080/5937 3017/3017/5937
f 3017/3017/5938 3080/3080/5938 3081/3081/5938
f 3017/3017/5939 3081/3081/5939 3018/3018/5939
f 3018/3018/5940 3081/3081/5940 3082/3082/5940
f 3018/3018/5941 3082/3082/5941 3019/3019/5941
f 3019/3019/5942 3082/3082/5942 3083/3083/5942
f 3019/3019/5943 3083/3083/5943 3020/3020/5943
f 3020/3020/5944 3083/3083/5944 3084/3084/5944
f 3020/3020/5945 3084/3084/5945 3021/3021/5945
f 3021/3021/5946 3084/3084/5946 3085/3085/5946
f 3021/3021/5947 3085/3085/5947 3022/3022/5947
f 3022/3022/5948 3085/3085/5948 3086/3086/5948
f 3022/3022/5949 3086/3086/5949 3023/3023/5949
f 3023/3023/5950 3086/3086/5950 3087/3087/5950
f 3023/3023/5951 3087/3087/5951 3024/3024/5951
f 3024/3024/5952 3087/3087/5952 3088/3088/5952
f 3024/3024/5953 3088/3088/5953 3025/3025/5953
f 3025/3025/5954 3088/3088/5954 3089/3089/5954
f 3025/3025/5955 3089/3089/5955 3026/3026/5955
f 3026/3026/5956 3089/3089/5956 3090/3090/5956
f 3026/3026/5957 3090/3090/5957 3027/3027/5957
f 3027/3027/5958 3090/3090/5958 3091/3091/5958
f 3027/3027/5959 3091/3091/5959 3028/3028/5959
f 3028/3028/5960 3091/3091/5960 3092/3092/5960
f 3028/3028/5961 3092/3092/5961 3029/3029/5961
f 3029/3029/5962 3092/3092/5962 3093/3093/5962
f 3029/3029/5963 3093/3093/5963 3030/3030/5963
f 3030/3030/5964 3093/3093/5964 3094/3094/5964
f 3030/3030/5965 3094/3094/5965 3031/3031/5965
f 3031/3031/5966 3094/3094/5966 3095/3095/5966
f 3031/3031/5967 3095/3095/5967 3032/3032/5967
f 3032/3032/5968 3095/3095/5968 3096/3096/5968
f 3032/3032/5969 3096/3096/5969 3033/3033/5969
f 3033/3033/5970 3096/3096/5970 3097/3097/5970
f 3033/3033/5971 3097/3097/5971 3034/3034/5971
f 3034/3034/5972 3097/3097/5972 3098/3098/5972
f 3034/3034/5973 3098/3098/5973 3035/3035/5973
f 3035/3035/5974 3098/3098/5974 3099/3099/5974
f 3035/3035/5975 3099/3099/5975 3036/3036/5975
f 3036/3036/5976 3099/3099/5976 3100/3100/5976
f 3036/3036/5977 3100/3100/5977 3037/3037/5977
f 3037/3037/5978 3100/3100/5978 3101/3101/5978
f 3037/3037/5979 3101/3101/5979 3038/3038/5979
f 3038/3038/5980 3101/3101/5980 3102/3102/5980
f 3038/3038/5981 3102/3102/5981 3039/3039/5981
f 3039/3039/5982 3102/3102/5982 3103/3103/5982
f 3039/3039/5983 3103/3103/5983 3040/3040/5983
f 3040/3040/5984 3103/3103/5984 3104/3104/5984
f 3040/3040/5985 3104/3104/5985 3041/3041/5985
f 3041/3041/5986 3104/3104/5986 3105/3105/5986
f 3041/3041/5987 3105/3105/5987 3042/3042/5987
f 3042/3042/5988 3105/3105/5988 3106/3106/5988
f 3042/3042/5989 3106/3106/5989 3043/3043/5989
f 3043/3043/5990 3106/3106/5990 3107/3107/5990
f 3043/3043/5991 3107/3107/5991 3044/3044/5991
f 3044/3044/5992 3107/3107/5992 3108/3108/5992
f 3044/3044/5993 3108/3108/5993 3045/3045/5993
f 3045/3045/5994 3108/3108/5994 3109/3109/5994
f 3045/3045/5995 3109/3109/5995 3046/3046/5995
f 3046/3046/5996 3109/3109/5996 3110/3110/5996
f 3046/3046/5997 3110/3110/5997 3047/3047/5997
f 3047/3047/5998 3110/3110/5998 3111/3111/5998
f 3047/3047/5999 3111/3111/5999 3048/3048/5999
f 3048/3048/6000 3111/3111/6000 3112/3112/6000
f 3048/3048/6001 3112/3112/6001 3049/3049/6001
f 3049/3049/6002 3112/3112/6002 3113/3113/6002
f 3049/3049/6003 3113/3113/6003 3050/3050/6003
f 3050/3050/6004 3113/3113/6004 3114/3114/6004
f 3050/3050/6005 3114/3114/6005 3051/3051/6005
f 3051/3051/6006 3114/3114/6006 3115/3115/6006
f 3051/3051/6007 3115/3115/6007 3052/3052/6007
f 3052/3052/6008 3115/3115/6008 3116/3116/6008
f 3052/3052/6009 3116/3116/6009 3053/3053/6009
f 3053/3053/6010 3116/3116/6010 3117/3117/6010
f 3053/3053/6011 3117/3117/6011 3054/3054/6011
f 3054/3054/6012 3117/3117/6012 3118/3118/6012
f 3054/3054/6013 3118/3118/6013 3055/3055/6013
f 3055/3055/6014 3118/3118/6014 3119/3119/6014
f 3055/3055/6015 3119/3119/6015 3056/3056/6015
f 3056/3056/6016 3119/3119/6016 3120/3120/6016
f 3056/3056/6017 3120/3120/6017 3057/3057/6017
f 3057/3057/6018 3120/3120/6018 3121/3121/6018
f 3057/3057/6019 3121/3121/6019 3058/3058/6019
f 3058/3058/6020 3121/3121/6020 3122/3122/6020
f 3058/3058/6021 3122/3122/6021 3059/3059/6021
f 3059/3059/6022 3122/3122/6022 3123/3123/6022
f 3059/3059/6023 3123/3123/6023 3060/3060/6023
f 3060/3060/6024 3123/3123/6024 3124/3124/6024
f 3060/3060/6025 3124/3124/6025 3061/3061/6025
f 3061/3061/6026 3124/3124/6026 3125/3125/6026
f 3061/3061/6027 3125/3125/6027 3062/3062/6027
f 3062/3062/6028 3125/3125/6028 3126/3126/6028
f 3062/3062/6029 3126/3126/6029 3063/3063/6029
f 3063/3063/6030 3126/3126/6030 3127/3127/6030
f 3063/3063/6031 3127/3127/6031 3064/3064/6031
f 3064/3064/6032 3127/3127/6032 3128/3128/6032
f 3064/3064/6033 3128/3128/6033 3065/3065/6033
f 3065/3065/6034 3128/3128/6034 3129/3129/6034
f 3065/3065/6035 3129/3129/6035 3066/3066/6035
f 3066/3066/6036 3129/3129/6036 3130/3130/6036
f 3066/3066/6037 3130/3130/6037 3067/3067/6037
f 3067/3067/6038 3130/3130/6038 3131/3131/6038
f 3067/3067/6039 3131/3131/6039 3068/3068/6039
f 3068/3068/6040 3131/3131/6040 3132/3132/6040
f 3068/3068/6041 3132/3132/6041 3069/3069/6041
f 3069/3069/6042 3132/3132/6042 3133/3133/6042
f 3069/3069/6043 3133/3133/6043 3070/3070/6043
f 3070/3070/6044 3133/3133/6044 3134/3134/6044
f 3070/3070/6045 3134/3134/6045 3071/3071/6045
f 3071/3071/6046 3134/3134/6046 3135/3135/6046
f 3071/3071/6047 3135/3135/6047 3072/3072/6047
f 3072/3072/6048 3135/3135/6048 3136/3136/6048
f 3073/3073/6049 3137/3137/6049 3074/3074/6049
f 3074/3074/6050 3137/3137/6050 3138/3138/6050
f 3074/3074/6051 3138/3138/6051 3075/3075/6051
f 3075/3075/6052 3138/3138/6052 3139/3139/6052
f 3075/3075/6053 3139/3139/6053 3076/3076/6053
f 3076/3076/6054 3139/3139/6054 3140/3140/6054
f 3076/3076/6055 3140/3140/6055 3077/3077/6055
f 3077/3077/6056 3140/3140/6056 3141/3141/6056
f 3077/3077/6057 3141/3141/6057 3078/3078/6057
f 3078/3078/6058 3141/3141/6058 3142/3142/6058
f 3078/3078/6059 3142/3142/6059 3079/3079/6059
f 3079/3079/6060 3142/3142/6060 3143/3143/6060
f 3079/3079/6061 3143/3143/6061 3080/3080/6061
f 3080/3080/6062 3143/3143/6062 3144/3144/6062
f 3080/3080/6063 3144/3144/6063 3081/3081/6063
f 3081/3081/6064 3144/3144/6064 3145/3145/6064
f 3081/3081/6065 3145/3145/6065 3082/3082/6065
f 3082/3082/6066 3145/3145/6066 3146/3146/6066
f 3082/3082/6067 3146/3146/6067 3083/3083/6067
f 3083/3083/6068 3146/3146/6068 3147/3147/6068
f 3083/3083/6069 3147/3147/6069 3084/3084/6069
f 3084/3084/6070 3147/3147/6070 3148/3148/6070
f 3084/3084/6071 3148/3148/6071 3085/3085/6071
f 3085/3085/6072 3148/3148/6072 3149/3149/6072
f 3085/3085/6073 3149/3149/6073 3086/3086/6073
f 3086/3086/6074 3149/3149/6074 3150/3150/6074
f 3086/3086/6075 3150/3150/6075 3087/3087/6075
f 3087/3087/6076 3150/3150/6076 3151/3151/6076
f 3087/3087/6077 3151/3151/6077 3088/3088/6077
f 3088/3088/6078 3151/3151/6078 3152/3152/6078
f 3088/3088/6079 3152/3152/6079 3089/3089/6079
f 3089/3089/6080 3152/3152/6080 3153/3153/6080
f 3089/3089/6081 3153/3153/6081 3090/3090/6081
f 3090/3090/6082 3153/3153/6082 3154/3154/6082
f 3090/3090/6083 3154/3154/6083 3091/3091/6083
f 3091/3091/6084 3154/3154/6084 3155/3155/6084
f 3091/3091/6085 3155/3155/6085 3092/3092/6085
f 3092/3092/6086 3155/3155/6086 3156/3156/6086
f 3092/3092/6087 3156/3156/6087 3093/3093/6087
f 3093/3093/6088 3156/3156/6088 3157/3157/6088
f 3093/3093/6089 3157/3157/6089 3094/3094/6089
f 3094/3094/6090 3157/3157/6090 3158/3158/6090
f 3094/3094/6091 3158/3158/6091 3095/3095/6091
f 3095/3095/6092 3158/3158/6092 3159/3159/6092
f 3095/3095/6093 3159/3159/6093 3096/3096/6093
f 3096/3096/6094 3159/3159/6094 3160/3160/6094
f 3096/3096/6095 3160/3160/6095 3097/3097/6095
f 3097/3097/6096 3160/3160/6096 3161/3161/6096
f 3097/3097/6097 3161/3161/6097 3098/3098/6097
f 3098/3098/6098 3161/3161/6098 3162/3162/6098
f 3098/3098/6099 3162/3162/6099 3099/3099/6099
f 3099/3099/6100 3162/3162/6100 3163/3163/6100
f 3099/3099/6101 3163/3163/6101 3100/3100/6101
f 3100/3100/6102 3163/3163/6102 3164/3164/6102
f 3100/3100/6103 3164/3164/6103 3101/3101/6103
f 3101/3101/6104 3164/3164/6104 3165/3165/6104
f 3101/3101/6105 3165/3165/6105 3102/3102/6105
f 3102/3102/6106 3165/3165/6106 3166/3166/6106
f 3102/3102/6107 3166/3166/6107 3103/3103/6107
f 3103/3103/6108 3166/3166/6108 3167/3167/6108
f 3103/3103/6109 3167/3167/6109 3104/3104/6109
f 3104/3104/6110 3167/3167/6110 3168/3168/6110
f 3104/3104/6111 3168/3168/6111 3105/3105/6111
f 3105/3105/6112 3168/3168/6112 3169/3169/6112
f 3105/3105/6113 3169/3169/6113 3106/3106/6113
f 3106/3106/6114 3169/3169/6114 3170/3170/6114
f 3106/3106/6115 3170/3170/6115 3107/3107/6115
f 3107/3107/6116 3170/3170/6116 3171/3171/6116
f 3107/3107/6117 3171/3171/6117 3108/3108/6117
f 3108/3108/6118 3171/3171/6118 3172/3172/6118
f 3108/3108/6119 3172/3172/6119 3109/3109/6119
f 3109/3109/6120 3172/3172/6120 3173/3173/6120
f 3109/3109/6121 3173/3173/6121 3110/3110/6121
f 3110/3110/6122 3173/3173/6122 3174/3174/6122
f 3110/3110/6123 3174/3174/6123 3111/3111/6123
f 3111/3111/6124 3174/3174/6124 3175/3175/6124
f 3111/3111/6125 3175/3175/6125 3112/3112/6125
f 3112/3112/6126 3175/3175/6126 3176/3176/6126
f 3112/3112/6127 3176/3176/6127 3113/3113/6127
f 3113/3113/6128 3176/3176/6128 3177/3177/6128
f 3113/3113/6129 3177/3177/6129 3114/3114/6129
f 3114/3114/6130 3177/3177/6130 3178/3178/6130
f 3114/3114/6131 3178/3178/6131 3115/3115/6131
f 3115/3115/6132 3178/3178/6132 3179/3179/6132
f 3115/3115/6133 3179/3179/6133 3116/3116/6133
f 3116/3116/6134 3179/3179/6134 3180/3180/6134
f 3116/3116/6135 3180/3180/6135 3117/3117/6135
f 3117/3117/6136 3180/3180/6136 3181/3181/6136
f 3117/3117/6137 3181/3181/6137 3118/3118/6137
f 3118/3118/6138 3181/3181/6138 3182/3182/6138
f 3118/3118/6139 3182/3182/6139 3119/3119/6139
f 3119/3119/6140 3182/3182/6140 3183/3183/6140
f 3119/3119/6141 3183/3183/6141 3120/3120/6141
f 3120/3120/6142 3183/3183/6142 3184/3184/6142
f 3120/3120/6143 3184/3184/6143 3121/3121/6143
f 3121/3121/6144 3184/3184/6144 3185/3185/6144
f 3121/3121/6145 3185/3185/6145 3122/3122/6145
f 3122/3122/6146 3185/3185/6146 3186/3186/6146
f 3122/3122/6147 3186/3186/6147 3123/3123/6147
f 3123/3123/6148 3186/3186/6148 3187/3187/6148
f 3123/3123/6149 3187/3187/6149 3124/3124/6149
f 3124/3124/6150 3187/3187/6150 3188/3188/6150
f 3124/3124/6151 3188/3188/6151 3125/3125/6151
f 3125/3125/6152 3188/3188/6152 3189/3189/6152
f 3125/3125/6153 3189/3189/6153 3126/3126/6153
f 3126/3126/6154 3189/3189/6154 3190/3190/6154
f 3126/3126/6155 3190/3190/6155 3127/3127/6155
f 3127/3127/6156 3190/3190/6156 3191/3191/6156
f 3127/3127/6157 3191/3191/6157 3128/3128/6157
f 3128/3128/6158 3191/3191/6158 3192/3192/6158
f 3128/3128/6159 3192/3192/6159 3129/3129/6159
f 3129/3129/6160 3192/3192/6160 3193/3193/6160
f 3129/3129/6161 3193/3193/6161 3130/3130/6161
f 3130/3130/6162 3193/3193/6162 3194/3194/6162
f 3130/3130/6163 3194/3194/6163 3131/3131/6163
f 3131/3131/6164 3194/3194/6164 3195/3195/6164
f 3131/3131/6165 3195/3195/6165 3132/3132/6165
f 3132/3132/6166 3195/3195/6166 3196/3196/6166
f 3132/3132/6167 3196/3196/6167 3133/3133/6167
f 3133/3133/6168 3196/3196/6168 3197/3197/6168
f 3133/3133/6169 3197/3197/6169 3134/3134/6169
f 3134/3134/6170 3197/3197/6170 3198/3198/6170
f 3134/3134/6171 3198/3198/6171 3135/3135/6171
f 3135/3135/6172 3198/3198/6172 3199/3199/6172
f 3135/3135/6173 3199/3199/6173 3136/3136/6173
f 3136/3136/6174 3199/3199/6174 3200/3200/6174
f 3137/3137/6175 3201/3201/6175 3138/3138/6175
f 3138/3138/6176 3201/3201/6176 3202/3202/6176
f 3138/3138/6177 3202/3202/6177 3139/3139/6177
f 3139/3139/6178 3202/3202/6178 3203/3203/6178
f 3139/3139/6179 3203/3203/6179 3140/3140/6179
f 3140/3140/6180 3203/3203/6180 3204/3204/6180
f 3140/3140/6181 3204/3204/6181 3141/3141/6181
f 3141/3141/6182 3204/3204/6182 3205/3205/6182
f 3141/3141/6183 3205/3205/6183 3142/3142/6183
f 3142/3142/6184 3205/3205/6184 3206/3206/6184
f 3142/3142/6185 3206/3206/6185 3143/3143/6185
f 3143/3143/6186 3206/3206/6186 3207/3207/6186
f 3143/3143/6187 3207/3207/6187 3144/3144/6187
f 3144/3144/6188 3207/3207/6188 3208/3208/6188
f 3144/3144/6189 3208/3208/6189 3145/3145/6189
f 3145/3145/6190 3208/3208/6190 3209/3209/6190
f 3145/3145/6191 3209/3209/6191 3146/3146/6191
f 3146/3146/6192 3209/3209/6192 3210/3210/6192
f 3146/3146/6193 3210/3210/6193 3147/3147/6193
f 3147/3147/6194 3210/3210/6194 3211/3211/6194
f 3147/3147/6195 3211/3211/6195 3148/3148/6195
f 3148/3148/6196 3211/3211/6196 3212/3212/6196
f 3148/3148/6197 3212/3212/6197 3149/3149/6197
f 3149/3149/6198 3212/3212/6198 3213/3213/6198
f 3149/3149/6199 3213/3213/6199 3150/3150/6199
f 3150/3150/6200 3213/3213/6200 3214/3214/6200
f 3150/3150/6201 3214/3214/6201 3151/3151/6201
f 3151/3151/6202 3214/3214/6202 3215/3215/6202
f 3151/3151/6203 3215/3215/6203 3152/3152/6203
f 3152/3152/6204 3215/3215/6204 3216/3216/6204
f 3152/3152/6205 3216/3216/6205 3153/3153/6205
f 3153/3153/6206 3216/3216/6206 3217/3217/6206
f 3153/3153/6207 3217/3217/6207 3154/3154/6207
f 3154/3154/6208 3217/3217/6208 3218/3218/6208
f 3154/3154/6209 3218/3218/6209 3155/3155/6209
f 3155/3155/6210 3218/3218/6210 3219/3219/6210
f 3155/3155/6211 3219/3219/6211 3156/3156/6211
f 3156/3156/6212 3219/3219/6212 3220/3220/6212
f 3156/3156/6213 3220/3220/6213 3157/3157/6213
f 3157/3157/6214 3220/3220/6214 3221/3221/6214
f 3157/3157/6215 3221/3221/6215 3158/3158/6215
f 3158/3158/6216 3221/3221/6216 3222/3222/6216
f 3158/3158/6217 3222/3222/6217 3159/3159/6217
f 3159/3159/6218 3222/3222/6218 3223/3223/6218
f 3159/3159/6219 3223/3223/6219 3160/3160/6219
f 3160/3160/6220 3223/3223/6220 3224/3224/6220
f 3160/3160/6221 3224/3224/6221 3161/3161/6221
f 3161/3161/6222 3224/3224/6222 3225/3225/6222
f 3161/3161/6223 3225/3225/6223 3162/3162/6223
f 3162/3162/6224 3225/3225/6224 3226/3226/6224
f 3162/3162/6225 3226/3226/6225 3163/3163/6225
f 3163/3163/6226 3226/3226/6226 3227/3227/6226
f 3163/3163/6227 3227/3227/6227 3164/3164/6227
f 3164/3164/6228 3227/3227/6228 3228/3228/6228
f 3164/3164/6229 3228/3228/6229 3165/3165/6229
f 3165/3165/6230 3228/3228/6230 3229/3229/6230
f 3165/3165/6231 3229/3229/6231 3166/3166/6231
f 3166/3166/6232 3229/3229/6232 3230/3230/6232
f 3166/3166/6233 3230/3230/6233 3167/3167/6233
f 3167/3167/6234 3230/3230/6234 3231/3231/6234
f 3167/3167/6235 3231/3231/6235 3168/3168/6235
f 3168/3168/6236 3231/3231/6236 3232/3232/6236
f 3168/3168/6237 3232/3232/6237 3169/3169/6237
f 3169/3169/6238 3232/3232/6238 3233/3233/6238
f 3169/3169/6239 3233/3233/6239 3170/3170/6239
f 3170/3170/6240 3233/3233/6240 3234/3234/6240
f 3170/3170/6241 3234/3234/6241 3171/3171/6241
f 3171/3171/6242 3234/3234/6242 3235/3235/6242
f 3171/3171/6243 3235/3235/6243 3172/3172/6243
f 3172/3172/6244 3235/3235/6244 3236/3236/6244
f 3172/3172/6245 3236/3236/6245 3173/3173/6245
f 3173/3173/6246 3236/3236/6246 3237/3237/6246
f 3173/3173/6247 3237/3237/6247 3174/3174/6247
f 3174/3174/6248 3237/3237/6248 3238/3238/6248
f 3174/3174/6249 3238/3238/6249 3175/3175/6249
f 3175/3175/6250 3238/3238/6250 3239/3239/6250
f 3175/3175/6251 3239/3239/6251 3176/3176/6251
f 3176/3176/6252 3239/3239/6252 3240/3240/6252
f 3176/3176/6253 3240/3240/6253 3177/3177/6253
f 3177/3177/6254 3240/3240/6254 3241/3241/6254
f 3177/3177/6255 3241/3241/6255 3178/3178/6255
f 3178/3178/6256 3241/3241/6256 3242/3242/6256
f 3178/3178/6257 3242/3242/6257 3179/3179/6257
f 3179/3179/6258 3242/3242/6258 3243/3243/6258
f 3179/3179/6259 3243/3243/6259 3180/3180/6259
f 3180/3180/6260 3243/3243/6260 3244/3244/6260
f 3180/3180/6261 3244/3244/6261 3181/3181/6261
f 3181/3181/6262 3244/3244/6262 3245/3245/6262
f 3181/3181/6263 3245/3245/6263 3182/3182/6263
f 3182/3182/6264 3245/3245/6264 3246/3246/6264
f 3182/3182/6265 3246/3246/6265 3183/3183/6265
f 3183/3183/6266 3246/3246/6266 3247/3247/6266
f 3183/3183/6267 3247/3247/6267 3184/3184/6267
f 3184/3184/6268 3247/3247/6268 3248/3248/6268
f 3184/3184/6269 3248/3248/6269 3185/3185/6269
f 3185/3185/6270 3248/3248/6270 3249/3249/6270
f 3185/3185/6271 3249/3249/6271 3186/3186/6271
f 3186/3186/6272 3249/3249/6272 3250/3250/6272
f 3186/3186/6273 3250/3250/6273 3187/3187/6273
f 3187/3187/6274 3250/3250/6274 3251/3251/6274
f 3187/3187/6275 3251/3251/6275 3188/3188/6275
f 3188/3188/6276 3251/3251/6276 3252/3252/6276
f 3188/3188/6277 3252/3252/6277 3189/3189/6277
f 3189/3189/6278 3252/3252/6278 3253/3253/6278
f 3189/3189/6279 3253/3253/6279 3190/3190/6279
f 3190/3190/6280 3253/3253/6280 3254/3254/6280
f 3190/3190/6281 3254/3254/6281 3191/3191/6281
f 3191/3191/6282 3254/3254/6282 3255/3255/6282
f 3191/3191/6283 3255/3255/6283 3192/3192/6283
f 3192/3192/6284 3255/3255/6284 3256/3256/6284
f 3192/3192/6285 3256/3256/6285 3193/3193/6285
f 3193/3193/6286 3256/3256/6286 3257/3257/6286
f 3193/3193/6287 3257/3257/6287 3194/3194/6287
f 3194/3194/6288 3257/3257/6288 3258/3258/6288
f 3194/3194/6289 3258/3258/6289 3195/3195/6289
f 3195/3195/6290 3258/3258/6290 3259/3259/6290
f 3195/3195/6291 3259/3259/6291 3196/3196/6291
f 3196/3196/6292 3259/3259/6292 3260/3260/6292
f 3196/3196/6293 3260/3260/6293 3197/3197/6293
f 3197/3197/6294 3260/3260/6294 3261/3261/6294
f 3197/3197/6295 3261/3261/6295 3198/3198/6295
f 3198/3198/6296 3261/3261/6296 3262/3262/6296
f 3198/3198/6297 3262/3262/6297 3199/3199/6297
f 3199/3199/6298 3262/3262/6298 3263/3263/6298
f 3199/3199/6299 3263/3263/6299 3200/3200/6299
f 3200/3200/6300 3263/3263/6300 3264/3264/6300
f 3201/3201/6301 3265/3265/6301 3202/3202/6301
f 3202/3202/6302 3265/3265/6302 3266/3266/6302
f 3202/3202/6303 3266/3266/6303 3203/3203/6303
f 3203/3203/6304 3266/3266/6304 3267/3267/6304
f 3203/3203/6305 3267/3267/6305 3204/3204/6305
f 3204/3204/6306 3267/3267/6306 3268/3268/6306
f 3204/3204/6307 3268/3268/6307 3205/3205/6307
f 3205/3205/6308 3268/3268/6308 3269/3269/6308
f 3205/3205/6309 3269/3269/6309 3206/3206/6309
f 3206/3206/6310 3269/3269/6310 3270/3270/6310
f 3206/3206/6311 3270/3270/6311 3207/3207/6311
f 3207/3207/6312 3270/3270/6312 3271/3271/6312
f 3207/3207/6313 3271/3271/6313 3208/3208/6313
f 3208/3208/6314 3271/3271/6314 3272/3272/6314
f 3208/3208/6315 3272/3272/6315 3209/3209/6315
f 3209/3209/6316 3272/3272/6316 3273/3273/6316
f 3209/3209/6317 3273/3273/6317 3210/3210/6317
f 3210/3210/6318 3273/3273/6318 3274/3274/6318
f 3210/3210/6319 3274/3274/6319 3211/3211/6319
f 3211/3211/6320 3274/3274/6320 3275/3275/6320
f 3211/3211/6321 3275/3275/6321 3212/3212/6321
f 3212/3212/6322 3275/3275/6322 3276/3276/6322
f 3212/3212/6323 3276/3276/6323 3213/3213/6323
f 3213/3213/6324 3276/3276/6324 3277/3277/6324
f 3213/3213/6325 3277/3277/6325 3214/3214/6325
f 3214/3214/6326 3277/3277/6326 3278/3278/6326
f 3214/3214/6327 3278/3278/6327 3215/3215/6327
f 3215/3215/6328 3278/3278/6328 3279/3279/6328
f 3215/3215/6329 3279/3279/6329 3216/3216/6329
f 3216/3216/6330 3279/3279/6330 3280/3280/6330
f 3216/3216/6331 3280/3280/6331 3217/3217/6331
f 3217/3217/6332 3280/3280/6332 3281/3281/6332
f 3217/3217/6333 3281/3281/6333 3218/3218/6333
f 3218/3218/6334 3281/3281/6334 3282/3282/6334
f 3218/3218/6335 3282/3282/6335 3219/3219/6335
f 3219/3219/6336 3282/3282/6336 3283/3283/6336
f 3219/3219/6337 3283/3283/6337 3220/3220/6337
f 3220/3220/6338 3283/3283/6338 3284/3284/6338
f 3220/3220/6339 3284/3284/6339 3221/3221/6339
f 3221/3221/6340 3284/3284/6340 3285/3285/6340
f 3221/3221/6341 3285/3285/6341 3222/3222/6341
f 3222/3222/6342 3285/3285/6342 3286/3286/6342
f 3222/3222/6343 3286/3286/6343 3223/3223/6343
f 3223/3223/6344 3286/3286/6344 3287/3287/6344
f 3223/3223/6345 3287/3287/6345 3224/3224/6345
f 3224/3224/6346 3287/3287/6346 3288/3288/6346
f 3224/3224/6347 3288/3288/6347 3225/3225/6347
f 3225/3225/6348 3288/3288/6348 3289/3289/6348
f 3225/3225/6349 3289/3289/6349 3226/3226/6349
f 3226/3226/6350 3289/3289/6350 3290/3290/6350
f 3226/3226/6351 3290/3290/6351 3227/3227/6351
f 3227/3227/6352 3290/3290/6352 3291/3291/6352
f 3227/3227/6353 3291/3291/6353 3228/3228/6353
f 3228/3228/6354 3291/3291/6354 3292/3292/6354
f 3228/3228/6355 3292/3292/6355 3229/3229/6355
f 3229/3229/6356 3292/3292/6356 3293/3293/6356
f 3229/3229/6357 3293/3293/6357 3230/3230/6357
f 3230/3230/6358 3293/3293/6358 3294/3294/6358
f 3230/3230/6359 3294/3294/6359 3231/3231/6359
f 3231/3231/6360 3294/3294/6360 3295/3295/6360
f 3231/3231/6361 3295/3295/6361 3232/3232/6361
f 3232/3232/6362 3295/3295/6362 3296/3296/6362
f 3232/3232/6363 3296/3296/6363 3233/3233/6363
f 3233/3233/6364 3296/3296/6364 3297/3297/6364
f 3233/3233/6365 3297/3297/6365 3234/3234/6365
f 3234/3234/6366 3297/3297/6366 3298/3298/6366
f 3234/3234/6367 3298/3298/6367 3235/3235/6367
f 3235/3235/6368 3298/3298/6368 3299/3299/6368
f 3235/3235/6369 3299/3299/6369 3236/3236/6369
f 3236/3236/6370 3299/3299/6370 3300/3300/6370
f 3236/3236/6371 3300/3300/6371 3237/3237/6371
f 3237/3237/6372 3300/3300/6372 3301/3301/6372
f 3237/3237/6373 3301/3301/6373 3238/3238/6373
f 3238/3238/6374 3301/3301/6374 3302/3302/6374
f 3238/3238/6375 3302/3302/6375 3239/3239/6375
f 3239/3239/6376 3302/3302/6376 3303/3303/6376
f 3239/3239/6377 3303/3303/6377 3240/3240/6377
f 3240/3240/6378 3303/3303/6378 3304/3304/6378
f 3240/3240/6379 3304/3304/6379 3241/3241/6379
f 3241/3241/6380 3304/3304/6380 3305/3305/6380
f 3241/3241/6381 3305/3305/6381 3242/3242/6381
f 3242/3242/6382 3305/3305/6382 3306/3306/6382
f 3242/3242/6383 3306/3306/6383 3243/3243/6383
f 3243/3243/6384 3306/3306/6384 3307/3307/6384
f 3243/3243/6385 3307/3307/6385 3244/3244/6385
f 3244/3244/6386 3307/3307/6386 3308/3308/6386
f 3244/3244/6387 3308/3308/6387 3245/3245/6387
f 3245/3245/6388 3308/3308/6388 3309/3309/6388
f 3245/3245/6389 3309/3309/6389 3246/3246/6389
f 3246/3246/6390 3309/3309/6390 3310/3310/6390
f 3246/3246/6391 3310/3310/6391 3247/3247/6391
f 3247/3247/6392 3310/3310/6392 3311/3311/6392
f 3247/3247/6393 3311/3311/6393 3248/3248/6393
f 3248/3248/6394 3311/3311/6394 3312/3312/6394
f 3248/3248/6395 3312/3312/6395 3249/3249/6395
f 3249/3249/6396 3312/3312/6396 3313/3313/6396
f 3249/3249/6397 3313/3313/6397 3250/3250/6397
f 3250/3250/6398 3313/3313/6398 3314/3314/6398
f 3250/3250/6399 3314/3314/6399 3251/3251/6399
f 3251/3251/6400 3314/3314/6400 3315/3315/6400
f 3251/3251/6401 3315/3315/6401 3252/3252/6401
f 3252/3252/6402 3315/3315/6402 3316/3316/6402
f 3252/3252/6403 3316/3316/6403 3253/3253/6403
f 3253/3253/6404 3316/3316/6404 3317/3317/6404
f 3253/3253/6405 3317/3317/6405 3254/3254/6405
f 3254/3254/6406 3317/3317/6406 3318/3318/6406
f 3254/3254/6407 3318/3318/6407 3255/3255/6407
f 3255/3255/6408 3318/3318/6408 3319/3319/6408
f 3255/3255/6409 3319/3319/6409 3256/3256/6409
f 3256/3256/6410 3319/3319/6410 3320/3320/6410
f 3256/3256/6411 3320/3320/6411 3257/3257/6411
f 3257/3257/6412 3320/3320/6412 3321/3321/6412
f 3257/3257/6413 3321/3321/6413 3258/3258/6413
f 3258/3258/6414 3321/3321/6414 3322/3322/6414
f 3258/3258/6415 3322/3322/6415 3259/3259/6415
f 3259/3259/6416 3322/3322/6416 3323/3323/6416
f 3259/3259/6417 3323/3323/6417 3260/3260/6417
f 3260/3260/6418 3323/3323/6418 3324/3324/6418
f 3260/3260/6419 3324/3324/6419 3261/3261/6419
f 3261/3261/6420 3324/3324/6420 3325/3325/6420
f 3261/3261/6421 3325/3325/6421 3262/3262/6421
f 3262/3262/6422 3325/3325/6422 3326/3326/6422
f 3262/3262/6423 3326/3326/6423 3263/3263/6423
f 3263/3263/6424 3326/3326/6424 3327/3327/6424
f 3263/3263/6425 3327/3327/6425 3264/3264/6425
f 3264/3264/6426 3327/3327/6426 3328/3328/6426
f 3265/3265/6427 3329/3329/6427 3266/3266/6427
f 3266/3266/6428 3329/3329/6428 3330/3330/6428
f 3266/3266/6429 3330/3330/6429 3267/3267/6429
f 3267/3267/6430 3330/3330/6430 3331/3331/6430
f 3267/3267/6431 3331/3331/6431 3268/3268/6431
f 3268/3268/6432 3331/3331/6432 3332/3332/6432
f 3268/3268/6433 3332/3332/6433 3269/3269/6433
f 3269/3269/6434 3332/3332/6434 3333/3333/6434
f 3269/3269/6435 3333/3333/6435 3270/3270/6435
f 3270/3270/6436 3333/3333/6436 3334/3334/6436
f 3270/3270/6437 3334/3334/6437 3271/3271/6437
f 3271/3271/6438 3334/3334/6438 3335/3335/6438
f 3271/3271/6439 3335/3335/6439 3272/3272/6439
f 3272/3272/6440 3335/3335/6440 3336/3336/6440
f 3272/3272/6441 3336/3336/6441 3273/3273/6441
f 3273/3273/6442 3336/3336/6442 3337/3337/6442
f 3273/3273/6443 3337/3337/6443 3274/3274/6443
f 3274/3274/6444 3337/3337/6444 3338/3338/6444
f 3274/3274/6445 3338/3338/6445 3275/3275/6445
f 3275/3275/6446 3338/3338/6446 3339/3339/6446
f 3275/3275/6447 3339/3339/6447 3276/3276/6447
f 3276/3276/6448 3339/3339/6448 3340/3340/6448
f 3276/3276/6449 3340/3340/6449 3277/3277/6449
f 3277/3277/6450 3340/3340/6450 3341/3341/6450
f 3277/3277/6451 3341/3341/6451 3278/3278/6451
f 3278/3278/6452 3341/3341/6452 3342/3342/6452
f 3278/3278/6453 3342/3342/6453 3279/3279/6453
f 3279/3279/6454 3342/3342/6454 3343/3343/6454
f 3279/3279/6455 3343/3343/6455 3280/3280/6455
f 3280/3280/6456 3343/3343/6456 3344/3344/6456
f 3280/3280/6457 3344/3344/6457 3281/3281/6457
f 3281/3281/6458 3344/3344/6458 3345/3345/6458
f 3281/3281/6459 3345/3345/6459 3282/3282/6459
f 3282/3282/6460 3345/3345/6460 3346/3346/6460
f 3282/3282/6461 3346/3346/6461 3283/3283/6461
f 3283/3283/6462 3346/3346/6462 3347/3347/6462
f 3283/3283/6463 3347/3347/6463 3284/3284/6463
f 3284/3284/6464 3347/3347/6464 3348/3348/6464
f 3284/3284/6465 3348/3348/6465 3285/3285/6465
f 3285/3285/6466 3348/3348/6466 3349/3349/6466
f 3285/3285/6467 3349/3349/6467 3286/3286/6467
f 3286/3286/6468 3349/3349/6468 3350/3350/6468
f 3286/3286/6469 3350/3350/6469 3287/3287/6469
f 3287/3287/6470 3350/3350/6470 3351/3351/6470
f 3287/3287/6471 3351/3351/6471 3288/3288/6471
f 3288/3288/6472 3351/3351/6472 3352/3352/6472
f 3288/3288/6473 3352/3352/6473 3289/3289/6473
f 3289/3289/6474 3352/3352/6474 3353/3353/6474
f 3289/3289/6475 3353/3353/6475 3290/3290/6475
f 3290/3290/6476 3353/3353/6476 3354/3354/6476
f 3290/3290/6477 3354/3354/6477 3291/3291/6477
f 3291/3291/6478 3354/3354/6478 3355/3355/6478
f 3291/3291/6479 3355/3355/6479 3292/3292/6479
f 3292/3292/6480 3355/3355/6480 3356/3356/6480
f 3292/3292/6481 3356/3356/6481 3293/3293/6481
f 3293/3293/6482 3356/3356/6482 3357/3357/6482
f 3293/3293/6483 3357/3357/6483 3294/3294/6483
f 3294/3294/6484 3357/3357/6484 3358/3358/6484
f 3294/3294/6485 3358/3358/6485 3295/3295/6485
f 3295/3295/6486 3358/3358/6486 3359/3359/6486
f 3295/3295/6487 3359/3359/6487 3296/3296/6487
f 3296/3296/6488 3359/3359/6488 3360/3360/6488
f 3296/3296/6489 3360/3360/6489 3297/3297/6489
f 3297/3297/6490 3360/3360/6490 3361/3361/6490
f 3297/3297/6491 3361/3361/6491 3298/3298/6491
f 3298/3298/6492 3361/3361/6492 3362/3362/6492
f 3298/3298/6493 3362/3362/6493 3299/3299/6493
f 3299/3299/6494 3362/3362/6494 3363/3363/6494
f 3299/3299/6495 3363/3363/6495 3300/3300/6495
f 3300/3300/6496 3363/3363/6496 3364/3364/6496
f 3300/3300/6497 3364/3364/6497 3301/3301/6497
f 3301/3301/6498 3364/3364/6498 3365/3365/6498
f 3301/3301/6499 3365/3365/6499 3302/3302/6499
f 3302/3302/6500 3365/3365/6500 3366/3366/6500
f 3302/3302/6501 3366/3366/6501 3303/3303/6501
f 3303/3303/6502 3366/3366/6502 3367/3367/6502
f 3303/3303/6503 3367/3367/6503 3304/3304/6503
f 3304/3304/6504 3367/3367/6504 3368/3368/6504
f 3304/3304/6505 3368/3368/6505 3305/3305/6505
f 3305/3305/6506 3368/3368/6506 3369/3369/6506
f 3305/3305/6507 3369/3369/6507 3306/3306/6507
f 3306/3306/6508 3369/3369/6508 3370/3370/6508
f 3306/3306/6509 3370/3370/6509 3307/3307/6509
f 3307/3307/6510 3370/3370/6510 3371/3371/6510
f 3307/3307/6511 3371/3371/6511 3308/3308/6511
f 3308/3308/6512 3371/3371/6512 3372/3372/6512
f 3308/3308/6513 3372/3372/6513 3309/3309/6513
f 3309/3309/6514 3372/3372/6514 3373/3373/6514
f 3309/3309/6515 3373/3373/6515 3310/3310/6515
f 3310/3310/6516 3373/3373/6516 3374/3374/6516
f 3310/3310/6517 3374/3374/6517 3311/3311/6517
f 3311/3311/6518 3374/3374/6518 3375/3375/6518
f 3311/3311/6519 3375/3375/6519 3312/3312/6519
f 3312/3312/6520 3375/3375/6520 3376/3376/6520
f 3312/3312/6521 3376/3376/6521 3313/3313/6521
f 3313/3313/6522 3376/3376/6522 3377/3377/6522
f 3313/3313/6523 3377/3377/6523 3314/3314/6523
f 3314/3314/6524 3377/3377/6524 3378/3378/6524
f 3314/3314/6525 3378/3378/6525 3315/3315/6525
f 3315/3315/6526 3378/3378/6526 3379/3379/6526
f 3315/3315/6527 3379/3379/6527 3316/3316/6527
f 3316/3316/6528 3379/3379/6528 3380/3380/6528
f 3316/3316/6529 3380/3380/6529 3317/3317/6529
f 3317/3317/6530 3380/3380/6530 3381/3381/6530
f 3317/3317/6531 3381/3381/6531 3318/3318/6531
f 3318/3318/6532 3381/3381/6532 3382/3382/6532
f 3318/3318/6533 3382/3382/6533 3319/3319/6533
f 3319/3319/6534 3382/3382/6534 3383/3383/6534
f 3319/3319/6535 3383/3383/6535 3320/3320/6535
f 3320/3320/6536 3383/3383/6536 3384/3384/6536
f 3320/3320/6537 3384/3384/6537 3321/3321/6537
f 3321/3321/6538 3384/3384/6538 3385/3385/6538
f 3321/3321/6539 3385/3385/6539 3322/3322/6539
f 3322/3322/6540 3385/3385/6540 3386/3386/6540
f 3322/3322/6541 3386/3386/6541 3323/3323/6541
f 3323/3323/6542 3386/3386/6542 3387/3387/6542
f 3323/3323/6543 3387/3387/6543 3324/3324/6543
f 3324/3324/6544 3387/3387/6544 3388/3388/6544
f 3324/3324/6545 3388/3388/6545 3325/3325/6545
f 3325/3325/6546 3388/3388/6546 3389/3389/6546
f 3325/3325/6547 3389/3389/6547 3326/3326/6547
f 3326/3326/6548 3389/3389/6548 3390/3390/6548
f 3326/3326/6549 3390/3390/6549 3327/3327/6549
f 3327/3327/6550 3390/3390/6550 3391/3391/6550
f 3327/3327/6551 3391/3391/6551 3328/3328/6551
f 3328/3328/6552 3391/3391/6552 3392/3392/6552
f 3329/3329/6553 3393/3393/6553 3330/3330/6553
f 3330/3330/6554 3393/3393/6554 3394/3394/6554
f 3330/3330/6555 3394/3394/6555 3331/3331/6555
f 3331/3331/6556 3394/3394/6556 3395/3395/6556
f 3331/3331/6557 3395/3395/6557 3332/3332/6557
f 3332/3332/6558 3395/3395/6558 3396/3396/6558
f 3332/3332/6559 3396/3396/6559 3333/3333/6559
f 3333/3333/6560 3396/3396/6560 3397/3397/6560
f 3333/3333/6561 3397/3397/6561 3334/3334/6561
f 3334/3334/6562 3397/3397/6562 3398/3398/6562
f 3334/3334/6563 3398/3398/6563 3335/3335/6563
f 3335/3335/6564 3398/3398/6564 3399/3399/6564
f 3335/3335/6565 3399/3399/6565 3336/3336/6565
f 3336/3336/6566 3399/3399/6566 3400/3400/6566
f 3336/3336/6567 3400/3400/6567 3337/3337/6567
f 3337/3337/6568 3400/3400/6568 3401/3401/6568
f 3337/3337/6569 3401/3401/6569 3338/3338/6569
f 3338/3338/6570 3401/3401/6570 3402/3402/6570
f 3338/3338/6571 3402/3402/6571 3339/3339/6571
f 3339/3339/6572 3402/3402/6572 3403/3403/6572
f 3339/3339/6573 3403/3403/6573 3340/3340/6573
f 3340/3340/6574 3403/3403/6574 3404/3404/6574
f 3340/3340/6575 3404/3404/6575 3341/3341/6575
f 3341/3341/6576 3404/3404/6576 3405/3405/6576
f 3341/3341/6577 3405/3405/6577 3342/3342/6577
f 3342/3342/6578 3405/3405/6578 3406/3406/6578
f 3342/3342/6579 3406/3406/6579 3343/3343/6579
f 3343/3343/6580 3406/3406/6580 3407/3407/6580
f 3343/3343/6581 3407/3407/6581 3344/3344/6581
f 3344/3344/6582 3407/3407/6582 3408/3408/6582
f 3344/3344/6583 3408/3408/6583 3345/3345/6583
f 3345/3345/6584 3408/3408/6584 3409/3409/6584
f 3345/3345/6585 3409/3409/6585 3346/3346/6585
f 3346/3346/6586 3409/3409/6586 3410/3410/6586
f 3346/3346/6587 3410/3410/6587 3347/3347/6587
f 3347/3347/6588 3410/3410/6588 3411/3411/6588
f 3347/3347/6589 3411/3411/6589 3348/3348/6589
f 3348/3348/6590 3411/3411/6590 3412/3412/6590
f 3348/3348/6591 3412/3412/6591 3349/3349/6591
f 3349/3349/6592 3412/3412/6592 3413/3413/6592
f 3349/3349/6593 3413/3413/6593 3350/3350/6593
f 3350/3350/6594 3413/3413/6594 3414/3414/6594
f 3350/3350/6595 3414/3414/6595 3351/3351/6595
f 3351/3351/6596 3414/3414/6596 3415/3415/6596
f 3351/3351/6597 3415/3415/6597 3352/3352/6597
f 3352/3352/6598 3415/3415/6598 3416/3416/6598
f 3352/3352/6599 3416/3416/6599 3353/3353/6599
f 3353/3353/6600 3416/3416/6600 3417/3417/6600
f 3353/3353/6601 3417/3417/6601 3354/3354/6601
f 3354/3354/6602 3417/3417/6602 3418/3418/6602
f 3354/3354/6603 3418/3418/6603 3355/3355/6603
f 3355/3355/6604 3418/3418/6604 3419/3419/6604
f 3355/3355/6605 3419/3419/6605 3356/3356/6605
f 3356/3356/6606 3419/3419/6606 3420/3420/6606
f 3356/3356/6607 3420/3420/6607 3357/3357/6607
f 3357/3357/6608 3420/3420/6608 3421/3421/6608
f 3357/3357/6609 3421/3421/6609 3358/3358/6609
f 3358/3358/6610 3421/3421/6610 3422/3422/6610
f 3358/3358/6611 3422/3422/6611 3359/3359/6611
f 3359/3359/6612 3422/3422/6612 3423/3423/6612
f 3359/3359/6613 3423/3423/6613 3360/3360/6613
f 3360/3360/6614 3423/3423/6614 3424/3424/6614
f 3360/3360/6615 3424/3424/6615 3361/3361/6615
f 3361/3361/6616 3424/3424/6616 3425/3425/6616
f 3361/3361/6617 3425/3425/6617 3362/3362/6617
f 3362/3362/6618 3425/3425/6618 3426/3426/6618
f 3362/3362/6619 3426/3426/6619 3363/3363/6619
f 3363/3363/6620 3426/3426/6620 3427/3427/6620
f 3363/3363/6621 3427/3427/6621 3364/3364/6621
f 3364/3364/6622 3427/3427/6622 3428/3428/6622
f 3364/3364/6623 3428/3428/6623 3365/3365/6623
f 3365/3365/6624 3428/3428/6624 3429/3429/6624
f 3365/3365/6625 3429/3429/6625 3366/3366/6625
f 3366/3366/6626 3429/3429/6626 3430/3430/6626
f 3366/3366/6627 3430/3430/6627 3367/3367/6627
f 3367/3367/6628 3430/3430/6628 3431/3431/6628
f 3367/3367/6629 3431/3431/6629 3368/3368/6629
f 3368/3368/6630 3431/3431/6630 3432/3432/6630
f 3368/3368/6631 3432/3432/6631 3369/3369/6631
f 3369/3369/6632 3432/3432/6632 3433/3433/6632
f 3369/3369/6633 3433/3433/6633 3370/3370/6633
f 3370/3370/6634 3433/3433/6634 3434/3434/6634
f 3370/3370/6635 3434/3434/6635 3371/3371/6635
f 3371/3371/6636 3434/3434/6636 3435/3435/6636
f 3371/3371/6637 3435/3435/6637 3372/3372/6637
f 3372/3372/6638 3435/3435/6638 3436/3436/6638
f 3372/3372/6639 3436/3436/6639 3373/3373/6639
f 3373/3373/6640 3436/3436/6640 3437/3437/6640
f 3373/3373/6641 3437/3437/6641 3374/3374/6641
f 3374/3374/6642 3437/3437/6642 3438/3438/6642
f 3374/3374/6643 3438/3438/6643 3375/3375/6643
f 3375/3375/6644 3438/3438/6644 3439/3439/6644
f 3375/3375/6645 3439/3439/6645 3376/3376/6645
f 3376/3376/6646 3439/3439/6646 3440/3440/6646
f 3376/3376/6647 3440/3440/6647 3377/3377/6647
f 3377/3377/6648 3440/3440/6648 3441/3441/6648
f 3377/3377/6649 3441/3441/6649 3378/3378/6649
f 3378/3378/6650 3441/3441/6650 3442/3442/6650
f 3378/3378/6651 3442/3442/6651 3379/3379/6651
f 3379/3379/6652 3442/3442/6652 3443/3443/6652
f 3379/3379/6653 3443/3443/6653 3380/3380/6653
f 3380/3380/6654 3443/3443/6654 3444/3444/6654
f 3380/3380/6655 3444/3444/6655 3381/3381/6655
f 3381/3381/6656 3444/3444/6656 3445/3445/6656
f 3381/3381/6657 3445/3445/6657 3382/3382/6657
f 3382/3382/6658 3445/3445/6658 3446/3446/6658
f 3382/3382/6659 3446/3446/6659 3383/3383/6659
f 3383/3383/6660 3446/3446/6660 3447/3447/6660
f 3383/3383/6661 3447/3447/6661 3384/3384/6661
f 3384/3384/6662 3447/3447/6662 3448/3448/6662
f 3384/3384/6663 3448/3448/6663 3385/3385/6663
f 3385/3385/6664 3448/3448/6664 3449/3449/6664
f 3385/3385/6665 3449/3449/6665 3386/3386/6665
f 3386/3386/6666 3449/3449/6666 3450/3450/6666
f 3386/3386/6667 3450/3450/6667 3387/3387/6667
f 3387/3387/6668 3450/3450/6668 3451/3451/6668
f 3387/3387/6669 3451/3451/6669 3388/3388/6669
f 3388/3388/6670 3451/3451/6670 3452/3452/6670
f 3388/3388/6671 3452/3452/6671 3389/3389/6671
f 3389/3389/6672 3452/3452/6672 3453/3453/6672
f 3389/3389/6673 3453/3453/6673 3390/3390/6673
f 3390/3390/6674 3453/3453/6674 3454/3454/6674
f 3390/3390/6675 3454/3454/6675 3391/3391/6675
f 3391/3391/6676 3454/3454/6676 3455/3455/6676
f 3391/3391/6677 3455/3455/6677 3392/3392/6677
f 3392/3392/6678 3455/3455/6678 3456/3456/6678
f 3393/3393/6679 3457/3457/6679 3394/3394/6679
f 3394/3394/6680 3457/3457/6680 3458/3458/6680
f 3394/3394/6681 3458/3458/6681 3395/3395/6681
f 3395/3395/6682 3458/3458/6682 3459/3459/6682
f 3395/3395/6683 3459/3459/6683 3396/3396/6683
f 3396/3396/6684 3459/3459/6684 3460/3460/6684
f 3396/3396/6685 3460/3460/6685 3397/3397/6685
f 3397/3397/6686 3460/3460/6686 3461/3461/6686
f 3397/3397/6687 3461/3461/6687 3398/3398/6687
f 3398/3398/6688 3461/3461/6688 3462/3462/6688
f 3398/3398/6689 3462/3462/6689 3399/3399/6689
f 3399/3399/6690 3462/3462/6690 3463/3463/6690
f 3399/3399/6691 3463/3463/6691 3400/3400/6691
f 3400/3400/6692 3463/3463/6692 3464/3464/6692
f 3400/3400/6693 3464/3464/6693 3401/3401/6693
f 3401/3401/6694 3464/3464/6694 3465/3465/6694
f 3401/3401/6695 3465/3465/6695 3402/3402/6695
f 3402/3402/6696 3465/3465/6696 3466/3466/6696
f 3402/3402/6697 3466/3466/6697 3403/3403/6697
f 3403/3403/6698 3466/3466/6698 3467/3467/6698
f 3403/3403/6699 3467/3467/6699 3404/3404/6699
f 3404/3404/6700 3467/3467/6700 3468/3468/6700
f 3404/3404/6701 3468/3468/6701 3405/3405/6701
f 3405/3405/6702 3468/3468/6702 3469/3469/6702
f 3405/3405/6703 3469/3469/6703 3406/3406/6703
f 3406/3406/6704 3469/3469/6704 3470/3470/6704
f 3406/3406/6705 3470/3470/6705 3407/3407/6705
f 3407/3407/6706 3470/3470/6706 3471/3471/6706
f 3407/3407/6707 3471/3471/6707 3408/3408/6707
f 3408/3408/6708 3471/3471/6708 3472/3472/6708
f 3408/3408/6709 3472/3472/6709 3409/3409/6709
f 3409/3409/6710 3472/3472/6710 3473/3473/6710
f 3409/3409/6711 3473/3473/6711 3410/3410/6711
f 3410/3410/6712 3473/3473/6712 3474/3474/6712
f 3410/3410/6713 3474/3474/6713 3411/3411/6713
f 3411/3411/6714 3474/3474/6714 3475/3475/6714
f 3411/3411/6715 3475/3475/6715 3412/3412/6715
f 3412/3412/6716 3475/3475/6716 3476/3476/6716
f 3412/3412/6717 3476/3476/6717 3413/3413/6717
f 3413/3413/6718 3476/3476/6718 3477/3477/6718
f 3413/3413/6719 3477/3477/6719 3414/3414/6719
f 3414/3414/6720 3477/3477/6720 3478/3478/6720
f 3414/3414/6721 3478/3478/6721 3415/3415/6721
f 3415/3415/6722 3478/3478/6722 3479/3479/6722
f 3415/3415/6723 3479/3479/6723 3416/3416/6723
f 3416/3416/6724 3479/3479/6724 3480/3480/6724
f 3416/3416/6725 3480/3480/6725 3417/3417/6725
f 3417/3417/6726 3480/3480/6726 3481/3481/6726
f 3417/3417/6727 3481/3481/6727 3418/3418/6727
f 3418/3418/6728 3481/3481/6728 3482/3482/6728
f 3418/3418/6729 3482/3482/6729 3419/3419/6729
f 3419/3419/6730 3482/3482/6730 3483/3483/6730
f 3419/3419/6731 3483/3483/6731 3420/3420/6731
f 3420/3420/6732 3483/3483/6732 3484/3484/6732
f 3420/3420/6733 3484/3484/6733 3421/3421/6733
f 3421/3421/6734 3484/3484/6734 3485/3485/6734
f 3421/3421/6735 3485/3485/6735 3422/3422/6735
f 3422/3422/6736 3485/3485/6736 3486/3486/6736
f 3422/3422/6737 3486/3486/6737 3423/3423/6737
f 3423/3423/6738 3486/3486/6738 3487/3487/6738
f 3423/3423/6739 3487/3487/6739 3424/3424/6739
f 3424/3424/6740 3487/3487/6740 3488/3488/6740
f 3424/3424/6741 3488/3488/6741 3425/3425/6741
f 3425/3425/6742 3488/3488/6742 3489/3489/6742
f 3425/3425/6743 3489/3489/6743 3426/3426/6743
f 3426/3426/6744 3489/3489/6744 3490/3490/6744
f 3426/3426/6745 3490/3490/6745 3427/3427/6745
f 3427/3427/6746 3490/3490/6746 3491/3491/6746
f 3427/3427/6747 3491/3491/6747 3428/3428/6747
f 3428/3428/6748 3491/3491/6748 3492/3492/6748
f 3428/3428/6749 3492/3492/6749 3429/3429/6749
f 3429/3429/6750 3492/3492/6750 3493/3493/6750
f 3429/3429/6751 3493/3493/6751 3430/3430/6751
f 3430/3430/6752 3493/3493/6752 3494/3494/6752
f 3430/3430/6753 3494/3494/6753 3431/3431/6753
f 3431/3431/6754 3494/3494/6754 3495/3495/6754
f 3431/3431/6755 3495/3495/6755 3432/3432/6755
f 3432/3432/6756 3495/3495/6756 3496/3496/6756
f 3432/3432/6757 3496/3496/6757 3433/3433/6757
f 3433/3433/6758 3496/3496/6758 3497/3497/6758
f 3433/3433/6759 3497/3497/6759 3434/3434/6759
f 3434/3434/6760 3497/3497/6760 3498/3498/6760
f 3434/3434/6761 3498/3498/6761 3435/3435/6761
f 3435/3435/6762 3498/3498/6762 3499/3499/6762
f 3435/3435/6763 3499/3499/6763 3436/3436/6763
f 3436/3436/6764 3499/3499/6764 3500/3500/6764
f 3436/3436/6765 3500/3500/6765 3437/3437/6765
f 3437/3437/6766 3500/3500/6766 3501/3501/6766
f 3437/3437/6767 3501/3501/6767 3438/3438/6767
f 3438/3438/6768 3501/3501/6768 3502/3502/6768
f 3438/3438/6769 3502/3502/6769 3439/3439/6769
f 3439/3439/6770 3502/3502/6770 3503/3503/6770
f 3439/3439/6771 3503/3503/6771 3440/3440/6771
f 3440/3440/6772 3503/3503/6772 3504/3504/6772
f 3440/3440/6773 3504/3504/6773 3441/3441/6773
f 3441/3441/6774 3504/3504/6774 3505/3505/6774
f 3441/3441/6775 3505/3505/6775 3442/3442/6775
f 3442/3442/6776 3505/3505/6776 3506/3506/6776
f 3442/3442/6777 3506/3506/6777 3443/3443/6777
f 3443/3443/6778 3506/3506/6778 3507/3507/6778
f 3443/3443/6779 3507/3507/6779 3444/3444/6779
f 3444/3444/6780 3507/3507/6780 3508/3508/6780
f 3444/3444/6781 3508/3508/6781 3445/3445/6781
f 3445/3445/6782 3508/3508/6782 3509/3509/6782
f 3445/3445/6783 3509/3509/6783 3446/3446/6783
f 3446/3446/6784 3509/3509/6784 3510/3510/6784
f 3446/3446/6785 3510/3510/6785 3447/3447/6785
f 3447/3447/6786 3510/3510/6786 3511/3511/6786
f 3447/3447/6787 3511/3511/6787 3448/3448/6787
f 3448/3448/6788 3511/3511/6788 3512/3512/6788
f 3448/3448/6789 3512/3512/6789 3449/3449/6789
f 3449/3449/6790 3512/3512/6790 3513/3513/6790
f 3449/3449/6791 3513/3513/6791 3450/3450/6791
f 3450/3450/6792 3513/3513/6792 3514/3514/6792
f 3450/3450/6793 3514/3514/6793 3451/3451/6793
f 3451/3451/6794 3514/3514/6794 3515/3515/6794
f 3451/3451/6795 3515/3515/6795 3452/3452/6795
f 3452/3452/6796 3515/3515/6796 3516/3516/6796
f 3452/3452/6797 3516/3516/6797 3453/3453/6797
f 3453/3453/6798 3516/3516/6798 3517/3517/6798
f 3453/3453/6799 3517/3517/6799 3454/3454/6799
f 3454/3454/6800 3517/3517/6800 3518/3518/6800
f 3454/3454/6801 3518/3518/6801 3455/3455/6801
f 3455/3455/6802 3518/3518/6802 3519/3519/6802
f 3455/3455/6803 3519/3519/6803 3456/3456/6803
f 3456/3456/6804 3519/3519/6804 3520/3520/6804
f 3457/3457/6805 3521/3521/6805 3458/3458/6805
f 3458/3458/6806 3521/3521/6806 3522/3522/6806
f 3458/3458/6807 3522/3522/6807 3459/3459/6807
f 3459/3459/6808 3522/3522/6808 3523/3523/6808
f 3459/3459/6809 3523/3523/6809 3460/3460/6809
f 3460/3460/6810 3523/3523/6810 3524/3524/6810
f 3460/3460/6811 3524/3524/6811 3461/3461/6811
f 3461/3461/6812 3524/3524/6812 3525/3525/6812
f 3461/3461/6813 3525/3525/6813 3462/3462/6813
f 3462/3462/6814 3525/3525/6814 3526/3526/6814
f 3462/3462/6815 3526/3526/6815 3463/3463/6815
f 3463/3463/6816 3526/3526/6816 3527/3527/6816
f 3463/3463/6817 3527/3527/6817 3464/3464/6817
f 3464/3464/6818 3527/3527/6818 3528/3528/6818
f 3464/3464/6819 3528/3528/6819 3465/3465/6819
f 3465/3465/6820 3528/3528/6820 3529/3529/6820
f 3465/3465/6821 3529/3529/6821 3466/3466/6821
f 3466/3466/6822 3529/3529/6822 3530/3530/6822
f 3466/3466/6823 3530/3530/6823 3467/3467/6823
f 3467/3467/6824 3530/3530/6824 3531/3531/6824
f 3467/3467/6825 3531/3531/6825 3468/3468/6825
f 3468/3468/6826 3531/3531/6826 3532/3532/6826
f 3468/3468/6827 3532/3532/6827 3469/3469/6827
f 3469/3469/6828 3532/3532/6828 3533/3533/6828
f 3469/3469/6829 3533/3533/6829 3470/3470/6829
f 3470/3470/6830 3533/3533/6830 3534/3534/6830
f 3470/3470/6831 3534/3534/6831 3471/3471/6831
f 3471/3471/6832 3534/3534/6832 3535/3535/6832
f 3471/3471/6833 3535/3535/6833 3472/3472/6833
f 3472/3472/6834 3535/3535/6834 3536/3536/6834
f 3472/3472/6835 3536/3536/6835 3473/3473/6835
f 3473/3473/6836 3536/3536/6836 3537/3537/6836
f 3473/3473/6837 3537/3537/6837 3474/3474/6837
f 3474/3474/6838 3537/3537/6838 3538/3538/6838
f 3474/3474/6839 3538/3538/6839 3475/3475/6839
f 3475/3475/6840 3538/3538/6840 3539/3539/6840
f 3475/3475/6841 3539/3539/6841 3476/3476/6841
f 3476/3476/6842 3539/3539/6842 3540/3540/6842
f 3476/3476/6843 3540/3540/6843 3477/3477/6843
f 3477/3477/6844 3540/3540/6844 3541/3541/6844
f 3477/3477/6845 3541/3541/6845 3478/3478/6845
f 3478/3478/6846 3541/3541/6846 3542/3542/6846
f 3478/3478/6847 3542/3542/6847 3479/3479/6847
f 3479/3479/6848 3542/3542/6848 3543/3543/6848
f 3479/3479/6849 3543/3543/6849 3480/3480/6849
f 3480/3480/6850 3543/3543/6850 3544/3544/6850
f 3480/3480/6851 3544/3544/6851 3481/3481/6851
f 3481/3481/6852 3544/3544/6852 3545/3545/6852
f 3481/3481/6853 3545/3545/6853 3482/3482/6853
f 3482/3482/6854 3545/3545/6854 3546/3546/6854
f 3482/3482/6855 3546/3546/6855 3483/3483/6855
f 3483/3483/6856 3546/3546/6856 3547/3547/6856
f 3483/3483/6857 3547/3547/6857 3484/3484/6857
f 3484/3484/6858 3547/3547/6858 3548/3548/6858
f 3484/3484/6859 3548/3548/6859 3485/3485/6859
f 3485/3485/6860 3548/3548/6860 3549/3549/6860
f 3485/3485/6861 3549/3549/6861 3486/3486/6861
f 3486/3486/6862 3549/3549/6862 3550/3550/6862
f 3486/3486/6863 3550/3550/6863 3487/3487/6863
f 3487/3487/6864 3550/3550/6864 3551/3551/6864
f 3487/3487/6865 3551/3551/6865 3488/3488/6865
f 3488/3488/6866 3551/3551/6866 3552/3552/6866
f 3488/3488/6867 3552/3552/6867 3489/3489/6867
f 3489/3489/6868 3552/3552/6868 3553/3553/6868
f 3489/3489/6869 3553/3553/6869 3490/3490/6869
f 3490/3490/6870 3553/3553/6870 3554/3554/6870
f 3490/3490/6871 3554/3554/6871 3491/3491/6871
f 3491/3491/6872 3554/3554/6872 3555/3555/6872
f 3491/3491/6873 3555/3555/6873 3492/3492/6873
f 3492/3492/6874 3555/3555/6874 3556/3556/6874
f 3492/3492/6875 3556/3556/6875 3493/3493/6875
f 3493/3493/6876 3556/3556/6876 3557/3557/6876
f 3493/3493/6877 3557/3557/6877 3494/3494/6877
f 3494/3494/6878 3557/3557/6878 3558/3558/6878
f 3494/3494/6879 3558/3558/6879 3495/3495/6879
f 3495/3495/6880 3558/3558/6880 3559/3559/6880
f 3495/3495/6881 3559/3559/6881 3496/3496/6881
f 3496/3496/6882 3559/3559/6882 3560/3560/6882
f 3496/3496/6883 3560/3560/6883 3497/3497/6883
f 3497/3497/6884 3560/3560/6884 3561/3561/6884
f 3497/3497/6885 3561/3561/6885 3498/3498/6885
f 3498/3498/6886 3561/3561/6886 3562/3562/6886
f 3498/3498/6887 3562/3562/6887 3499/3499/6887
f 3499/3499/6888 3562/3562/6888 3563/3563/6888
f 3499/3499/6889 3563/3563/6889 3500/3500/6889
f 3500/3500/6890 3563/3563/6890 3564/3564/6890
f 3500/3500/6891 3564/3564/6891 3501/3501/6891
f 3501/3501/6892 3564/3564/6892 3565/3565/6892
f 3501/3501/6893 3565/3565/6893 3502/3502/6893
f 3502/3502/6894 3565/3565/6894 3566/3566/6894
f 3502/3502/6895 3566/3566/6895 3503/3503/6895
f 3503/3503/6896 3566/3566/6896 3567/3567/6896
f 3503/3503/6897 3567/3567/6897 3504/3504/6897
f 3504/3504/6898 3567/3567/6898 3568/3568/6898
f 3504/3504/6899 3568/3568/6899 3505/3505/6899
f 3505/3505/6900 3568/3568/6900 3569/3569/6900
f 3505/3505/6901 3569/3569/6901 3506/3506/6901
f 3506/3506/6902 3569/3569/6902 3570/3570/6902
f 3506/3506/6903 3570/3570/6903 3507/3507/6903
f 3507/3507/6904 3570/3570/6904 3571/3571/6904
f 3507/3507/6905 3571/3571/6905 3508/3508/6905
f 3508/3508/6906 3571/3571/6906 3572/3572/6906
f 3508/3508/6907 3572/3572/6907 3509/3509/6907
f 3509/3509/6908 3572/3572/6908 3573/3573/6908
f 3509/3509/6909 3573/3573/6909 3510/3510/6909
f 3510/3510/6910 3573/3573/6910 3574/3574/6910
f 3510/3510/6911 3574/3574/6911 3511/3511/6911
f 3511/3511/6912 3574/3574/6912 3575/3575/6912
f 3511/3511/6913 3575/3575/6913 3512/3512/6913
f 3512/3512/6914 3575/3575/6914 3576/3576/6914
f 3512/3512/6915 3576/3576/6915 3513/3513/6915
f 3513/3513/6916 3576/3576/6916 3577/3577/6916
f 3513/3513/6917 3577/3577/6917 3514/3514/6917
f 3514/3514/6918 3577/3577/6918 3578/3578/6918
f 3514/3514/6919 3578/3578/6919 3515/3515/6919
f 3515/3515/6920 3578/3578/6920 3579/3579/6920
f 3515/3515/6921 3579/3579/6921 3516/3516/6921
f 3516/3516/6922 3579/3579/6922 3580/3580/6922
f 3516/3516/6923 3580/3580/6923 3517/3517/6923
f 3517/3517/6924 3580/3580/6924 3581/3581/6924
f 3517/3517/6925 3581/3581/6925 3518/3518/6925
f 3518/3518/6926 3581/3581/6926 3582/3582/6926
f 3518/3518/6927 3582/3582/6927 3519/3519/6927
f 3519/3519/6928 3582/3582/6928 3583/3583/6928
f 3519/3519/6929 3583/3583/6929 3520/3520/6929
f 3520/3520/6930 3583/3583/6930 3584/3584/6930
f 3521/3521/6931 3585/3585/6931 3522/3522/6931
f 3522/3522/6932 3585/3585/6932 3586/3586/6932
f 3522/3522/6933 3586/3586/6933 3523/3523/6933
f 3523/3523/6934 3586/3586/6934 3587/3587/6934
f 3523/3523/6935 3587/3587/6935 3524/3524/6935
f 3524/3524/6936 3587/3587/6936 3588/3588/6936
f 3524/3524/6937 3588/3588/6937 3525/3525/6937
f 3525/3525/6938 3588/3588/6938 3589/3589/6938
f 3525/3525/6939 3589/3589/6939 3526/3526/6939
f 3526/3526/6940 3589/3589/6940 3590/3590/6940
f 3526/3526/6941 3590/3590/6941 3527/3527/6941
f 3527/3527/6942 3590/3590/6942 3591/3591/6942
f 3527/3527/6943 3591/3591/6943 3528/3528/6943
f 3528/3528/6944 3591/3591/6944 3592/3592/6944
f 3528/3528/6945 3592/3592/6945 3529/3529/6945
f 3529/3529/6946 3592/3592/6946 3593/3593/6946
f 3529/3529/6947 3593/3593/6947 3530/3530/6947
f 3530/3530/6948 3593/3593/6948 3594/3594/6948
f 3530/3530/6949 3594/3594/6949 3531/3531/6949
f 3531/3531/6950 3594/3594/6950 3595/3595/6950
f 3531/3531/6951 3595/3595/6951 3532/3532/6951
f 3532/3532/6952 3595/3595/6952 3596/3596/6952
f 3532/3532/6953 3596/3596/6953 3533/3533/6953
f 3533/3533/6954 3596/3596/6954 3597/3597/6954
f 3533/3533/6955 3597/3597/6955 3534/3534/6955
f 3534/3534/6956 3597/3597/6956 3598/3598/6956
f 3534/3534/6957 3598/3598/6957 3535/3535/6957
f 3535/3535/6958 3598/3598/6958 3599/3599/6958
f 3535/3535/6959 3599/3599/6959 3536/3536/6959
f 3536/3536/6960 3599/3599/6960 3600/3600/6960
f 3536/3536/6961 3600/3600/6961 3537/3537/6961
f 3537/3537/6962 3600/3600/6962 3601/3601/6962
f 3537/3537/6963 3601/3601/6963 3538/3538/6963
f 3538/3538/6964 3601/3601/6964 3602/3602/6964
f 3538/3538/6965 3602/3602/6965 3539/3539/6965
f 3539/3539/6966 3602/3602/6966 3603/3603/6966
f 3539/3539/6967 3603/3603/6967 3540/3540/6967
f 3540/3540/6968 3603/3603/6968 3604/3604/6968
f 3540/3540/6969 3604/3604/6969 3541/3541/6969
f 3541/3541/6970 3604/3604/6970 3605/3605/6970
f 3541/3541/6971 3605/3605/6971 3542/3542/6971
f 3542/3542/6972 3605/3605/6972 3606/3606/6972
f 3542/3542/6973 3606/3606/6973 3543/3543/6973
f 3543/3543/6974 3606/3606/6974 3607/3607/6974
f 3543/3543/6975 3607/3607/6975 3544/3544/6975
f 3544/3544/6976 3607/3607/6976 3608/3608/6976
f 3544/3544/6977 3608/3608/6977 3545/3545/6977
f 3545/3545/6978 3608/3608/6978 3609/3609/6978
f 3545/3545/6979 3609/3609/6979 3546/3546/6979
f 3546/3546/6980 3609/3609/6980 3610/3610/6980
f 3546/3546/6981 3610/3610/6981 3547/3547/6981
f 3547/3547/6982 3610/3610/6982 3611/3611/6982
f 3547/3547/6983 3611/3611/6983 3548/3548/6983
f 3548/3548/6984 3611/3611/6984 3612/3612/6984
f 3548/3548/6985 3612/3612/6985 3549/3549/6985
f 3549/3549/6986 3612/3612/6986 3613/3613/6986
f 3549/3549/6987 3613/3613/6987 3550/3550/6987
f 3550/3550/6988 3613/3613/6988 3614/3614/6988
f 3550/3550/6989 3614/3614/6989 3551/3551/6989
f 3551/3551/6990 3614/3614/6990 3615/3615/6990
f 3551/3551/6991 3615/3615/6991 3552/3552/6991
f 3552/3552/6992 3615/3615/6992 3616/3616/6992
f 3552/3552/6993 3616/3616/6993 3553/3553/6993
f 3553/3553/6994 3616/3616/6994 3617/3617/6994
f 3553/3553/6995 3617/3617/6995 3554/3554/6995
f 3554/3554/6996 3617/3617/6996 3618/3618/6996
f 3554/3554/6997 3618/3618/6997 3555/3555/6997
f 3555/3555/6998 3618/3618/6998 3619/3619/6998
f 3555/3555/6999 3619/3619/6999 3556/3556/6999
f 3556/3556/7000 3619/3619/7000 3620/3620/7000
f 3556/3556/7001 3620/3620/7001 3557/3557/7001
f 3557/3557/7002 3620/3620/7002 3621/3621/7002
f 3557/3557/7003 3621/3621/7003 3558/3558/7003
f 3558/3558/7004 3621/3621/7004 3622/3622/7004
f 3558/3558/7005 3622/3622/7005 3559/3559/7005
f 3559/3559/7006 3622/3622/7006 3623/3623/7006
f 3559/3559/7007 3623/3623/7007 3560/3560/7007
f 3560/3560/7008 3623/3623/7008 3624/3624/7008
f 3560/3560/7009 3624/3624/7009 3561/3561/7009
f 3561/3561/7010 3624/3624/7010 3625/3625/7010
f 3561/3561/7011 3625/3625/7011 3562/3562/7011
f 3562/3562/7012 3625/3625/7012 3626/3626/7012
f 3562/3562/7013 3626/3626/7013 3563/3563/7013
f 3563/3563/7014 3626/3626/7014 3627/3627/7014
f 3563/3563/7015 3627/3627/7015 3564/3564/7015
f 3564/3564/7016 3627/3627/7016 3628/3628/7016
f 3564/3564/7017 3628/3628/7017 3565/3565/7017
f 3565/3565/7018 3628/3628/7018 3629/3629/7018
f 3565/3565/7019 3629/3629/7019 3566/3566/7019
f 3566/3566/7020 3629/3629/7020 3630/3630/7020
f 3566/3566/7021 3630/3630/7021 3567/3567/7021
f 3567/3567/7022 3630/3630/7022 3631/3631/7022
f 3567/3567/7023 3631/3631/7023 3568/3568/7023
f 3568/3568/7024 3631/3631/7024 3632/3632/7024
f 3568/3568/7025 3632/3632/7025 3569/3569/7025
f 3569/3569/7026 3632/3632/7026 3633/3633/7026
f 3569/3569/7027 3633/3633/7027 3570/3570/7027
f 3570/3570/7028 3633/3633/7028 3634/3634/7028
f 3570/3570/7029 3634/3634/7029 3571/3571/7029
f 3571/3571/7030 3634/3634/7030 3635/3635/7030
f 3571/3571/7031 3635/3635/7031 3572/3572/7031
f 3572/3572/7032 3635/3635/7032 3636/3636/7032
f 3572/3572/7033 3636/3636/7033 3573/3573/7033
f 3573/3573/7034 3636/3636/7034 3637/3637/7034
f 3573/3573/7035 3637/3637/7035 3574/3574/7035
f 3574/3574/7036 3637/3637/7036 3638/3638/7036
f 3574/3574/7037 3638/3638/7037 3575/3575/7037
f 3575/3575/7038 3638/3638/7038 3639/3639/7038
f 3575/3575/7039 3639/3639/7039 3576/3576/7039
f 3576/3576/7040 3639/3639/7040 3640/3640/7040
f 3576/3576/7041 3640/3640/7041 3577/3577/7041
f 3577/3577/7042 3640/3640/7042 3641/3641/7042
f 3577/3577/7043 3641/3641/7043 3578/3578/7043
f 3578/3578/7044 3641/3641/7044 3642/3642/7044
f 3578/3578/7045 3642/3642/7045 3579/3579/7045
f 3579/3579/7046 3642/3642/7046 3643/3643/7046
f 3579/3579/7047 3643/3643/7047 3580/3580/7047
f 3580/3580/7048 3643/3643/7048 3644/3644/7048
f 3580/3580/7049 3644/3644/7049 3581/3581/7049
f 3581/3581/7050 3644/3644/7050 3645/3645/7050
f 3581/3581/7051 3645/3645/7051 3582/3582/7051
f 3582/3582/7052 3645/3645/7052 3646/3646/7052
f 3582/3582/7053 3646/3646/7053 3583/3583/7053
f 3583/3583/7054 3646/3646/7054 3647/3647/7054
f 3583/3583/7055 3647/3647/7055 3584/3584/7055
f 3584/3584/7056 3647/3647/7056 3648/3648/7056
f 3585/3585/7057 3649/3649/7057 3586/3586/7057
f 3586/3586/7058 3649/3649/7058 3650/3650/7058
f 3586/3586/7059 3650/3650/7059 3587/3587/7059
f 3587/3587/7060 3650/3650/7060 3651/3651/7060
f 3587/3587/7061 3651/3651/7061 3588/3588/7061
f 3588/3588/7062 3651/3651/7062 3652/3652/7062
f 3588/3588/7063 3652/3652/7063 3589/3589/7063
f 3589/3589/7064 3652/3652/7064 3653/3653/7064
f 3589/3589/7065 3653/3653/7065 3590/3590/7065
f 3590/3590/7066 3653/3653/7066 3654/3654/7066
f 3590/3590/7067 3654/3654/7067 3591/3591/7067
f 3591/3591/7068 3654/3654/7068 3655/3655/7068
f 3591/3591/7069 3655/3655/7069 3592/3592/7069
f 3592/3592/7070 3655/3655/7070 3656/3656/7070
f 3592/3592/7071 3656/3656/7071 3593/3593/7071
f 3593/3593/7072 3656/3656/7072 3657/3657/7072
f 3593/3593/7073 3657/3657/7073 3594/3594/7073
f 3594/3594/7074 3657/3657/7074 3658/3658/7074
f 3594/3594/7075 3658/3658/7075 3595/3595/7075
f 3595/3595/7076 3658/3658/7076 3659/3659/7076
f 3595/3595/7077 3659/3659/7077 3596/3596/7077
f 3596/3596/7078 3659/3659/7078 3660/3660/7078
f 3596/3596/7079 3660/3660/7079 3597/3597/7079
f 3597/3597/7080 3660/3660/7080 3661/3661/7080
f 3597/3597/7081 3661/3661/7081 3598/3598/7081
f 3598/3598/7082 3661/3661/7082 3662/3662/7082
f 3598/3598/7083 3662/3662/7083 3599/3599/7083
f 3599/3599/7084 3662/3662/7084 3663/3663/7084
f 3599/3599/7085 3663/3663/7085 3600/3600/7085
f 3600/3600/7086 3663/3663/7086 3664/3664/7086
f 3600/3600/7087 3664/3664/7087 3601/3601/7087
f 3601/3601/7088 3664/3664/7088 3665/3665/7088
f 3601/3601/7089 3665/3665/7089 3602/3602/7089
f 3602/3602/7090 3665/3665/7090 3666/3666/7090
f 3602/3602/7091 3666/3666/7091 3603/3603/7091
f 3603/3603/7092 3666/3666/7092 3667/3667/7092
f 3603/3603/7093 3667/3667/7093 3604/3604/7093
f 3604/3604/7094 3667/3667/7094 3668/3668/7094
f 3604/3604/7095 3668/3668/7095 3605/3605/7095
f 3605/3605/7096 3668/3668/7096 3669/3669/7096
f 3605/3605/7097 3669/3669/7097 3606/3606/7097
f 3606/3606/7098 3669/3669/7098 3670/3670/7098
f 3606/3606/7099 3670/3670/7099 3607/3607/7099
f 3607/3607/7100 3670/3670/7100 3671/3671/7100
f 3607/3607/7101 3671/3671/7101 3608/3608/7101
f 3608/3608/7102 3671/3671/7102 3672/3672/7102
f 3608/3608/7103 3672/3672/7103 3609/3609/7103
f 3609/3609/7104 3672/3672/7104 3673/3673/7104
f 3609/3609/7105 3673/3673/7105 3610/3610/7105
f 3610/3610/7106 3673/3673/7106 3674/3674/7106
f 3610/3610/7107 3674/3674/7107 3611/3611/7107
f 3611/3611/7108 3674/3674/7108 3675/3675/7108
f 3611/3611/7109 3675/3675/7109 3612/3612/7109
f 3612/3612/7110 3675/3675/7110 3676/3676/7110
f 3612/3612/7111 3676/3676/7111 3613/3613/7111
f 3613/3613/7112 3676/3676/7112 3677/3677/7112
f 3613/3613/7113 3677/3677/7113 3614/3614/7113
f 3614/3614/7114 3677/3677/7114 3678/3678/7114
f 3614/3614/7115 3678/3678/7115 3615/3615/7115
f 3615/3615/7116 3678/3678/7116 3679/3679/7116
f 3615/3615/7117 3679/3679/7117 3616/3616/7117
f 3616/3616/7118 3679/3679/7118 3680/3680/7118
f 3616/3616/7119 3680/3680/7119 3617/3617/7119
f 3617/3617/7120 3680/3680/7120 3681/3681/7120
f 3617/3617/7121 3681/3681/7121 3618/3618/7121
f 3618/3618/7122 3681/3681/7122 3682/3682/7122
f 3618/3618/7123 3682/3682/7123 3619/3619/7123
f 3619/3619/7124 3682/3682/7124 3683/3683/7124
f 3619/3619/7125 3683/3683/7125 3620/3620/7125
f 3620/3620/7126 3683/3683/7126 3684/3684/7126
f 3620/3620/7127 3684/3684/7127 3621/3621/7127
f 3621/3621/7128 3684/3684/7128 3685/3685/7128
f 3621/3621/7129 3685/3685/7129 3622/3622/7129
f 3622/3622/7130 3685/3685/7130 3686/3686/7130
f 3622/3622/7131 3686/3686/7131 3623/3623/7131
f 3623/3623/7132 3686/3686/7132 3687/3687/7132
f 3623/3623/7133 3687/3687/7133 3624/3624/7133
f 3624/3624/7134 3687/3687/7134 3688/3688/7134
f 3624/3624/7135 3688/3688/7135 3625/3625/7135
f 3625/3625/7136 3688/3688/7136 3689/3689/7136
f 3625/3625/7137 3689/3689/7137 3626/3626/7137
f 3626/3626/7138 3689/3689/7138 3690/3690/7138
f 3626/3626/7139 3690/3690/7139 3627/3627/7139
f 3627/3627/7140 3690/3690/7140 3691/3691/7140
f 3627/3627/7141 3691/3691/7141 3628/3628/7141
f 3628/3628/7142 3691/3691/7142 3692/3692/7142
f 3628/3628/7143 3692/3692/7143 3629/3629/7143
f 3629/3629/7144 3692/3692/7144 3693/3693/7144
f 3629/3629/7145 3693/3693/7145 3630/3630/7145
f 3630/3630/7146 3693/3693/7146 3694/3694/7146
f 3630/3630/7147 3694/3694/7147 3631/3631/7147
f 3631/3631/7148 3694/3694/7148 3695/3695/7148
f 3631/3631/7149 3695/3695/7149 3632/3632/7149
f 3632/3632/7150 3695/3695/7150 3696/3696/7150
f 3632/3632/7151 3696/3696/7151 3633/3633/7151
f 3633/3633/7152 3696/3696/7152 3697/3697/7152
f 3633/3633/7153 3697/3697/7153 3634/3634/7153
f 3634/3634/7154 3697/3697/7154 3698/3698/7154
f 3634/3634/7155 3698/3698/7155 3635/3635/7155
f 3635/3635/7156 3698/3698/7156 3699/3699/7156
f 3635/3635/7157 3699/3699/7157 3636/3636/7157
f 3636/3636/7158 3699/3699/7158 3700/3700/7158
f 3636/3636/7159 3700/3700/7159 3637/3637/7159
f 3637/3637/7160 3700/3700/7160 3701/3701/7160
f 3637/3637/7161 3701/3701/7161 3638/3638/7161
f 3638/3638/7162 3701/3701/7162 3702/3702/7162
f 3638/3638/7163 3702/3702/7163 3639/3639/7163
f 3639/3639/7164 3702/3702/7164 3703/3703/7164
f 3639/3639/7165 3703/3703/7165 3640/3640/7165
f 3640/3640/7166 3703/3703/7166 3704/3704/7166
f 3640/3640/7167 3704/3704/7167 3641/3641/7167
f 3641/3641/7168 3704/3704/7168 3705/3705/7168
f 3641/3641/7169 3705/3705/7169 3642/3642/7169
f 3642/3642/7170 3705/3705/7170 3706/3706/7170
f 3642/3642/7171 3706/3706/7171 3643/3643/7171
f 3643/3643/7172 3706/3706/7172 3707/3707/7172
f 3643/3643/7173 3707/3707/7173 3644/3644/7173
f 3644/3644/7174 3707/3707/7174 3708/3708/7174
f 3644/3644/7175 3708/3708/7175 3645/3645/7175
f 3645/3645/7176 3708/3708/7176 3709/3709/7176
f 3645/3645/7177 3709/3709/7177 3646/3646/7177
f 3646/3646/7178 3709/3709/7178 3710/3710/7178
f 3646/3646/7179 3710/3710/7179 3647/3647/7179
f 3647/3647/7180 3710/3710/7180 3711/3711/7180
f 3647/3647/7181 3711/3711/7181 3648/3648/7181
f 3648/3648/7182 3711/3711/7182 3712/3712/7182
f 3649/3649/7183 3713/3713/7183 3650/3650/7183
f 3650/3650/7184 3713/3713/7184 3714/3714/7184
f 3650/3650/7185 3714/3714/7185 3651/3651/7185
f 3651/3651/7186 3714/3714/7186 3715/3715/7186
f 3651/3651/7187 3715/3715/7187 3652/3652/7187
f 3652/3652/7188 3715/3715/7188 3716/3716/7188
f 3652/3652/7189 3716/3716/7189 3653/3653/7189
f 3653/3653/7190 3716/3716/7190 3717/3717/7190
f 3653/3653/7191 3717/3717/7191 3654/3654/7191
f 3654/3654/7192 3717/3717/7192 3718/3718/7192
f 3654/3654/7193 3718/3718/7193 3655/3655/7193
f 3655/3655/7194 3718/3718/7194 3719/3719/7194
f 3655/3655/7195 3719/3719/7195 3656/3656/7195
f 3656/3656/7196 3719/3719/7196 3720/3720/7196
f 3656/3656/7197 3720/3720/7197 3657/3657/7197
f 3657/3657/7198 3720/3720/7198 3721/3721/7198
f 3657/3657/7199 3721/3721/7199 3658/3658/7199
f 3658/3658/7200 3721/3721/7200 3722/3722/7200
f 3658/3658/7201 3722/3722/7201 3659/3659/7201
f 3659/3659/7202 3722/3722/7202 3723/3723/7202
f 3659/3659/7203 3723/3723/7203 3660/3660/7203
f 3660/3660/7204 3723/3723/7204 3724/3724/7204
f 3660/3660/7205 3724/3724/7205 3661/3661/7205
f 3661/3661/7206 3724/3724/7206 3725/3725/7206
f 3661/3661/7207 3725/3725/7207 3662/3662/7207
f 3662/3662/7208 3725/3725/7208 3726/3726/7208
f 3662/3662/7209 3726/3726/7209 3663/3663/7209
f 3663/3663/7210 3726/3726/7210 3727/3727/7210
f 3663/3663/7211 3727/3727/7211 3664/3664/7211
f 3664/3664/7212 3727/3727/7212 3728/3728/7212
f 3664/3664/7213 3728/3728/7213 3665/3665/7213
f 3665/3665/7214 3728/3728/7214 3729/3729/7214
f 3665/3665/7215 3729/3729/7215 3666/3666/7215
f 3666/3666/7216 3729/3729/7216 3730/3730/7216
f 3666/3666/7217 3730/3730/7217 3667/3667/7217
f 3667/3667/7218 3730/3730/7218 3731/3731/7218
f 3667/3667/7219 3731/3731/7219 3668/3668/7219
f 3668/3668/7220 3731/3731/7220 3732/3732/7220
f 3668/3668/7221 3732/3732/7221 3669/3669/7221
f 3669/3669/7222 3732/3732/7222 3733/3733/7222
f 3669/3669/7223 3733/3733/7223 3670/3670/7223
f 3670/3670/7224 3733/3733/7224 3734/3734/7224
f 3670/3670/7225 3734/3734/7225 3671/3671/7225
f 3671/3671/7226 3734/3734/7226 3735/3735/7226
f 3671/3671/7227 3735/3735/7227 3672/3672/7227
f 3672/3672/7228 3735/3735/7228 3736/3736/7228
f 3672/3672/7229 3736/3736/7229 3673/3673/7229
f 3673/3673/7230 3736/3736/7230 3737/3737/7230
f 3673/3673/7231 3737/3737/7231 3674/3674/7231
f 3674/3674/7232 3737/3737/7232 3738/3738/7232
f 3674/3674/7233 3738/3738/7233 3675/3675/7233
f 3675/3675/7234 3738/3738/7234 3739/3739/7234
f 3675/3675/7235 3739/3739/7235 3676/3676/7235
f 3676/3676/7236 3739/3739/7236 3740/3740/7236
f 3676/3676/7237 3740/3740/7237 3677/3677/7237
f 3677/3677/7238 3740/3740/7238 3741/3741/7238
f 3677/3677/7239 3741/3741/7239 3678/3678/7239
f 3678/3678/7240 3741/3741/7240 3742/3742/7240
f 3678/3678/7241 3742/3742/7241 3679/3679/7241
f 3679/3679/7242 3742/3742/7242 3743/3743/7242
f 3679/3679/7243 3743/3743/7243 3680/3680/7243
f 3680/3680/7244 3743/3743/7244 3744/3744/7244
f 3680/3680/7245 3744/3744/7245 3681/3681/7245
f 3681/3681/7246 3744/3744/7246 3745/3745/7246
f 3681/3681/7247 3745/3745/7247 3682/3682/7247
f 3682/3682/7248 3745/3745/7248 3746/3746/7248
f 3682/3682/7249 3746/3746/7249 3683/3683/7249
f 3683/3683/7250 3746/3746/7250 3747/3747/7250
f 3683/3683/7251 3747/3747/7251 3684/3684/7251
f 3684/3684/7252 3747/3747/7252 3748/3748/7252
f 3684/3684/7253 3748/3748/7253 3685/3685/7253
f 3685/3685/7254 3748/3748/7254 3749/3749/7254
f 3685/3685/7255 3749/3749/7255 3686/3686/7255
f 3686/3686/7256 3749/3749/7256 3750/3750/7256
f 3686/3686/7257 3750/3750/7257 3687/3687/7257
f 3687/3687/7258 3750/3750/7258 3751/3751/7258
f 3687/3687/7259 3751/3751/7259 3688/3688/7259
f 3688/3688/7260 3751/3751/7260 3752/3752/7260
f 3688/3688/7261 3752/3752/7261 3689/3689/7261
f 3689/3689/7262 3752/3752/7262 3753/3753/7262
f 3689/3689/7263 3753/3753/7263 3690/3690/7263
f 3690/3690/7264 3753/3753/7264 3754/3754/7264
f 3690/3690/7265 3754/3754/7265 3691/3691/7265
f 3691/3691/7266 3754/3754/7266 3755/3755/7266
f 3691/3691/7267 3755/3755/7267 3692/3692/7267
f 3692/3692/7268 3755/3755/7268 3756/3756/7268
f 3692/3692/7269 3756/3756/7269 3693/3693/7269
f 3693/3693/7270 3756/3756/7270 3757/3757/7270
f 3693/3693/7271 3757/3757/7271 3694/3694/7271
f 3694/3694/7272 3757/3757/7272 3758/3758/7272
f 3694/3694/7273 3758/3758/7273 3695/3695/7273
f 3695/3695/7274 3758/3758/7274 3759/3759/7274
f 3695/3695/7275 3759/3759/7275 3696/3696/7275
f 3696/3696/7276 3759/3759/7276 3760/3760/7276
f 3696/3696/7277 3760/3760/7277 3697/3697/7277
f 3697/3697/7278 3760/3760/7278 3761/3761/7278
f 3697/3697/7279 3761/3761/7279 3698/3698/7279
f 3698/3698/7280 3761/3761/7280 3762/3762/7280
f 3698/3698/7281 3762/3762/7281 3699/3699/7281
f 3699/3699/7282 3762/3762/7282 3763/3763/7282
f 3699/3699/7283 3763/3763/7283 3700/3700/7283
f 3700/3700/7284 3763/3763/7284 3764/3764/7284
f 3700/3700/7285 3764/3764/7285 3701/3701/7285
f 3701/3701/7286 3764/3764/7286 3765/3765/7286
f 3701/3701/7287 3765/3765/7287 3702/3702/7287
f 3702/3702/7288 3765/3765/7288 3766/3766/7288
f 3702/3702/7289 3766/3766/7289 3703/3703/7289
f 3703/3703/7290 3766/3766/7290 3767/3767/7290
f 3703/3703/7291 3767/3767/7291 3704/3704/7291
f 3704/3704/7292 3767/3767/7292 3768/3768/7292
f 3704/3704/7293 3768/3768/7293 3705/3705/7293
f 3705/3705/7294 3768/3768/7294 3769/3769/7294
f 3705/3705/7295 3769/3769/7295 3706/3706/7295
f 3706/3706/7296 3769/3769/7296 3770/3770/7296
f 3706/3706/7297 3770/3770/7297 3707/3707/7297
f 3707/3707/7298 3770/3770/7298 3771/3771/7298
f 3707/3707/7299 3771/3771/7299 3708/3708/7299
f 3708/3708/7300 3771/3771/7300 3772/3772/7300
f 3708/3708/7301 3772/3772/7301 3709/3709/7301
f 3709/3709/7302 3772/3772/7302 3773/3773/7302
f 3709/3709/7303 3773/3773/7303 3710/3710/7303
f 3710/3710/7304 3773/3773/7304 3774/3774/7304
f 3710/3710/7305 3774/3774/7305 3711/3711/7305
f 3711/3711/7306 3774/3774/7306 3775/3775/7306
f 3711/3711/7307 3775/3775/7307 3712/3712/7307
f 3712/3712/7308 3775/3775/7308 3776/3776/7308
f 3713/3713/7309 3777/3777/7309 3714/3714/7309
f 3714/3714/7310 3777/3777/7310 3778/3778/7310
f 3714/3714/7311 3778/3778/7311 3715/3715/7311
f 3715/3715/7312 3778/3778/7312 3779/3779/7312
f 3715/3715/7313 3779/3779/7313 3716/3716/7313
f 3716/3716/7314 3779/3779/7314 3780/3780/7314
f 3716/3716/7315 3780/3780/7315 3717/3717/7315
f 3717/3717/7316 3780/3780/7316 3781/3781/7316
f 3717/3717/7317 3781/3781/7317 3718/3718/7317
f 3718/3718/7318 3781/3781/7318 3782/3782/7318
f 3718/3718/7319 3782/3782/7319 3719/3719/7319
f 3719/3719/7320 3782/3782/7320 3783/3783/7320
f 3719/3719/7321 3783/3783/7321 3720/3720/7321
f 3720/3720/7322 3783/3783/7322 3784/3784/7322
f 3720/3720/7323 3784/3784/7323 3721/3721/7323
f 3721/3721/7324 3784/3784/7324 3785/3785/7324
f 3721/3721/7325 3785/3785/7325 3722/3722/7325
f 3722/3722/7326 3785/3785/7326 3786/3786/7326
f 3722/3722/7327 3786/3786/7327 3723/3723/7327
f 3723/3723/7328 3786/3786/7328 3787/3787/7328
f 3723/3723/7329 3787/3787/7329 3724/3724/7329
f 3724/3724/7330 3787/3787/7330 3788/3788/7330
f 3724/3724/7331 3788/3788/7331 3725/3725/7331
f 3725/3725/7332 3788/3788/7332 3789/3789/7332
f 3725/3725/7333 3789/3789/7333 3726/3726/7333
f 3726/3726/7334 3789/3789/7334 3790/3790/7334
f 3726/3726/7335 3790/3790/7335 3727/3727/7335
f 3727/3727/7336 3790/3790/7336 3791/3791/7336
f 3727/3727/7337 3791/3791/7337 3728/3728/7337
f 3728/3728/7338 3791/3791/7338 3792/3792/7338
f 3728/3728/7339 3792/3792/7339 3729/3729/7339
f 3729/3729/7340 3792/3792/7340 3793/3793/7340
f 3729/3729/7341 3793/3793/7341 3730/3730/7341
f 3730/3730/7342 3793/3793/7342 3794/3794/7342
f 3730/3730/7343 3794/3794/7343 3731/3731/7343
f 3731/3731/7344 3794/3794/7344 3795/3795/7344
f 3731/3731/7345 3795/3795/7345 3732/3732/7345
f 3732/3732/7346 3795/3795/7346 3796/3796/7346
f 3732/3732/7347 3796/3796/7347 3733/3733/7347
f 3733/3733/7348 3796/3796/7348 3797/3797/7348
f 3733/3733/7349 3797/3797/7349 3734/3734/7349
f 3734/3734/7350 3797/3797/7350 3798/3798/7350
f 3734/3734/7351 3798/3798/7351 3735/3735/7351
f 3735/3735/7352 3798/3798/7352 3799/3799/7352
f 3735/3735/7353 3799/3799/7353 3736/3736/7353
f 3736/3736/7354 3799/3799/7354 3800/3800/7354
f 3736/3736/7355 3800/3800/7355 3737/3737/7355
f 3737/3737/7356 3800/3800/7356 3801/3801/7356
f 3737/3737/7357 3801/3801/7357 3738/3738/7357
f 3738/3738/7358 3801/3801/7358 3802/3802/7358
f 3738/3738/7359 3802/3802/7359 3739/3739/7359
f 3739/3739/7360 3802/3802/7360 3803/3803/7360
f 3739/3739/7361 3803/3803/7361 3740/3740/7361
f 3740/3740/7362 3803/3803/7362 3804/3804/7362
f 3740/3740/7363 3804/3804/7363 3741/3741/7363
f 3741/3741/7364 3804/3804/7364 3805/3805/7364
f 3741/3741/7365 3805/3805/7365 3742/3742/7365
f 3742/3742/7366 3805/3805/7366 3806/3806/7366
f 3742/3742/7367 3806/3806/7367 3743/3743/7367
f 3743/3743/7368 3806/3806/7368 3807/3807/7368
f 3743/3743/7369 3807/3807/7369 3744/3744/7369
f 3744/3744/7370 3807/3807/7370 3808/3808/7370
f 3744/3744/7371 3808/3808/7371 3745/3745/7371
f 3745/3745/7372 3808/3808/7372 3809/3809/7372
f 3745/3745/7373 3809/3809/7373 3746/3746/7373
f 3746/3746/7374 3809/3809/7374 3810/3810/7374
f 3746/3746/7375 3810/3810/7375 3747/3747/7375
f 3747/3747/7376 3810/3810/7376 3811/3811/7376
f 3747/3747/7377 3811/3811/7377 3748/3748/7377
f 3748/3748/7378 3811/3811/7378 3812/3812/7378
f 3748/3748/7379 3812/3812/7379 3749/3749/7379
f 3749/3749/7380 3812/3812/7380 3813/3813/7380
f 3749/3749/7381 3813/3813/7381 3750/3750/7381
f 3750/3750/7382 3813/3813/7382 3814/3814/7382
f 3750/3750/7383 3814/3814/7383 3751/3751/7383
f 3751/3751/7384 3814/3814/7384 3815/3815/7384
f 3751/3751/7385 3815/3815/7385 3752/3752/7385
f 3752/3752/7386 3815/3815/7386 3816/3816/7386
f 3752/3752/7387 3816/3816/7387 3753/3753/7387
f 3753/3753/7388 3816/3816/7388 3817/3817/7388
f 3753/3753/7389 3817/3817/7389 3754/3754/7389
f 3754/3754/7390 3817/3817/7390 3818/3818/7390
f 3754/3754/7391 3818/3818/7391 3755/3755/7391
f 3755/3755/7392 3818/3818/7392 3819/3819/7392
f 3755/3755/7393 3819/3819/7393 3756/3756/7393
f 3756/3756/7394 3819/3819/7394 3820/3820/7394
f 3756/3756/7395 3820/3820/7395 3757/3757/7395
f 3757/3757/7396 3820/3820/7396 3821/3821/7396
f 3757/3757/7397 3821/3821/7397 3758/3758/7397
f 3758/3758/7398 3821/3821/7398 3822/3822/7398
f 3758/3758/7399 3822/3822/7399 3759/3759/7399
f 3759/3759/7400 3822/3822/7400 3823/3823/7400
f 3759/3759/7401 3823/3823/7401 3760/3760/7401
f 3760/3760/7402 3823/3823/7402 3824/3824/7402
f 3760/3760/7403 3824/3824/7403 3761/3761/7403
f 3761/3761/7404 3824/3824/7404 3825/3825/7404
f 3761/3761/7405 3825/3825/7405 3762/3762/7405
f 3762/3762/7406 3825/3825/7406 3826/3826/7406
f 3762/3762/7407 3826/3826/7407 3763/3763/7407
f 3763/3763/7408 3826/3826/7408 3827/3827/7408
f 3763/3763/7409 3827/3827/7409 3764/3764/7409
f 3764/3764/7410 3827/3827/7410 3828/3828/7410
f 3764/3764/7411 3828/3828/7411 3765/3765/7411
f 3765/3765/7412 3828/3828/7412 3829/3829/7412
f 3765/3765/7413 3829/3829/7413 3766/3766/7413
f 3766/3766/7414 3829/3829/7414 3830/3830/7414
f 3766/3766/7415 3830/3830/7415 3767/3767/7415
f 3767/3767/7416 3830/3830/7416 3831/3831/7416
f 3767/3767/7417 3831/3831/7417 3768/3768/7417
f 3768/3768/7418 3831/3831/7418 3832/3832/7418
f 3768/3768/7419 3832/3832/7419 3769/3769/7419
f 3769/3769/7420 3832/3832/7420 3833/3833/7420
f 3769/3769/7421 3833/3833/7421 3770/3770/7421
f 3770/3770/7422 3833/3833/7422 3834/3834/7422
f 3770/3770/7423 3834/3834/7423 3771/3771/7423
f 3771/3771/7424 3834/3834/7424 3835/3835/7424
f 3771/3771/7425 3835/3835/7425 3772/3772/7425
f 3772/3772/7426 3835/3835/7426 3836/3836/7426
f 3772/3772/7427 3836/3836/7427 3773/3773/7427
f 3773/3773/7428 3836/3836/7428 3837/3837/7428
f 3773/3773/7429 3837/3837/7429 3774/3774/7429
f 3774/3774/7430 3837/3837/7430 3838/3838/7430
f 3774/3774/7431 3838/3838/7431 3775/3775/7431
f 3775/3775/7432 3838/3838/7432 3839/3839/7432
f 3775/3775/7433 3839/3839/7433 3776/3776/7433
f 3776/3776/7434 3839/3839/7434 3840/3840/7434
f 3777/3777/7435 3841/3841/7435 3778/3778/7435
f 3778/3778/7436 3841/3841/7436 3842/3842/7436
f 3778/3778/7437 3842/3842/7437 3779/3779/7437
f 3779/3779/7438 3842/3842/7438 3843/3843/7438
f 3779/3779/7439 3843/3843/7439 3780/3780/7439
f 3780/3780/7440 3843/3843/7440 3844/3844/7440
f 3780/3780/7441 3844/3844/7441 3781/3781/7441
f 3781/3781/7442 3844/3844/7442 3845/3845/7442
f 3781/3781/7443 3845/3845/7443 3782/3782/7443
f 3782/3782/7444 3845/3845/7444 3846/3846/7444
f 3782/3782/7445 3846/3846/7445 3783/3783/7445
f 3783/3783/7446 3846/3846/7446 3847/3847/7446
f 3783/3783/7447 3847/3847/7447 3784/3784/7447
f 3784/3784/7448 3847/3847/7448 3848/3848/7448
f 3784/3784/7449 3848/3848/7449 3785/3785/7449
f 3785/3785/7450 3848/3848/7450 3849/3849/7450
f 3785/3785/7451 3849/3849/7451 3786/3786/7451
f 3786/3786/7452 3849/3849/7452 3850/3850/7452
f 3786/3786/7453 3850/3850/7453 3787/3787/7453
f 3787/3787/7454 3850/3850/7454 3851/3851/7454
f 3787/3787/7455 3851/3851/7455 3788/3788/7455
f 3788/3788/7456 3851/3851/7456 3852/3852/7456
f 3788/3788/7457 3852/3852/7457 3789/3789/7457
f 3789/3789/7458 3852/3852/7458 3853/3853/7458
f 3789/3789/7459 3853/3853/7459 3790/3790/7459
f 3790/3790/7460 3853/3853/7460 3854/3854/7460
f 3790/3790/7461 3854/3854/7461 3791/3791/7461
f 3791/3791/7462 3854/3854/7462 3855/3855/7462
f 3791/3791/7463 3855/3855/7463 3792/3792/7463
f 3792/3792/7464 3855/3855/7464 3856/3856/7464
f 3792/3792/7465 3856/3856/7465 3793/3793/7465
f 3793/3793/7466 3856/3856/7466 3857/3857/7466
f 3793/3793/7467 3857/3857/7467 3794/3794/7467
f 3794/3794/7468 3857/3857/7468 3858/3858/7468
f 3794/3794/7469 3858/3858/7469 3795/3795/7469
f 3795/3795/7470 3858/3858/7470 3859/3859/7470
f 3795/3795/7471 3859/3859/7471 3796/3796/7471
f 3796/3796/7472 3859/3859/7472 3860/3860/7472
f 3796/3796/7473 3860/3860/7473 3797/3797/7473
f 3797/3797/7474 3860/3860/7474 3861/3861/7474
f 3797/3797/7475 3861/3861/7475 3798/3798/7475
f 3798/3798/7476 3861/3861/7476 3862/3862/7476
f 3798/3798/7477 3862/3862/7477 3799/3799/7477
f 3799/3799/7478 3862/3862/7478 3863/3863/7478
f 3799/3799/7479 3863/3863/7479 3800/3800/7479
f 3800/3800/7480 3863/3863/7480 3864/3864/7480
f 3800/3800/7481 3864/3864/7481 3801/3801/7481
f 3801/3801/7482 3864/3864/7482 3865/3865/7482
f 3801/3801/7483 3865/3865/7483 3802/3802/7483
f 3802/3802/7484 3865/3865/7484 3866/3866/7484
f 3802/3802/7485 3866/3866/7485 3803/3803/7485
f 3803/3803/7486 3866/3866/7486 3867/3867/7486
f 3803/3803/7487 3867/3867/7487 3804/3804/7487
f 3804/3804/7488 3867/3867/7488 3868/3868/7488
f 3804/3804/7489 3868/3868/7489 3805/3805/7489
f 3805/3805/7490 3868/3868/7490 3869/3869/7490
f 3805/3805/7491 3869/3869/7491 3806/3806/7491
f 3806/3806/7492 3869/3869/7492 3870/3870/7492
f 3806/3806/7493 3870/3870/7493 3807/3807/7493
f 3807/3807/7494 3870/3870/7494 3871/3871/7494
f 3807/3807/7495 3871/3871/7495 3808/3808/7495
f 3808/3808/7496 3871/3871/7496 3872/3872/7496
f 3808/3808/7497 3872/3872/7497 3809/3809/7497
f 3809/3809/7498 3872/3872/7498 3873/3873/7498
f 3809/3809/7499 3873/3873/7499 3810/3810/7499
f 3810/3810/7500 3873/3873/7500 3874/3874/7500
f 3810/3810/7501 3874/3874/7501 3811/3811/7501
f 3811/3811/7502 3874/3874/7502 3875/3875/7502
f 3811/3811/7503 3875/3875/7503 3812/3812/7503
f 3812/3812/7504 3875/3875/7504 3876/3876/7504
f 3812/3812/7505 3876/3876/7505 3813/3813/7505
f 3813/3813/7506 3876/3876/7506 3877/3877/7506
f 3813/3813/7507 3877/3877/7507 3814/3814/7507
f 3814/3814/7508 3877/3877/7508 3878/3878/7508
f 3814/3814/7509 3878/3878/7509 3815/3815/7509
f 3815/3815/7510 3878/3878/7510 3879/3879/7510
f 3815/3815/7511 3879/3879/7511 3816/3816/7511
f 3816/3816/7512 3879/3879/7512 3880/3880/7512
f 3816/3816/7513 3880/3880/7513 3817/3817/7513
f 3817/3817/7514 3880/3880/7514 3881/3881/7514
f 3817/3817/7515 3881/3881/7515 3818/3818/7515
f 3818/3818/7516 3881/3881/7516 3882/3882/7516
f 3818/3818/7517 3882/3882/7517 3819/3819/7517
f 3819/3819/7518 3882/3882/7518 3883/3883/7518
f 3819/3819/7519 3883/3883/7519 3820/3820/7519
f 3820/3820/7520 3883/3883/7520 3884/3884/7520
f 3820/3820/7521 3884/3884/7521 3821/3821/7521
f 3821/3821/7522 3884/3884/7522 3885/3885/7522
f 3821/3821/7523 3885/3885/7523 3822/3822/7523
f 3822/3822/7524 3885/3885/7524 3886/3886/7524
f 3822/3822/7525 3886/3886/7525 3823/3823/7525
f 3823/3823/7526 3886/3886/7526 3887/3887/7526
f 3823/3823/7527 3887/3887/7527 3824/3824/7527
f 3824/3824/7528 3887/3887/7528 3888/3888/7528
f 3824/3824/7529 3888/3888/7529 3825/3825/7529
f 3825/3825/7530 3888/3888/7530 3889/3889/7530
f 3825/3825/7531 3889/3889/7531 3826/3826/7531
f 3826/3826/7532 3889/3889/7532 3890/3890/7532
f 3826/3826/7533 3890/3890/7533 3827/3827/7533
f 3827/3827/7534 3890/3890/7534 3891/3891/7534
f 3827/3827/7535 3891/3891/7535 3828/3828/7535
f 3828/3828/7536 3891/3891/7536 3892/3892/7536
f 3828/3828/7537 3892/3892/7537 3829/3829/7537
f 3829/3829/7538 3892/3892/7538 3893/3893/7538
f 3829/3829/7539 3893/3893/7539 3830/3830/7539
f 3830/3830/7540 3893/3893/7540 3894/3894/7540
f 3830/3830/7541 3894/3894/7541 3831/3831/7541
f 3831/3831/7542 3894/3894/7542 3895/3895/7542
f 3831/3831/7543 3895/3895/7543 3832/3832/7543
f 3832/3832/7544 3895/3895/7544 3896/3896/7544
f 3832/3832/7545 3896/3896/7545 3833/3833/7545
f 3833/3833/7546 3896/3896/7546 3897/3897/7546
f 3833/3833/7547 3897/3897/7547 3834/3834/7547
f 3834/3834/7548 3897/3897/7548 3898/3898/7548
f 3834/3834/7549 3898/3898/7549 3835/3835/7549
f 3835/3835/7550 3898/3898/7550 3899/3899/7550
f 3835/3835/7551 3899/3899/7551 3836/3836/7551
f 3836/3836/7552 3899/3899/7552 3900/3900/7552
f 3836/3836/7553 3900/3900/7553 3837/3837/7553
f 3837/3837/7554 3900/3900/7554 3901/3901/7554
f 3837/3837/7555 3901/3901/7555 3838/3838/7555
f 3838/3838/7556 3901/3901/7556 3902/3902/7556
f 3838/3838/7557 3902/3902/7557 3839/3839/7557
f 3839/3839/7558 3902/3902/7558 3903/3903/7558
f 3839/3839/7559 3903/3903/7559 3840/3840/7559
f 3840/3840/7560 3903/3903/7560 3904/3904/7560
f 3841/3841/7561 3905/3905/7561 3842/3842/7561
f 3842/3842/7562 3905/3905/7562 3906/3906/7562
f 3842/3842/7563 3906/3906/7563 3843/3843/7563
f 3843/3843/7564 3906/3906/7564 3907/3907/7564
f 3843/3843/7565 3907/3907/7565 3844/3844/7565
f 3844/3844/7566 3907/3907/7566 3908/3908/7566
f 3844/3844/7567 3908/3908/7567 3845/3845/7567
f 3845/3845/7568 3908/3908/7568 3909/3909/7568
f 3845/3845/7569 3909/3909/7569 3846/3846/7569
f 3846/3846/7570 3909/3909/7570 3910/3910/7570
f 3846/3846/7571 3910/3910/7571 3847/3847/7571
f 3847/3847/7572 3910/3910/7572 3911/3911/7572
f 3847/3847/7573 3911/3911/7573 3848/3848/7573
f 3848/3848/7574 3911/3911/7574 3912/3912/7574
f 3848/3848/7575 3912/3912/7575 3849/3849/7575
f 3849/3849/7576 3912/3912/7576 3913/3913/7576
f 3849/3849/7577 3913/3913/7577 3850/3850/7577
f 3850/3850/7578 3913/3913/7578 3914/3914/7578
f 3850/3850/7579 3914/3914/7579 3851/3851/7579
f 3851/3851/7580 3914/3914/7580 3915/3915/7580
f 3851/3851/7581 3915/3915/7581 3852/3852/7581
f 3852/3852/7582 3915/3915/7582 3916/3916/7582
f 3852/3852/7583 3916/3916/7583 3853/3853/7583
f 3853/3853/7584 3916/3916/7584 3917/3917/7584
f 3853/3853/7585 3917/3917/7585 3854/3854/7585
f 3854/3854/7586 3917/3917/7586 3918/3918/7586
f 3854/3854/7587 3918/3918/7587 3855/3855/7587
f 3855/3855/7588 3918/3918/7588 3919/3919/7588
f 3855/3855/7589 3919/3919/7589 3856/3856/7589
f 3856/3856/7590 3919/3919/7590 3920/3920/7590
f 3856/3856/7591 3920/3920/7591 3857/3857/7591
f 3857/3857/7592 3920/3920/7592 3921/3921/7592
f 3857/3857/7593 3921/3921/7593 3858/3858/7593
f 3858/3858/7594 3921/3921/7594 3922/3922/7594
f 3858/3858/7595 3922/3922/7595 3859/3859/7595
f 3859/3859/7596 3922/3922/7596 3923/3923/7596
f 3859/3859/7597 3923/3923/7597 3860/3860/7597
f 3860/3860/7598 3923/3923/7598 3924/3924/7598
f 3860/3860/7599 3924/3924/7599 3861/3861/7599
f 3861/3861/7600 3924/3924/7600 3925/3925/7600
f 3861/3861/7601 3925/3925/7601 3862/3862/7601
f 3862/3862/7602 3925/3925/7602 3926/3926/7602
f 3862/3862/7603 3926/3926/7603 3863/3863/7603
f 3863/3863/7604 3926/3926/7604 3927/3927/7604
f 3863/3863/7605 3927/3927/7605 3864/3864/7605
f 3864/3864/7606 3927/3927/7606 3928/3928/7606
f 3864/3864/7607 3928/3928/7607 3865/3865/7607
f 3865/3865/7608 3928/3928/7608 3929/3929/7608
f 3865/3865/7609 3929/3929/7609 3866/3866/7609
f 3866/3866/7610 3929/3929/7610 3930/3930/7610
f 3866/3866/7611 3930/3930/7611 3867/3867/7611
f 3867/3867/7612 3930/3930/7612 3931/3931/7612
f 3867/3867/7613 3931/3931/7613 3868/3868/7613
f 3868/3868/7614 3931/3931/7614 3932/3932/7614
f 3868/3868/7615 3932/3932/7615 3869/3869/7615
f 3869/3869/7616 3932/3932/7616 3933/3933/7616
f 3869/3869/7617 3933/3933/7617 3870/3870/7617
f 3870/3870/7618 3933/3933/7618 3934/3934/7618
f 3870/3870/7619 3934/3934/7619 3871/3871/7619
f 3871/3871/7620 3934/3934/7620 3935/3935/7620
f 3871/3871/7621 3935/3935/7621 3872/3872/7621
f 3872/3872/7622 3935/3935/7622 3936/3936/7622
f 3872/3872/7623 3936/3936/7623 3873/3873/7623
f 3873/3873/7624 3936/3936/7624 3937/3937/7624
f 3873/3873/7625 3937/3937/7625 3874/3874/7625
f 3874/3874/7626 3937/3937/7626 3938/3938/7626
f 3874/3874/7627 3938/3938/7627 3875/3875/7627
f 3875/3875/7628 3938/3938/7628 3939/3939/7628
f 3875/3875/7629 3939/3939/7629 3876/3876/7629
f 3876/3876/7630 3939/3939/7630 3940/3940/7630
f 3876/3876/7631 3940/3940/7631 3877/3877/7631
f 3877/3877/7632 3940/3940/7632 3941/3941/7632
f 3877/3877/7633 3941/3941/7633 3878/3878/7633
f 3878/3878/7634 3941/3941/7634 3942/3942/7634
f 3878/3878/7635 3942/3942/7635 3879/3879/7635
f 3879/3879/7636 3942/3942/7636 3943/3943/7636
f 3879/3879/7637 3943/3943/7637 3880/3880/7637
f 3880/3880/7638 3943/3943/7638 3944/3944/7638
f 3880/3880/7639 3944/3944/7639 3881/3881/7639
f 3881/3881/7640 3944/3944/7640 3945/3945/7640
f 3881/3881/7641 3945/3945/7641 3882/3882/7641
f 3882/3882/7642 3945/3945/7642 3946/3946/7642
f 3882/3882/7643 3946/3946/7643 3883/3883/7643
f 3883/3883/7644 3946/3946/7644 3947/3947/7644
f 3883/3883/7645 3947/3947/7645 3884/3884/7645
f 3884/3884/7646 3947/3947/7646 3948/3948/7646
f 3884/3884/7647 3948/3948/7647 3885/3885/7647
f 3885/3885/7648 3948/3948/7648 3949/3949/7648
f 3885/3885/7649 3949/3949/7649 3886/3886/7649
f 3886/3886/7650 3949/3949/7650 3950/3950/7650
f 3886/3886/7651 3950/3950/7651 3887/3887/7651
f 3887/3887/7652 3950/3950/7652 3951/3951/7652
f 3887/3887/7653 3951/3951/7653 3888/3888/7653
f 3888/3888/7654 3951/3951/7654 3952/3952/7654
f 3888/3888/7655 3952/3952/7655 3889/3889/7655
f 3889/3889/7656 3952/3952/7656 3953/3953/7656
f 3889/3889/7657 3953/3953/7657 3890/3890/7657
f 3890/3890/7658 3953/3953/7658 3954/3954/7658
f 3890/3890/7659 3954/3954/7659 3891/3891/7659
f 3891/3891/7660 3954/3954/7660 3955/3955/7660
f 3891/3891/7661 3955/3955/7661 3892/3892/7661
f 3892/3892/7662 3955/3955/7662 3956/3956/7662
f 3892/3892/7663 3956/3956/7663 3893/3893/7663
f 3893/3893/7664 3956/3956/7664 3957/3957/7664
f 3893/3893/7665 3957/3957/7665 3894/3894/7665
f 3894/3894/7666 3957/3957/7666 3958/3958/7666
f 3894/3894/7667 3958/3958/7667 3895/3895/7667
f 3895/3895/7668 3958/3958/7668 3959/3959/7668
f 3895/3895/7669 3959/3959/7669 3896/3896/7669
f 3896/3896/7670 3959/3959/7670 3960/3960/7670
f 3896/3896/7671 3960/3960/7671 3897/3897/7671
f 3897/3897/7672 3960/3960/7672 3961/3961/7672
f 3897/3897/7673 3961/3961/7673 3898/3898/7673
f 3898/3898/7674 3961/3961/7674 3962/3962/7674
f 3898/3898/7675 3962/3962/7675 3899/3899/7675
f 3899/3899/7676 3962/3962/7676 3963/3963/7676
f 3899/3899/7677 3963/3963/7677 3900/3900/7677
f 3900/3900/7678 3963/3963/7678 3964/3964/7678
f 3900/3900/7679 3964/3964/7679 3901/3901/7679
f 3901/3901/7680 3964/3964/7680 3965/3965/7680
f 3901/3901/7681 3965/3965/7681 3902/3902/7681
f 3902/3902/7682 3965/3965/7682 3966/3966/7682
f 3902/3902/7683 3966/3966/7683 3903/3903/7683
f 3903/3903/7684 3966/3966/7684 3967/3967/7684
f 3903/3903/7685 3967/3967/7685 3904/3904/7685
f 3904/3904/7686 3967/3967/7686 3968/3968/7686
f 3905/3905/7687 3969/3969/7687 3906/3906/7687
f 3906/3906/7688 3969/3969/7688 3970/3970/7688
f 3906/3906/7689 3970/3970/7689 3907/3907/7689
f 3907/3907/7690 3970/3970/7690 3971/3971/7690
f 3907/3907/7691 3971/3971/7691 3908/3908/7691
f 3908/3908/7692 3971/3971/7692 3972/3972/7692
f 3908/3908/7693 3972/3972/7693 3909/3909/7693
f 3909/3909/7694 3972/3972/7694 3973/3973/7694
f 3909/3909/7695 3973/3973/7695 3910/3910/7695
f 3910/3910/7696 3973/3973/7696 3974/3974/7696
f 3910/3910/7697 3974/3974/7697 3911/3911/7697
f 3911/3911/7698 3974/3974/7698 3975/3975/7698
f 3911/3911/7699 3975/3975/7699 3912/3912/7699
f 3912/3912/7700 3975/3975/7700 3976/3976/7700
f 3912/3912/7701 3976/3976/7701 3913/3913/7701
f 3913/3913/7702 3976/3976/7702 3977/3977/7702
f 3913/3913/7703 3977/3977/7703 3914/3914/7703
f 3914/3914/7704 3977/3977/7704 3978/3978/7704
f 3914/3914/7705 3978/3978/7705 3915/3915/7705
f 3915/3915/7706 3978/3978/7706 3979/3979/7706
f 3915/3915/7707 3979/3979/7707 3916/3916/7707
f 3916/3916/7708 3979/3979/7708 3980/3980/7708
f 3916/3916/7709 3980/3980/7709 3917/3917/7709
f 3917/3917/7710 3980/3980/7710 3981/3981/7710
f 3917/3917/7711 3981/3981/7711 3918/3918/7711
f 3918/3918/7712 3981/3981/7712 3982/3982/7712
f 3918/3918/7713 3982/3982/7713 3919/3919/7713
f 3919/3919/7714 3982/3982/7714 3983/3983/7714
f 3919/3919/7715 3983/3983/7715 3920/3920/7715
f 3920/3920/7716 3983/3983/7716 3984/3984/7716
f 3920/3920/7717 3984/3984/7717 3921/3921/7717
f 3921/3921/7718 3984/3984/7718 3985/3985/7718
f 3921/3921/7719 3985/3985/7719 3922/3922/7719
f 3922/3922/7720 3985/3985/7720 3986/3986/7720
f 3922/3922/7721 3986/3986/7721 3923/3923/7721
f 3923/3923/7722 3986/3986/7722 3987/3987/7722
f 3923/3923/7723 3987/3987/7723 3924/3924/7723
f 3924/3924/7724 3987/3987/7724 3988/3988/7724
f 3924/3924/7725 3988/3988/7725 3925/3925/7725
f 3925/3925/7726 3988/3988/7726 3989/3989/7726
f 3925/3925/7727 3989/3989/7727 3926/3926/7727
f 3926/3926/7728 3989/3989/7728 3990/3990/7728
f 3926/3926/7729 3990/3990/7729 3927/3927/7729
f 3927/3927/7730 3990/3990/7730 3991/3991/7730
f 3927/3927/7731 3991/3991/7731 3928/3928/7731
f 3928/3928/7732 3991/3991/7732 3992/3992/7732
f 3928/3928/7733 3992/3992/7733 3929/3929/7733
f 3929/3929/7734 3992/3992/7734 3993/3993/7734
f 3929/3929/7735 3993/3993/7735 3930/3930/7735
f 3930/3930/7736 3993/3993/7736 3994/3994/7736
f 3930/3930/7737 3994/3994/7737 3931/3931/7737
f 3931/3931/7738 3994/3994/7738 3995/3995/7738
f 3931/3931/7739 3995/3995/7739 3932/3932/7739
f 3932/3932/7740 3995/3995/7740 3996/3996/7740
f 3932/3932/7741 3996/3996/7741 3933/3933/7741
f 3933/3933/7742 3996/3996/7742 3997/3997/7742
f 3933/3933/7743 3997/3997/7743 3934/3934/7743
f 3934/3934/7744 3997/3997/7744 3998/3998/7744
f 3934/3934/7745 3998/3998/7745 3935/3935/7745
f 3935/3935/7746 3998/3998/7746 3999/3999/7746
f 3935/3935/7747 3999/3999/7747 3936/3936/7747
f 3936/3936/7748 3999/3999/7748 4000/4000/7748
f 3936/3936/7749 4000/4000/7749 3937/3937/7749
f 3937/3937/7750 4000/4000/7750 4001/4001/7750
f 3937/3937/7751 4001/4001/7751 3938/3938/7751
f 3938/3938/7752 4001/4001/7752 4002/4002/7752
f 3938/3938/7753 4002/4002/7753 3939/3939/7753
f 3939/3939/7754 4002/4002/7754 4003/4003/7754
f 3939/3939/7755 4003/4003/7755 3940/3940/7755
f 3940/3940/7756 4003/4003/7756 4004/4004/7756
f 3940/3940/7757 4004/4004/7757 3941/3941/7757
f 3941/3941/7758 4004/4004/7758 4005/4005/7758
f 3941/3941/7759 4005/4005/7759 3942/3942/7759
f 3942/3942/7760 4005/4005/7760 4006/4006/7760
f 3942/3942/7761 4006/4006/7761 3943/3943/7761
f 3943/3943/7762 4006/4006/7762 4007/4007/7762
f 3943/3943/7763 4007/4007/7763 3944/3944/7763
f 3944/3944/7764 4007/4007/7764 4008/4008/7764
f 3944/3944/7765 4008/4008/7765 3945/3945/7765
f 3945/3945/7766 4008/4008/7766 4009/4009/7766
f 3945/3945/7767 4009/4009/7767 3946/3946/7767
f 3946/3946/7768 4009/4009/7768 4010/4010/7768
f 3946/3946/7769 4010/4010/7769 3947/3947/7769
f 3947/3947/7770 4010/4010/7770 4011/4011/7770
f 3947/3947/7771 4011/4011/7771 3948/3948/7771
f 3948/3948/7772 4011/4011/7772 4012/4012/7772
f 3948/3948/7773 4012/4012/7773 3949/3949/7773
f 3949/3949/7774 4012/4012/7774 4013/4013/7774
f 3949/3949/7775 4013/4013/7775 3950/3950/7775
f 3950/3950/7776 4013/4013/7776 4014/4014/7776
f 3950/3950/7777 4014/4014/7777 3951/3951/7777
f 3951/3951/7778 4014/4014/7778 4015/4015/7778
f 3951/3951/7779 4015/4015/7779 3952/3952/7779
f 3952/3952/7780 4015/4015/7780 4016/4016/7780
f 3952/3952/7781 4016/4016/7781 3953/3953/7781
f 3953/3953/7782 4016/4016/7782 4017/4017/7782
f 3953/3953/7783 4017/4017/7783 3954/3954/7783
f 3954/3954/7784 4017/4017/7784 4018/4018/7784
f 3954/3954/7785 4018/4018/7785 3955/3955/7785
f 3955/3955/7786 4018/4018/7786 4019/4019/7786
f 3955/3955/7787 4019/4019/7787 3956/3956/7787
f 3956/3956/7788 4019/4019/7788 4020/4020/7788
f 3956/3956/7789 4020/4020/7789 3957/3957/7789
f 3957/3957/7790 4020/4020/7790 4021/4021/7790
f 3957/3957/7791 4021/4021/7791 3958/3958/7791
f 3958/3958/7792 4021/4021/7792 4022/4022/7792
f 3958/3958/7793 4022/4022/7793 3959/3959/7793
f 3959/3959/7794 4022/4022/7794 4023/4023/7794
f 3959/3959/7795 4023/4023/7795 3960/3960/7795
f 3960/3960/7796 4023/4023/7796 4024/4024/7796
f 3960/3960/7797 4024/4024/7797 3961/3961/7797
f 3961/3961/7798 4024/4024/7798 4025/4025/7798
f 3961/3961/7799 4025/4025/7799 3962/3962/7799
f 3962/3962/7800 4025/4025/7800 4026/4026/7800
f 3962/3962/7801 4026/4026/7801 3963/3963/7801
f 3963/3963/7802 4026/4026/7802 4027/4027/7802
f 3963/3963/7803 4027/4027/7803 3964/3964/7803
f 3964/3964/7804 4027/4027/7804 4028/4028/7804
f 3964/3964/7805 4028/4028/7805 3965/3965/7805
f 3965/3965/7806 4028/4028/7806 4029/4029/7806
f 3965/3965/7807 4029/4029/7807 3966/3966/7807
f 3966/3966/7808 4029/4029/7808 4030/4030/7808
f 3966/3966/7809 4030/4030/7809 3967/3967/7809
f 3967/3967/7810 4030/4030/7810 4031/4031/7810
f 3967/3967/7811 4031/4031/7811 3968/3968/7811
f 3968/3968/7812 4031/4031/7812 4032/4032/7812
f 3969/3969/7813 4033/4033/7813 3970/3970/7813
f 3970/3970/7814 4033/4033/7814 4034/4034/7814
f 3970/3970/7815 4034/4034/7815 3971/3971/7815
f 3971/3971/7816 4034/4034/7816 4035/4035/7816
f 3971/3971/7817 4035/4035/7817 3972/3972/7817
f 3972/3972/7818 4035/4035/7818 4036/4036/7818
f 3972/3972/7819 4036/4036/7819 3973/3973/7819
f 3973/3973/7820 4036/4036/7820 4037/4037/7820
f 3973/3973/7821 4037/4037/7821 3974/3974/7821
f 3974/3974/7822 4037/4037/7822 4038/4038/7822
f 3974/3974/7823 4038/4038/7823 3975/3975/7823
f 3975/3975/7824 4038/4038/7824 4039/4039/7824
f 3975/3975/7825 4039/4039/7825 3976/3976/7825
f 3976/3976/7826 4039/4039/7826 4040/4040/7826
f 3976/3976/7827 4040/4040/7827 3977/3977/7827
f 3977/3977/7828 4040/4040/7828 4041/4041/7828
f 3977/3977/7829 4041/4041/7829 3978/3978/7829
f 3978/3978/7830 4041/4041/7830 4042/4042/7830
f 3978/3978/7831 4042/4042/7831 3979/3979/7831
f 3979/3979/7832 4042/4042/7832 4043/4043/7832
f 3979/3979/7833 4043/4043/7833 3980/3980/7833
f 3980/3980/7834 4043/4043/7834 4044/4044/7834
f 3980/3980/7835 4044/4044/7835 3981/3981/7835
f 3981/3981/7836 4044/4044/7836 4045/4045/7836
f 3981/3981/7837 4045/4045/7837 3982/3982/7837
f 3982/3982/7838 4045/4045/7838 4046/4046/7838
f 3982/3982/7839 4046/4046/7839 3983/3983/7839
f 3983/3983/7840 4046/4046/7840 4047/4047/7840
f 3983/3983/7841 4047/4047/7841 3984/3984/7841
f 3984/3984/7842 4047/4047/7842 4048/4048/7842
f 3984/3984/7843 4048/4048/7843 3985/3985/7843
f 3985/3985/7844 4048/4048/7844 4049/4049/7844
f 3985/3985/7845 4049/4049/7845 3986/3986/7845
f 3986/3986/7846 4049/4049/7846 4050/4050/7846
f 3986/3986/7847 4050/4050/7847 3987/3987/7847
f 3987/3987/7848 4050/4050/7848 4051/4051/7848
f 3987/3987/7849 4051/4051/7849 3988/3988/7849
f 3988/3988/7850 4051/4051/7850 4052/4052/7850
f 3988/3988/7851 4052/4052/7851 3989/3989/7851
f 3989/3989/7852 4052/4052/7852 4053/4053/7852
f 3989/3989/7853 4053/4053/7853 3990/3990/7853
f 3990/3990/7854 4053/4053/7854 4054/4054/7854
f 3990/3990/7855 4054/4054/7855 3991/3991/7855
f 3991/3991/7856 4054/4054/7856 4055/4055/7856
f 3991/3991/7857 4055/4055/7857 3992/3992/7857
f 3992/3992/7858 4055/4055/7858 4056/4056/7858
f 3992/3992/7859 4056/4056/7859 3993/3993/7859
f 3993/3993/7860 4056/4056/7860 4057/4057/7860
f 3993/3993/7861 4057/4057/7861 3994/3994/7861
f 3994/3994/7862 4057/4057/7862 4058/4058/7862
f 3994/3994/7863 4058/4058/7863 3995/3995/7863
f 3995/3995/7864 4058/4058/7864 4059/4059/7864
f 3995/3995/7865 4059/4059/7865 3996/3996/7865
f 3996/3996/7866 4059/4059/7866 4060/4060/7866
f 3996/3996/7867 4060/4060/7867 3997/3997/7867
f 3997/3997/7868 4060/4060/7868 4061/4061/7868
f 3997/3997/7869 4061/4061/7869 3998/3998/7869
f 3998/3998/7870 4061/4061/7870 4062/4062/7870
f 3998/3998/7871 4062/4062/7871 3999/3999/7871
f 3999/3999/7872 4062/4062/7872 4063/4063/7872
f 3999/3999/7873 4063/4063/7873 4000/4000/7873
f 4000/4000/7874 4063/4063/7874 4064/4064/7874
f 4000/4000/7875 4064/4064/7875 4001/4001/7875
f 4001/4001/7876 4064/4064/7876 4065/4065/7876
f 4001/4001/7877 4065/4065/7877 4002/4002/7877
f 4002/4002/7878 4065/4065/7878 4066/4066/7878
f 4002/4002/7879 4066/4066/7879 4003/4003/7879
f 4003/4003/7880 4066/4066/7880 4067/4067/7880
f 4003/4003/7881 4067/4067/7881 4004/4004/7881
f 4004/4004/7882 4067/4067/7882 4068/4068/7882
f 4004/4004/7883 4068/4068/7883 4005/4005/7883
f 4005/4005/7884 4068/4068/7884 4069/4069/7884
f 4005/4005/7885 4069/4069/7885 4006/4006/7885
f 4006/4006/7886 4069/4069/7886 4070/4070/7886
f 4006/4006/7887 4070/4070/7887 4007/4007/7887
f 4007/4007/7888 4070/4070/7888 4071/4071/7888
f 4007/4007/7889 4071/4071/7889 4008/4008/7889
f 4008/4008/7890 4071/4071/7890 4072/4072/7890
f 4008/4008/7891 4072/4072/7891 4009/4009/7891
f 4009/4009/7892 4072/4072/7892 4073/4073/7892
f 4009/4009/7893 4073/4073/7893 4010/4010/7893
f 4010/4010/7894 4073/4073/7894 4074/4074/7894
f 4010/4010/7895 4074/4074/7895 4011/4011/7895
f 4011/4011/7896 4074/4074/7896 4075/4075/7896
f 4011/4011/7897 4075/4075/7897 4012/4012/7897
f 4012/4012/7898 4075/4075/7898 4076/4076/7898
f 4012/4012/7899 4076/4076/7899 4013/4013/7899
f 4013/4013/7900 4076/4076/7900 4077/4077/7900
f 4013/4013/7901 4077/4077/7901 4014/4014/7901
f 4014/4014/7902 4077/4077/7902 4078/4078/7902
f 4014/4014/7903 4078/4078/7903 4015/4015/7903
f 4015/4015/7904 4078/4078/7904 4079/4079/7904
f 4015/4015/7905 4079/4079/7905 4016/4016/7905
f 4016/4016/7906 4079/4079/7906 4080/4080/7906
f 4016/4016/7907 4080/4080/7907 4017/4017/7907
f 4017/4017/7908 4080/4080/7908 4081/4081/7908
f 4017/4017/7909 4081/4081/7909 4018/4018/7909
f 4018/4018/7910 4081/4081/7910 4082/4082/7910
f 4018/4018/7911 4082/4082/7911 4019/4019/7911
f 4019/4019/7912 4082/4082/7912 4083/4083/7912
f 4019/4019/7913 4083/4083/7913 4020/4020/7913
f 4020/4020/7914 4083/4083/7914 4084/4084/7914
f 4020/4020/7915 4084/4084/7915 4021/4021/7915
f 4021/4021/7916 4084/4084/7916 4085/4085/7916
f 4021/4021/7917 4085/4085/7917 4022/4022/7917
f 4022/4022/7918 4085/4085/7918 4086/4086/7918
f 4022/4022/7919 4086/4086/7919 4023/4023/7919
f 4023/4023/7920 4086/4086/7920 4087/4087/7920
f 4023/4023/7921 4087/4087/7921 4024/4024/7921
f 4024/4024/7922 4087/4087/7922 4088/4088/7922
f 4024/4024/7923 4088/4088/7923 4025/4025/7923
f 4025/4025/7924 4088/4088/7924 4089/4089/7924
f 4025/4025/7925 4089/4089/7925 4026/4026/7925
f 4026/4026/7926 4089/4089/7926 4090/4090/7926
f 4026/4026/7927 4090/4090/7927 4027/4027/7927
f 4027/4027/7928 4090/4090/7928 4091/4091/7928
f 4027/4027/7929 4091/4091/7929 4028/4028/7929
f 4028/4028/7930 4091/4091/7930 4092/4092/7930
f 4028/4028/7931 4092/4092/7931 4029/4029/7931
f 4029/4029/7932 4092/4092/7932 4093/4093/7932
f 4029/4029/7933 4093/4093/7933 4030/4030/7933
f 4030/4030/7934 4093/4093/7934 4094/4094/7934
f 4030/4030/7935 4094/4094/7935 4031/4031/7935
f 4031/4031/7936 4094/4094/7936 4095/4095/7936
f 4031/4031/7937 4095/4095/7937 4032/4032/7937
f 4032/4032/7938 4095/4095/7938 4096/4096/7938
